Invoice,StockCode,Description,Quantity,InvoiceDate,Price,Customer ID
INV126225,S0003,PARTY BUNTING,9,2024-05-05,11.55,10103
INV809570,S0003,PARTY BUNTING,18,2024-02-14,29.73,10271
INV131244,S0001,REGENCY CAKESTAND 3 TIER,3,2024-04-21,12.02,10107
INV127824,S0019,MINI PAINT SET VINTAGE,18,2024-04-11,35.94,10072
INV539898,S0017,PAPER CHAIN KIT 50S CHRISTMAS,8,2024-08-17,29.67,10189
INV895667,S0000,WHITE HANGING HEART T-LIGHT HOLDER,6,2024-12-23,21.42,10021
INV263032,S0008,CREAM CUPID HEARTS COAT HANGER,7,2024-06-21,5.56,10103
INV201414,S0012,SPOTTY BUNTING,12,2024-06-25,30.38,10122
INV865179,S0001,REGENCY CAKESTAND 3 TIER,15,2024-10-01,6.68,10215
INV182627,S0012,SPOTTY BUNTING,18,2024-05-30,41.56,10088
INV479201,S0019,MINI PAINT SET VINTAGE,19,2024-04-08,35.38,10100
INV793384,S0001,REGENCY CAKESTAND 3 TIER,8,2024-05-28,49.27,10152
INV205907,S0007,KNITTED UNION FLAG HOT WATER BOTTLE,13,2024-05-22,22.94,10131
INV270555,S0011,ALARM CLOCK BAKELIKE GREEN,12,2024-06-30,10.87,10150
INV835911,S0008,CREAM CUPID HEARTS COAT HANGER,3,2024-11-07,31.93,10258
INV864544,S0017,PAPER CHAIN KIT 50S CHRISTMAS,8,2024-03-24,23.38,10294
INV771088,S0008,CREAM CUPID HEARTS COAT HANGER,18,2024-04-22,34.39,10192
INV340174,S0001,REGENCY CAKESTAND 3 TIER,2,2024-06-10,20.36,10277
INV321231,S0002,JUMBO BAG RED RETROSPOT,19,2024-06-10,11.03,10161
INV514850,S0015,SET 2 TEA TOWELS I LOVE LONDON,15,2024-03-14,13.61,10022
INV881177,S0007,KNITTED UNION FLAG HOT WATER BOTTLE,18,2024-10-02,13.51,10253
INV549245,S0018,BROCADE RING PURSE,19,2024-07-23,18.42,10236
INV634277,S0004,LUNCH BAG RED RETROSPOT,16,2024-02-16,37.91,10049
INV260265,S0003,PARTY BUNTING,6,2024-12-14,21.4,10059
INV503457,S0002,JUMBO BAG RED RETROSPOT,13,2024-11-01,49.81,10170
INV363626,S0016,VINTAGE BILLBOARD DRINK ME MUG,18,2024-01-06,34.17,10188
INV814825,S0003,PARTY BUNTING,18,2024-05-16,38.55,10271
INV216970,S0010,RED WOOLLY HOTTIE WHITE HEART,10,2024-08-10,8.33,10190
INV857168,S0000,WHITE HANGING HEART T-LIGHT HOLDER,9,2024-09-13,38.22,10175
INV211579,S0016,VINTAGE BILLBOARD DRINK ME MUG,10,2024-11-23,25.63,10051
INV260263,S0006,WOODEN PICTURE FRAME WHITE FINISH,12,2024-03-23,27.2,10055
INV100599,S0016,VINTAGE BILLBOARD DRINK ME MUG,20,2024-06-14,24.69,10244
INV480612,S0003,PARTY BUNTING,10,2024-05-02,3.37,10131
INV182582,S0018,BROCADE RING PURSE,3,2024-09-05,40.89,10135
INV903035,S0017,PAPER CHAIN KIT 50S CHRISTMAS,5,2024-03-06,33.16,10021
INV273148,S0017,PAPER CHAIN KIT 50S CHRISTMAS,9,2024-09-27,43.69,10167
INV322086,S0013,BATH BUILDING BLOCK WORD,18,2024-12-19,10.46,10274
INV518373,S0009,JAM MAKING SET WITH JARS,12,2024-08-12,45.03,10089
INV226882,S0014,DOORMAT NEW ENGLAND,8,2024-04-25,3.67,10014
INV716886,S0000,WHITE HANGING HEART T-LIGHT HOLDER,18,2024-04-27,29.63,10242
INV174441,S0000,WHITE HANGING HEART T-LIGHT HOLDER,2,2024-04-27,3.84,10265
INV446479,S0001,REGENCY CAKESTAND 3 TIER,3,2024-09-20,12.28,10053
INV324643,S0015,SET 2 TEA TOWELS I LOVE LONDON,18,2024-03-08,36.31,10092
INV704201,S0018,BROCADE RING PURSE,16,2024-05-04,39.34,10264
INV299659,S0013,BATH BUILDING BLOCK WORD,4,2024-02-19,33.12,10035
INV544154,S0011,ALARM CLOCK BAKELIKE GREEN,14,2024-08-27,43.26,10206
INV806073,S0001,REGENCY CAKESTAND 3 TIER,4,2024-02-01,20.43,10081
INV939482,S0010,RED WOOLLY HOTTIE WHITE HEART,4,2024-05-07,9.98,10050
INV570405,S0017,PAPER CHAIN KIT 50S CHRISTMAS,5,2024-08-04,9.58,10002
INV361941,S0014,DOORMAT NEW ENGLAND,3,2024-08-14,40.5,10054
INV202664,S0017,PAPER CHAIN KIT 50S CHRISTMAS,2,2024-11-29,49.96,10106
INV197793,S0000,WHITE HANGING HEART T-LIGHT HOLDER,8,2024-03-26,20.62,10260
INV324130,S0015,SET 2 TEA TOWELS I LOVE LONDON,13,2024-01-31,8.65,10191
INV509386,S0000,WHITE HANGING HEART T-LIGHT HOLDER,9,2024-08-20,14.62,10218
INV794022,S0017,PAPER CHAIN KIT 50S CHRISTMAS,16,2024-03-20,9.9,10044
INV161324,S0006,WOODEN PICTURE FRAME WHITE FINISH,19,2024-10-04,3.52,10162
INV159942,S0010,RED WOOLLY HOTTIE WHITE HEART,2,2024-10-26,24.1,10202
INV265080,S0016,VINTAGE BILLBOARD DRINK ME MUG,2,2024-09-17,4.47,10270
INV171849,S0005,SET OF 3 CAKE TINS PANTRY DESIGN,20,2024-02-04,33.92,10271
INV523389,S0007,KNITTED UNION FLAG HOT WATER BOTTLE,4,2024-10-18,12.69,10215
INV141672,S0019,MINI PAINT SET VINTAGE,20,2024-02-11,21.25,10252
INV692683,S0018,BROCADE RING PURSE,17,2024-06-10,46.77,10190
INV802258,S0006,WOODEN PICTURE FRAME WHITE FINISH,11,2024-05-02,13.65,10296
INV804318,S0004,LUNCH BAG RED RETROSPOT,10,2024-08-22,16.15,10213
INV109767,S0002,JUMBO BAG RED RETROSPOT,15,2024-11-14,49.92,10208
INV176819,S0003,PARTY BUNTING,18,2024-04-19,25.54,10237
INV465962,S0004,LUNCH BAG RED RETROSPOT,3,2024-05-05,18.79,10053
INV559469,S0005,SET OF 3 CAKE TINS PANTRY DESIGN,18,2024-12-26,15.47,10280
INV108203,S0016,VINTAGE BILLBOARD DRINK ME MUG,18,2024-06-02,46.62,10217
INV240814,S0003,PARTY BUNTING,9,2024-02-29,44.54,10252
INV262998,S0017,PAPER CHAIN KIT 50S CHRISTMAS,9,2024-05-24,30.44,10188
INV313487,S0010,RED WOOLLY HOTTIE WHITE HEART,9,2024-09-15,24.68,10041
INV196781,S0001,REGENCY CAKESTAND 3 TIER,14,2024-05-21,2.68,10157
INV908577,S0010,RED WOOLLY HOTTIE WHITE HEART,5,2024-11-22,49.0,10015
INV877236,S0005,SET OF 3 CAKE TINS PANTRY DESIGN,15,2024-10-09,35.43,10065
INV110139,S0017,PAPER CHAIN KIT 50S CHRISTMAS,4,2024-02-08,47.28,10009
INV672092,S0004,LUNCH BAG RED RETROSPOT,2,2024-07-08,29.33,10129
INV550664,S0004,LUNCH BAG RED RETROSPOT,5,2024-01-22,15.76,10136
INV475190,S0001,REGENCY CAKESTAND 3 TIER,7,2024-12-15,12.85,10063
INV470858,S0003,PARTY BUNTING,18,2024-07-27,48.7,10139
INV348237,S0004,LUNCH BAG RED RETROSPOT,6,2024-03-31,44.13,10081
INV288073,S0000,WHITE HANGING HEART T-LIGHT HOLDER,11,2024-07-29,40.21,10163
INV379766,S0007,KNITTED UNION FLAG HOT WATER BOTTLE,6,2024-12-25,5.85,10289
INV593554,S0001,REGENCY CAKESTAND 3 TIER,8,2024-04-12,40.92,10261
INV466643,S0014,DOORMAT NEW ENGLAND,10,2024-04-26,11.53,10231
INV517821,S0006,WOODEN PICTURE FRAME WHITE FINISH,11,2024-05-22,43.29,10041
INV468203,S0008,CREAM CUPID HEARTS COAT HANGER,17,2024-07-23,34.14,10028
INV447235,S0017,PAPER CHAIN KIT 50S CHRISTMAS,1,2024-02-29,43.91,10135
INV287241,S0008,CREAM CUPID HEARTS COAT HANGER,19,2024-05-15,2.39,10201
INV555673,S0019,MINI PAINT SET VINTAGE,12,2024-06-09,22.1,10268
INV221263,S0016,VINTAGE BILLBOARD DRINK ME MUG,13,2024-10-22,9.91,10033
INV843215,S0001,REGENCY CAKESTAND 3 TIER,14,2024-01-01,26.24,10048
INV820221,S0017,PAPER CHAIN KIT 50S CHRISTMAS,7,2024-07-05,21.85,10062
INV753425,S0010,RED WOOLLY HOTTIE WHITE HEART,11,2024-12-05,42.48,10216
INV631756,S0009,JAM MAKING SET WITH JARS,10,2024-12-07,20.72,10293
INV831076,S0012,SPOTTY BUNTING,10,2024-10-10,6.8,10099
INV797229,S0013,BATH BUILDING BLOCK WORD,13,2024-12-12,37.53,10172
INV745414,S0005,SET OF 3 CAKE TINS PANTRY DESIGN,19,2024-06-03,20.6,10214
INV418635,S0000,WHITE HANGING HEART T-LIGHT HOLDER,10,2024-04-17,21.78,10035
INV736130,S0018,BROCADE RING PURSE,11,2024-08-26,22.37,10227
INV636004,S0006,WOODEN PICTURE FRAME WHITE FINISH,16,2024-03-27,33.11,10101
INV640490,S0009,JAM MAKING SET WITH JARS,20,2024-06-20,5.12,10131
INV805477,S0007,KNITTED UNION FLAG HOT WATER BOTTLE,10,2024-04-25,40.42,10257
INV125611,S0004,LUNCH BAG RED RETROSPOT,2,2024-05-05,49.2,10005
INV991014,S0019,MINI PAINT SET VINTAGE,3,2024-08-21,21.01,10218
INV303880,S0018,BROCADE RING PURSE,13,2024-09-10,20.28,10255
INV787926,S0004,LUNCH BAG RED RETROSPOT,1,2024-02-24,39.03,10283
INV284430,S0007,KNITTED UNION FLAG HOT WATER BOTTLE,17,2024-08-25,2.99,10207
INV989545,S0007,KNITTED UNION FLAG HOT WATER BOTTLE,4,2024-08-21,7.1,10015
INV800005,S0014,DOORMAT NEW ENGLAND,17,2024-10-13,29.97,10042
INV742412,S0014,DOORMAT NEW ENGLAND,17,2024-08-06,41.61,10179
INV567574,S0017,PAPER CHAIN KIT 50S CHRISTMAS,6,2024-08-31,22.78,10063
INV980660,S0007,KNITTED UNION FLAG HOT WATER BOTTLE,9,2024-09-23,24.49,10231
INV387936,S0007,KNITTED UNION FLAG HOT WATER BOTTLE,15,2024-02-09,35.82,10241
INV384913,S0007,KNITTED UNION FLAG HOT WATER BOTTLE,11,2024-06-12,44.7,10052
INV245095,S0002,JUMBO BAG RED RETROSPOT,5,2024-04-28,19.46,10096
INV840734,S0004,LUNCH BAG RED RETROSPOT,7,2024-02-02,21.04,10222
INV668969,S0010,RED WOOLLY HOTTIE WHITE HEART,15,2024-07-31,3.58,10231
INV508396,S0013,BATH BUILDING BLOCK WORD,19,2024-12-22,1.47,10237
INV498858,S0018,BROCADE RING PURSE,16,2024-01-04,47.17,10143
INV890075,S0009,JAM MAKING SET WITH JARS,13,2024-08-02,27.14,10171
INV938722,S0017,PAPER CHAIN KIT 50S CHRISTMAS,20,2024-04-22,24.67,10029
INV557007,S0008,CREAM CUPID HEARTS COAT HANGER,16,2024-01-15,19.75,10036
INV859359,S0012,SPOTTY BUNTING,6,2024-08-27,46.02,10013
INV660069,S0019,MINI PAINT SET VINTAGE,1,2024-07-20,29.8,10160
INV188025,S0000,WHITE HANGING HEART T-LIGHT HOLDER,14,2024-03-10,43.41,10187
INV152727,S0005,SET OF 3 CAKE TINS PANTRY DESIGN,9,2024-07-13,16.7,10243
INV442722,S0014,DOORMAT NEW ENGLAND,11,2024-07-13,14.27,10086
INV364525,S0013,BATH BUILDING BLOCK WORD,3,2024-08-28,1.46,10284
INV154615,S0017,PAPER CHAIN KIT 50S CHRISTMAS,12,2024-04-24,32.68,10066
INV890870,S0001,REGENCY CAKESTAND 3 TIER,1,2024-05-06,10.37,10170
INV751517,S0000,WHITE HANGING HEART T-LIGHT HOLDER,5,2024-05-02,6.75,10045
INV691364,S0003,PARTY BUNTING,7,2024-08-26,35.12,10062
INV275939,S0011,ALARM CLOCK BAKELIKE GREEN,20,2024-11-06,48.2,10134
INV915573,S0003,PARTY BUNTING,6,2024-06-08,5.85,10284
INV427110,S0000,WHITE HANGING HEART T-LIGHT HOLDER,19,2024-12-12,45.45,10028
INV515922,S0012,SPOTTY BUNTING,7,2024-02-08,29.81,10108
INV206851,S0007,KNITTED UNION FLAG HOT WATER BOTTLE,10,2024-12-16,30.22,10044
INV934904,S0003,PARTY BUNTING,19,2024-01-22,17.69,10286
INV793655,S0013,BATH BUILDING BLOCK WORD,12,2024-02-05,25.55,10128
INV113266,S0010,RED WOOLLY HOTTIE WHITE HEART,14,2024-09-07,5.72,10231
INV766459,S0011,ALARM CLOCK BAKELIKE GREEN,15,2024-12-28,8.07,10190
INV869440,S0005,SET OF 3 CAKE TINS PANTRY DESIGN,17,2024-11-29,13.87,10225
INV912270,S0017,PAPER CHAIN KIT 50S CHRISTMAS,16,2024-08-26,22.06,10283
INV381433,S0018,BROCADE RING PURSE,11,2024-05-05,41.62,10121
INV392477,S0002,JUMBO BAG RED RETROSPOT,15,2024-05-04,37.65,10116
INV739979,S0018,BROCADE RING PURSE,13,2024-06-21,1.92,10233
INV290672,S0010,RED WOOLLY HOTTIE WHITE HEART,16,2024-04-18,18.06,10259
INV456871,S0008,CREAM CUPID HEARTS COAT HANGER,9,2024-11-01,35.21,10198
INV682789,S0008,CREAM CUPID HEARTS COAT HANGER,1,2024-09-21,47.43,10137
INV353080,S0002,JUMBO BAG RED RETROSPOT,14,2024-09-07,27.98,10165
INV824156,S0007,KNITTED UNION FLAG HOT WATER BOTTLE,16,2024-11-26,35.74,10225
INV931450,S0014,DOORMAT NEW ENGLAND,1,2024-02-17,15.06,10234
INV825391,S0012,SPOTTY BUNTING,8,2024-06-05,33.37,10172
INV596249,S0011,ALARM CLOCK BAKELIKE GREEN,18,2024-09-28,17.52,10152
INV446859,S0017,PAPER CHAIN KIT 50S CHRISTMAS,12,2024-12-25,22.96,10160
INV363615,S0009,JAM MAKING SET WITH JARS,8,2024-03-02,36.2,10096
INV225362,S0010,RED WOOLLY HOTTIE WHITE HEART,18,2024-12-19,9.66,10233
INV874483,S0006,WOODEN PICTURE FRAME WHITE FINISH,16,2024-05-21,36.37,10180
INV725780,S0016,VINTAGE BILLBOARD DRINK ME MUG,10,2024-02-21,41.72,10113
INV338533,S0009,JAM MAKING SET WITH JARS,12,2024-04-01,15.46,10052
INV232731,S0017,PAPER CHAIN KIT 50S CHRISTMAS,9,2024-01-24,48.73,10268
INV406327,S0017,PAPER CHAIN KIT 50S CHRISTMAS,5,2024-11-22,43.49,10295
INV207570,S0015,SET 2 TEA TOWELS I LOVE LONDON,1,2024-10-20,14.57,10113
INV561865,S0015,SET 2 TEA TOWELS I LOVE LONDON,11,2024-04-04,48.29,10101
INV600935,S0008,CREAM CUPID HEARTS COAT HANGER,4,2024-02-03,20.34,10113
INV705050,S0002,JUMBO BAG RED RETROSPOT,2,2024-03-18,7.89,10081
INV418594,S0018,BROCADE RING PURSE,3,2024-05-07,6.36,10187
INV735770,S0013,BATH BUILDING BLOCK WORD,20,2024-11-12,11.67,10113
INV498855,S0016,VINTAGE BILLBOARD DRINK ME MUG,15,2024-08-14,15.22,10002
INV549660,S0018,BROCADE RING PURSE,10,2024-10-18,31.24,10130
INV876039,S0019,MINI PAINT SET VINTAGE,4,2024-04-16,31.46,10220
INV792509,S0008,CREAM CUPID HEARTS COAT HANGER,3,2024-03-21,12.37,10054
INV178711,S0017,PAPER CHAIN KIT 50S CHRISTMAS,6,2024-01-02,20.72,10224
INV592738,S0019,MINI PAINT SET VINTAGE,10,2024-01-17,11.96,10225
INV837135,S0009,JAM MAKING SET WITH JARS,15,2024-02-06,34.53,10126
INV926097,S0008,CREAM CUPID HEARTS COAT HANGER,19,2024-12-04,40.29,10130
INV545790,S0006,WOODEN PICTURE FRAME WHITE FINISH,4,2024-10-05,11.63,10053
INV378535,S0004,LUNCH BAG RED RETROSPOT,5,2024-02-06,3.45,10172
INV723948,S0009,JAM MAKING SET WITH JARS,19,2024-05-27,22.24,10218
INV822131,S0014,DOORMAT NEW ENGLAND,10,2024-12-24,20.42,10160
INV624783,S0008,CREAM CUPID HEARTS COAT HANGER,18,2024-09-09,22.17,10198
INV141797,S0019,MINI PAINT SET VINTAGE,14,2024-06-14,30.38,10247
INV195763,S0000,WHITE HANGING HEART T-LIGHT HOLDER,8,2024-12-11,41.88,10203
INV715643,S0018,BROCADE RING PURSE,1,2024-12-10,41.16,10184
INV142185,S0018,BROCADE RING PURSE,6,2024-08-28,26.19,10123
INV391668,S0014,DOORMAT NEW ENGLAND,6,2024-10-26,22.08,10255
INV195674,S0015,SET 2 TEA TOWELS I LOVE LONDON,16,2024-06-27,20.71,10294
INV802685,S0010,RED WOOLLY HOTTIE WHITE HEART,4,2024-03-23,16.83,10280
INV402218,S0015,SET 2 TEA TOWELS I LOVE LONDON,13,2024-10-08,2.32,10098
INV429795,S0002,JUMBO BAG RED RETROSPOT,9,2024-06-14,6.24,10198
INV639593,S0012,SPOTTY BUNTING,1,2024-12-02,43.53,10240
INV533321,S0014,DOORMAT NEW ENGLAND,2,2024-04-06,26.16,10144
INV893188,S0019,MINI PAINT SET VINTAGE,16,2024-11-16,22.38,10097
INV313446,S0001,REGENCY CAKESTAND 3 TIER,9,2024-10-08,6.99,10201
INV559398,S0009,JAM MAKING SET WITH JARS,16,2024-03-03,1.93,10124
INV938141,S0019,MINI PAINT SET VINTAGE,8,2024-12-29,8.34,10187
INV114338,S0017,PAPER CHAIN KIT 50S CHRISTMAS,18,2024-07-27,5.11,10259
INV583863,S0003,PARTY BUNTING,4,2024-11-27,41.69,10148
INV851413,S0015,SET 2 TEA TOWELS I LOVE LONDON,10,2024-09-17,35.42,10252
INV975271,S0013,BATH BUILDING BLOCK WORD,16,2024-08-29,12.56,10147
INV251668,S0017,PAPER CHAIN KIT 50S CHRISTMAS,13,2024-04-07,46.13,10148
INV882544,S0016,VINTAGE BILLBOARD DRINK ME MUG,5,2024-02-05,14.17,10199
INV456385,S0013,BATH BUILDING BLOCK WORD,17,2024-05-16,41.12,10128
INV861319,S0009,JAM MAKING SET WITH JARS,10,2024-10-27,29.21,10039
INV255813,S0015,SET 2 TEA TOWELS I LOVE LONDON,15,2024-10-02,24.47,10129
INV678727,S0010,RED WOOLLY HOTTIE WHITE HEART,18,2024-07-12,23.04,10267
INV297816,S0010,RED WOOLLY HOTTIE WHITE HEART,8,2024-10-19,19.46,10151
INV145767,S0013,BATH BUILDING BLOCK WORD,11,2024-08-30,35.41,10298
INV504832,S0012,SPOTTY BUNTING,5,2024-09-10,48.26,10099
INV626690,S0004,LUNCH BAG RED RETROSPOT,19,2024-06-18,43.55,10263
INV204555,S0014,DOORMAT NEW ENGLAND,17,2024-08-21,1.26,10252
INV529893,S0004,LUNCH BAG RED RETROSPOT,5,2024-02-08,23.74,10144
INV455007,S0008,CREAM CUPID HEARTS COAT HANGER,20,2024-12-20,20.18,10112
INV993140,S0002,JUMBO BAG RED RETROSPOT,11,2024-12-11,43.04,10060
INV432043,S0012,SPOTTY BUNTING,16,2024-10-04,2.28,10002
INV346174,S0002,JUMBO BAG RED RETROSPOT,10,2024-04-26,37.46,10254
INV203225,S0013,BATH BUILDING BLOCK WORD,4,2024-08-15,8.74,10140
INV130353,S0009,JAM MAKING SET WITH JARS,2,2024-06-15,39.91,10037
INV475876,S0009,JAM MAKING SET WITH JARS,12,2024-08-08,7.71,10160
INV532067,S0016,VINTAGE BILLBOARD DRINK ME MUG,19,2024-12-15,39.73,10009
INV283573,S0005,SET OF 3 CAKE TINS PANTRY DESIGN,3,2024-11-08,43.61,10233
INV816318,S0019,MINI PAINT SET VINTAGE,8,2024-09-11,45.69,10099
INV343467,S0004,LUNCH BAG RED RETROSPOT,15,2024-11-22,13.07,10147
INV799233,S0008,CREAM CUPID HEARTS COAT HANGER,1,2024-08-26,45.11,10208
INV265649,S0017,PAPER CHAIN KIT 50S CHRISTMAS,3,2024-08-14,47.29,10131
INV413685,S0018,BROCADE RING PURSE,14,2024-12-19,12.88,10152
INV308894,S0009,JAM MAKING SET WITH JARS,13,2024-09-04,5.78,10054
INV699704,S0012,SPOTTY BUNTING,12,2024-10-21,15.15,10120
INV123005,S0009,JAM MAKING SET WITH JARS,13,2024-05-20,0.9,10161
INV735863,S0001,REGENCY CAKESTAND 3 TIER,16,2024-05-26,38.9,10116
INV736553,S0007,KNITTED UNION FLAG HOT WATER BOTTLE,12,2024-04-22,32.01,10075
INV362801,S0019,MINI PAINT SET VINTAGE,5,2024-11-17,5.31,10113
INV423939,S0001,REGENCY CAKESTAND 3 TIER,15,2024-01-18,29.19,10104
INV194511,S0004,LUNCH BAG RED RETROSPOT,10,2024-06-16,37.5,10254
INV310548,S0005,SET OF 3 CAKE TINS PANTRY DESIGN,5,2024-10-03,43.88,10227
INV656639,S0011,ALARM CLOCK BAKELIKE GREEN,17,2024-05-19,41.61,10112
INV964749,S0008,CREAM CUPID HEARTS COAT HANGER,16,2024-05-31,37.45,10099
INV943298,S0010,RED WOOLLY HOTTIE WHITE HEART,4,2024-08-27,48.16,10153
INV890785,S0004,LUNCH BAG RED RETROSPOT,8,2024-12-12,36.35,10194
INV986827,S0012,SPOTTY BUNTING,18,2024-07-06,4.97,10163
INV114594,S0012,SPOTTY BUNTING,9,2024-10-01,6.62,10208
INV805511,S0011,ALARM CLOCK BAKELIKE GREEN,9,2024-10-26,19.36,10169
INV213609,S0011,ALARM CLOCK BAKELIKE GREEN,8,2024-08-29,1.74,10161
INV443939,S0017,PAPER CHAIN KIT 50S CHRISTMAS,20,2024-04-23,32.56,10068
INV835132,S0014,DOORMAT NEW ENGLAND,10,2024-11-28,20.71,10289
INV147549,S0004,LUNCH BAG RED RETROSPOT,2,2024-06-04,49.8,10277
INV201913,S0003,PARTY BUNTING,8,2024-10-02,7.22,10135
INV489033,S0014,DOORMAT NEW ENGLAND,18,2024-08-02,29.57,10195
INV535037,S0004,LUNCH BAG RED RETROSPOT,4,2024-09-07,30.97,10128
INV134305,S0008,CREAM CUPID HEARTS COAT HANGER,12,2024-04-21,22.45,10033
INV997004,S0007,KNITTED UNION FLAG HOT WATER BOTTLE,12,2024-02-20,49.06,10176
INV670913,S0011,ALARM CLOCK BAKELIKE GREEN,12,2024-02-01,20.21,10022
INV228093,S0006,WOODEN PICTURE FRAME WHITE FINISH,15,2024-02-16,33.31,10238
INV122394,S0019,MINI PAINT SET VINTAGE,2,2024-06-19,12.56,10158
INV925206,S0004,LUNCH BAG RED RETROSPOT,19,2024-04-15,3.9,10038
INV317220,S0017,PAPER CHAIN KIT 50S CHRISTMAS,19,2024-04-20,40.75,10230
INV444519,S0007,KNITTED UNION FLAG HOT WATER BOTTLE,5,2024-11-01,0.64,10051
INV236306,S0004,LUNCH BAG RED RETROSPOT,18,2024-05-08,40.03,10264
INV793169,S0003,PARTY BUNTING,1,2024-03-08,1.24,10283
INV717457,S0007,KNITTED UNION FLAG HOT WATER BOTTLE,11,2024-01-09,9.13,10027
INV232915,S0001,REGENCY CAKESTAND 3 TIER,14,2024-09-26,6.13,10226
INV599380,S0002,JUMBO BAG RED RETROSPOT,15,2024-07-04,25.91,10277
INV573962,S0003,PARTY BUNTING,17,2024-04-23,47.3,10286
INV862569,S0001,REGENCY CAKESTAND 3 TIER,17,2024-06-03,23.17,10097
INV163780,S0000,WHITE HANGING HEART T-LIGHT HOLDER,16,2024-07-24,21.6,10284
INV614084,S0003,PARTY BUNTING,15,2024-02-07,45.01,10147
INV737846,S0010,RED WOOLLY HOTTIE WHITE HEART,5,2024-02-03,6.75,10004
INV763829,S0019,MINI PAINT SET VINTAGE,19,2024-10-07,35.75,10035
INV726410,S0012,SPOTTY BUNTING,17,2024-05-30,22.96,10192
INV551096,S0019,MINI PAINT SET VINTAGE,4,2024-12-25,6.16,10049
INV855855,S0017,PAPER CHAIN KIT 50S CHRISTMAS,7,2024-08-08,22.85,10017
INV533914,S0007,KNITTED UNION FLAG HOT WATER BOTTLE,11,2024-08-20,20.24,10172
INV427730,S0003,PARTY BUNTING,14,2024-06-09,33.42,10220
INV260053,S0011,ALARM CLOCK BAKELIKE GREEN,16,2024-02-04,5.02,10158
INV197758,S0002,JUMBO BAG RED RETROSPOT,14,2024-02-19,37.36,10046
INV951201,S0011,ALARM CLOCK BAKELIKE GREEN,5,2024-10-11,3.47,10006
INV688967,S0017,PAPER CHAIN KIT 50S CHRISTMAS,11,2024-12-09,6.55,10099
INV797660,S0011,ALARM CLOCK BAKELIKE GREEN,14,2024-01-27,48.44,10233
INV427626,S0019,MINI PAINT SET VINTAGE,12,2024-02-23,29.11,10037
INV262246,S0006,WOODEN PICTURE FRAME WHITE FINISH,16,2024-04-24,42.44,10280
INV986438,S0011,ALARM CLOCK BAKELIKE GREEN,18,2024-07-07,6.19,10181
INV701987,S0008,CREAM CUPID HEARTS COAT HANGER,8,2024-08-07,42.34,10095
INV743378,S0019,MINI PAINT SET VINTAGE,18,2024-01-14,30.65,10099
INV130359,S0008,CREAM CUPID HEARTS COAT HANGER,6,2024-05-19,35.28,10188
INV456331,S0009,JAM MAKING SET WITH JARS,12,2024-01-04,9.48,10116
INV693830,S0004,LUNCH BAG RED RETROSPOT,13,2024-02-05,7.52,10191
INV196214,S0000,WHITE HANGING HEART T-LIGHT HOLDER,17,2024-04-20,19.12,10253
INV457455,S0014,DOORMAT NEW ENGLAND,6,2024-07-08,15.93,10161
INV914571,S0010,RED WOOLLY HOTTIE WHITE HEART,19,2024-11-01,4.71,10256
INV263137,S0001,REGENCY CAKESTAND 3 TIER,6,2024-11-12,2.96,10128
INV385320,S0002,JUMBO BAG RED RETROSPOT,15,2024-12-04,21.49,10018
INV563516,S0019,MINI PAINT SET VINTAGE,14,2024-05-19,11.17,10281
INV219346,S0016,VINTAGE BILLBOARD DRINK ME MUG,12,2024-08-08,5.99,10223
INV610271,S0018,BROCADE RING PURSE,17,2024-12-07,15.77,10054
INV514463,S0007,KNITTED UNION FLAG HOT WATER BOTTLE,20,2024-01-29,0.88,10058
INV321494,S0009,JAM MAKING SET WITH JARS,5,2024-05-10,14.83,10174
INV108105,S0003,PARTY BUNTING,16,2024-08-08,9.2,10280
INV658453,S0012,SPOTTY BUNTING,8,2024-09-13,28.16,10114
INV175576,S0011,ALARM CLOCK BAKELIKE GREEN,13,2024-01-22,22.09,10288
INV181644,S0014,DOORMAT NEW ENGLAND,11,2024-10-21,21.75,10151
INV843963,S0012,SPOTTY BUNTING,14,2024-05-28,6.2,10127
INV440544,S0000,WHITE HANGING HEART T-LIGHT HOLDER,6,2024-11-12,23.27,10155
INV192410,S0011,ALARM CLOCK BAKELIKE GREEN,14,2024-02-24,12.54,10273
INV519902,S0018,BROCADE RING PURSE,17,2024-02-10,20.09,10104
INV882033,S0009,JAM MAKING SET WITH JARS,11,2024-04-23,16.99,10299
INV180089,S0005,SET OF 3 CAKE TINS PANTRY DESIGN,17,2024-11-20,6.14,10246
INV303322,S0016,VINTAGE BILLBOARD DRINK ME MUG,12,2024-06-28,36.51,10176
INV347745,S0004,LUNCH BAG RED RETROSPOT,4,2024-03-15,13.17,10039
INV731661,S0005,SET OF 3 CAKE TINS PANTRY DESIGN,5,2024-12-01,4.23,10170
INV586490,S0015,SET 2 TEA TOWELS I LOVE LONDON,19,2024-10-23,22.72,10247
INV774225,S0018,BROCADE RING PURSE,20,2024-06-14,43.28,10026
INV258290,S0010,RED WOOLLY HOTTIE WHITE HEART,15,2024-02-04,23.71,10013
INV935012,S0009,JAM MAKING SET WITH JARS,9,2024-10-29,3.28,10036
INV177794,S0016,VINTAGE BILLBOARD DRINK ME MUG,10,2024-08-24,22.87,10173
INV486649,S0001,REGENCY CAKESTAND 3 TIER,10,2024-02-09,32.41,10020
INV744883,S0002,JUMBO BAG RED RETROSPOT,20,2024-09-16,19.53,10264
INV681242,S0018,BROCADE RING PURSE,2,2024-08-18,45.5,10142
INV783501,S0018,BROCADE RING PURSE,7,2024-06-13,30.45,10143
INV258189,S0016,VINTAGE BILLBOARD DRINK ME MUG,2,2024-08-18,5.62,10092
INV849014,S0010,RED WOOLLY HOTTIE WHITE HEART,3,2024-09-15,32.48,10288
INV359778,S0001,REGENCY CAKESTAND 3 TIER,15,2024-08-12,26.44,10215
INV266457,S0019,MINI PAINT SET VINTAGE,12,2024-07-09,45.94,10051
INV528625,S0012,SPOTTY BUNTING,11,2024-12-13,30.1,10153
INV169113,S0010,RED WOOLLY HOTTIE WHITE HEART,11,2024-02-18,28.12,10186
INV397949,S0012,SPOTTY BUNTING,9,2024-12-02,48.24,10063
INV257677,S0019,MINI PAINT SET VINTAGE,11,2024-02-11,29.35,10190
INV466813,S0004,LUNCH BAG RED RETROSPOT,10,2024-12-01,35.07,10125
INV235215,S0012,SPOTTY BUNTING,20,2024-12-28,46.93,10150
INV686072,S0009,JAM MAKING SET WITH JARS,13,2024-11-25,39.69,10058
INV802667,S0004,LUNCH BAG RED RETROSPOT,17,2024-02-17,32.48,10180
INV633188,S0013,BATH BUILDING BLOCK WORD,12,2024-01-10,18.45,10170
INV324597,S0005,SET OF 3 CAKE TINS PANTRY DESIGN,11,2024-09-05,10.0,10271
INV262471,S0004,LUNCH BAG RED RETROSPOT,3,2024-05-31,42.3,10054
INV632351,S0003,PARTY BUNTING,18,2024-09-26,2.37,10101
INV903531,S0010,RED WOOLLY HOTTIE WHITE HEART,20,2024-03-08,30.06,10264
INV270128,S0004,LUNCH BAG RED RETROSPOT,6,2024-12-20,38.67,10053
INV856215,S0005,SET OF 3 CAKE TINS PANTRY DESIGN,15,2024-01-23,20.84,10060
INV565776,S0007,KNITTED UNION FLAG HOT WATER BOTTLE,20,2024-05-25,37.74,10108
INV345369,S0014,DOORMAT NEW ENGLAND,18,2024-05-02,15.82,10005
INV975679,S0015,SET 2 TEA TOWELS I LOVE LONDON,7,2024-07-07,34.08,10103
INV561999,S0018,BROCADE RING PURSE,15,2024-05-24,39.02,10196
INV653081,S0016,VINTAGE BILLBOARD DRINK ME MUG,14,2024-03-23,40.94,10262
INV245121,S0019,MINI PAINT SET VINTAGE,9,2024-01-27,32.24,10047
INV681478,S0011,ALARM CLOCK BAKELIKE GREEN,4,2024-12-30,42.37,10144
INV398910,S0003,PARTY BUNTING,3,2024-03-23,14.0,10269
INV254506,S0016,VINTAGE BILLBOARD DRINK ME MUG,14,2024-02-16,47.35,10124
INV956375,S0007,KNITTED UNION FLAG HOT WATER BOTTLE,15,2024-06-27,46.56,10106
INV155843,S0013,BATH BUILDING BLOCK WORD,13,2024-09-14,19.01,10158
INV185569,S0012,SPOTTY BUNTING,12,2024-04-24,1.9,10147
INV979940,S0003,PARTY BUNTING,11,2024-03-15,7.31,10145
INV970068,S0009,JAM MAKING SET WITH JARS,16,2024-12-22,41.64,10120
INV570392,S0015,SET 2 TEA TOWELS I LOVE LONDON,20,2024-01-03,45.34,10275
INV368355,S0000,WHITE HANGING HEART T-LIGHT HOLDER,7,2024-03-17,27.67,10092
INV653408,S0019,MINI PAINT SET VINTAGE,14,2024-02-26,38.92,10058
INV415779,S0007,KNITTED UNION FLAG HOT WATER BOTTLE,4,2024-01-25,12.3,10229
INV579318,S0019,MINI PAINT SET VINTAGE,3,2024-02-26,41.92,10117
INV725726,S0015,SET 2 TEA TOWELS I LOVE LONDON,18,2024-01-09,31.78,10279
INV353690,S0018,BROCADE RING PURSE,5,2024-05-29,21.75,10127
INV469954,S0019,MINI PAINT SET VINTAGE,8,2024-10-19,21.12,10129
INV648913,S0002,JUMBO BAG RED RETROSPOT,12,2024-02-04,47.69,10058
INV631971,S0017,PAPER CHAIN KIT 50S CHRISTMAS,17,2024-10-10,1.51,10122
INV145649,S0015,SET 2 TEA TOWELS I LOVE LONDON,13,2024-07-10,13.06,10001
INV474440,S0000,WHITE HANGING HEART T-LIGHT HOLDER,3,2024-06-25,12.44,10239
INV908977,S0003,PARTY BUNTING,19,2024-06-19,7.1,10290
INV672536,S0011,ALARM CLOCK BAKELIKE GREEN,11,2024-11-25,9.17,10096
INV829168,S0014,DOORMAT NEW ENGLAND,16,2024-11-19,9.52,10126
INV166165,S0004,LUNCH BAG RED RETROSPOT,15,2024-01-19,15.03,10118
INV929538,S0001,REGENCY CAKESTAND 3 TIER,7,2024-01-22,16.12,10048
INV640418,S0009,JAM MAKING SET WITH JARS,13,2024-10-05,23.93,10089
INV889882,S0001,REGENCY CAKESTAND 3 TIER,7,2024-05-26,18.17,10237
INV787584,S0001,REGENCY CAKESTAND 3 TIER,11,2024-05-19,6.66,10272
INV558176,S0011,ALARM CLOCK BAKELIKE GREEN,13,2024-08-13,44.78,10189
INV455505,S0012,SPOTTY BUNTING,6,2024-09-11,34.76,10192
INV936020,S0011,ALARM CLOCK BAKELIKE GREEN,17,2024-05-16,40.16,10069
INV182760,S0013,BATH BUILDING BLOCK WORD,14,2024-11-04,49.76,10278
INV671971,S0005,SET OF 3 CAKE TINS PANTRY DESIGN,10,2024-06-13,5.58,10247
INV793024,S0010,RED WOOLLY HOTTIE WHITE HEART,10,2024-06-05,22.57,10076
INV274739,S0013,BATH BUILDING BLOCK WORD,15,2024-06-28,22.63,10154
INV744718,S0011,ALARM CLOCK BAKELIKE GREEN,14,2024-05-20,32.15,10144
INV178686,S0001,REGENCY CAKESTAND 3 TIER,13,2024-07-05,25.9,10086
INV132653,S0005,SET OF 3 CAKE TINS PANTRY DESIGN,5,2024-11-07,34.07,10185
INV136489,S0014,DOORMAT NEW ENGLAND,5,2024-02-04,12.18,10285
INV479742,S0011,ALARM CLOCK BAKELIKE GREEN,13,2024-10-17,2.1,10220
INV812048,S0004,LUNCH BAG RED RETROSPOT,15,2024-07-08,18.91,10069
INV701800,S0002,JUMBO BAG RED RETROSPOT,5,2024-09-28,18.66,10047
INV781113,S0010,RED WOOLLY HOTTIE WHITE HEART,9,2024-05-07,48.05,10094
INV871411,S0000,WHITE HANGING HEART T-LIGHT HOLDER,6,2024-09-12,26.13,10238
INV223481,S0017,PAPER CHAIN KIT 50S CHRISTMAS,9,2024-05-13,35.35,10204
INV741599,S0006,WOODEN PICTURE FRAME WHITE FINISH,10,2024-12-21,45.87,10218
INV309902,S0015,SET 2 TEA TOWELS I LOVE LONDON,4,2024-03-10,42.71,10039
INV281043,S0014,DOORMAT NEW ENGLAND,15,2024-02-14,40.62,10100
INV800280,S0010,RED WOOLLY HOTTIE WHITE HEART,12,2024-12-29,3.71,10289
INV404466,S0017,PAPER CHAIN KIT 50S CHRISTMAS,10,2024-03-21,35.73,10254
INV932250,S0005,SET OF 3 CAKE TINS PANTRY DESIGN,12,2024-09-17,11.6,10222
INV930541,S0006,WOODEN PICTURE FRAME WHITE FINISH,5,2024-05-01,39.62,10023
INV478427,S0000,WHITE HANGING HEART T-LIGHT HOLDER,18,2024-10-20,18.76,10250
INV236074,S0017,PAPER CHAIN KIT 50S CHRISTMAS,20,2024-02-14,3.75,10010
INV851759,S0012,SPOTTY BUNTING,16,2024-09-26,20.83,10246
INV963333,S0013,BATH BUILDING BLOCK WORD,19,2024-02-07,6.7,10100
INV773540,S0010,RED WOOLLY HOTTIE WHITE HEART,3,2024-08-18,23.56,10290
INV461249,S0016,VINTAGE BILLBOARD DRINK ME MUG,5,2024-10-09,32.17,10180
INV905077,S0005,SET OF 3 CAKE TINS PANTRY DESIGN,5,2024-08-09,25.39,10223
INV971776,S0001,REGENCY CAKESTAND 3 TIER,4,2024-09-22,8.07,10250
INV269834,S0005,SET OF 3 CAKE TINS PANTRY DESIGN,11,2024-12-29,11.66,10147
INV397846,S0016,VINTAGE BILLBOARD DRINK ME MUG,3,2024-05-08,10.22,10096
INV387782,S0017,PAPER CHAIN KIT 50S CHRISTMAS,5,2024-11-16,15.49,10257
INV197966,S0017,PAPER CHAIN KIT 50S CHRISTMAS,17,2024-11-24,8.85,10004
INV261684,S0018,BROCADE RING PURSE,6,2024-12-03,31.41,10016
INV454019,S0019,MINI PAINT SET VINTAGE,19,2024-01-22,41.35,10280
INV185168,S0000,WHITE HANGING HEART T-LIGHT HOLDER,2,2024-11-24,38.67,10247
INV782759,S0008,CREAM CUPID HEARTS COAT HANGER,7,2024-10-19,21.12,10258
INV622230,S0000,WHITE HANGING HEART T-LIGHT HOLDER,18,2024-05-28,32.27,10160
INV606404,S0009,JAM MAKING SET WITH JARS,8,2024-12-16,20.6,10152
INV176517,S0014,DOORMAT NEW ENGLAND,2,2024-03-21,22.26,10178
INV587002,S0015,SET 2 TEA TOWELS I LOVE LONDON,7,2024-06-23,30.53,10163
INV853258,S0010,RED WOOLLY HOTTIE WHITE HEART,11,2024-06-25,48.78,10033
INV897615,S0004,LUNCH BAG RED RETROSPOT,12,2024-09-20,28.3,10179
INV353480,S0010,RED WOOLLY HOTTIE WHITE HEART,15,2024-03-03,13.74,10101
INV247720,S0007,KNITTED UNION FLAG HOT WATER BOTTLE,4,2024-01-26,14.87,10268
INV745270,S0012,SPOTTY BUNTING,14,2024-05-07,48.15,10065
INV952993,S0005,SET OF 3 CAKE TINS PANTRY DESIGN,11,2024-10-22,36.2,10168
INV900190,S0006,WOODEN PICTURE FRAME WHITE FINISH,6,2024-09-12,49.8,10043
INV622987,S0014,DOORMAT NEW ENGLAND,10,2024-09-11,1.65,10044
INV629996,S0012,SPOTTY BUNTING,15,2024-05-03,11.15,10285
INV151021,S0011,ALARM CLOCK BAKELIKE GREEN,2,2024-05-24,25.0,10012
INV399628,S0015,SET 2 TEA TOWELS I LOVE LONDON,18,2024-01-05,42.44,10095
INV240440,S0013,BATH BUILDING BLOCK WORD,9,2024-07-06,38.31,10253
INV147440,S0011,ALARM CLOCK BAKELIKE GREEN,13,2024-01-27,28.73,10242
INV480133,S0006,WOODEN PICTURE FRAME WHITE FINISH,18,2024-05-27,4.14,10035
INV572230,S0016,VINTAGE BILLBOARD DRINK ME MUG,18,2024-05-23,41.35,10215
INV813449,S0019,MINI PAINT SET VINTAGE,20,2024-03-01,6.87,10090
INV513037,S0003,PARTY BUNTING,12,2024-06-22,28.11,10264
INV891638,S0011,ALARM CLOCK BAKELIKE GREEN,5,2024-04-11,30.32,10093
INV624369,S0012,SPOTTY BUNTING,2,2024-01-24,2.43,10090
INV943019,S0010,RED WOOLLY HOTTIE WHITE HEART,16,2024-09-22,23.12,10115
INV640546,S0019,MINI PAINT SET VINTAGE,5,2024-06-16,46.6,10105
INV270395,S0010,RED WOOLLY HOTTIE WHITE HEART,13,2024-11-11,37.1,10196
INV722565,S0009,JAM MAKING SET WITH JARS,11,2024-09-16,41.5,10114
INV613641,S0017,PAPER CHAIN KIT 50S CHRISTMAS,19,2024-06-02,24.01,10075
INV486251,S0000,WHITE HANGING HEART T-LIGHT HOLDER,11,2024-12-10,5.93,10217
INV712056,S0013,BATH BUILDING BLOCK WORD,10,2024-12-18,31.65,10277
INV597643,S0019,MINI PAINT SET VINTAGE,9,2024-12-01,39.25,10249
INV705693,S0018,BROCADE RING PURSE,8,2024-01-27,29.38,10164
INV649697,S0005,SET OF 3 CAKE TINS PANTRY DESIGN,20,2024-07-13,7.81,10192
INV133104,S0007,KNITTED UNION FLAG HOT WATER BOTTLE,19,2024-12-24,5.94,10227
INV562462,S0000,WHITE HANGING HEART T-LIGHT HOLDER,11,2024-08-02,8.0,10177
INV530311,S0006,WOODEN PICTURE FRAME WHITE FINISH,17,2024-11-09,46.07,10099
INV840058,S0001,REGENCY CAKESTAND 3 TIER,5,2024-09-22,10.76,10036
INV794395,S0010,RED WOOLLY HOTTIE WHITE HEART,16,2024-09-26,19.15,10096
INV581992,S0005,SET OF 3 CAKE TINS PANTRY DESIGN,18,2024-06-24,27.54,10152
INV739711,S0008,CREAM CUPID HEARTS COAT HANGER,16,2024-04-08,47.89,10151
INV685196,S0008,CREAM CUPID HEARTS COAT HANGER,10,2024-04-25,47.1,10190
INV908634,S0009,JAM MAKING SET WITH JARS,10,2024-12-26,10.76,10224
INV432441,S0015,SET 2 TEA TOWELS I LOVE LONDON,16,2024-06-27,28.24,10037
INV401769,S0008,CREAM CUPID HEARTS COAT HANGER,4,2024-10-20,33.99,10268
INV513697,S0012,SPOTTY BUNTING,12,2024-03-15,14.88,10183
INV848831,S0009,JAM MAKING SET WITH JARS,3,2024-06-26,46.24,10013
INV883641,S0008,CREAM CUPID HEARTS COAT HANGER,16,2024-04-19,10.5,10279
INV384303,S0017,PAPER CHAIN KIT 50S CHRISTMAS,18,2024-12-22,13.95,10217
INV745584,S0003,PARTY BUNTING,19,2024-05-02,12.5,10286
INV336633,S0016,VINTAGE BILLBOARD DRINK ME MUG,8,2024-01-27,5.46,10273
INV852204,S0010,RED WOOLLY HOTTIE WHITE HEART,16,2024-02-21,34.22,10062
INV105433,S0004,LUNCH BAG RED RETROSPOT,18,2024-03-21,20.64,10084
INV600641,S0015,SET 2 TEA TOWELS I LOVE LONDON,7,2024-05-27,16.4,10217
INV906066,S0001,REGENCY CAKESTAND 3 TIER,3,2024-11-29,28.92,10187
INV874568,S0017,PAPER CHAIN KIT 50S CHRISTMAS,2,2024-03-30,21.19,10019
INV138105,S0005,SET OF 3 CAKE TINS PANTRY DESIGN,13,2024-09-10,9.72,10177
INV139286,S0009,JAM MAKING SET WITH JARS,1,2024-06-01,28.61,10100
INV451317,S0003,PARTY BUNTING,10,2024-08-20,49.46,10233
INV649787,S0017,PAPER CHAIN KIT 50S CHRISTMAS,16,2024-03-09,42.63,10076
INV386090,S0014,DOORMAT NEW ENGLAND,7,2024-02-27,16.87,10265
INV779776,S0014,DOORMAT NEW ENGLAND,9,2024-04-05,1.2,10284
INV929179,S0010,RED WOOLLY HOTTIE WHITE HEART,10,2024-10-17,33.88,10206
INV284019,S0006,WOODEN PICTURE FRAME WHITE FINISH,20,2024-11-23,44.9,10223
INV640310,S0013,BATH BUILDING BLOCK WORD,11,2024-02-14,20.34,10052
INV293757,S0003,PARTY BUNTING,5,2024-09-01,16.52,10144
INV107161,S0007,KNITTED UNION FLAG HOT WATER BOTTLE,9,2024-07-15,12.16,10069
INV445637,S0008,CREAM CUPID HEARTS COAT HANGER,10,2024-10-25,36.28,10099
INV374258,S0000,WHITE HANGING HEART T-LIGHT HOLDER,12,2024-12-20,12.2,10025
INV588002,S0003,PARTY BUNTING,10,2024-03-22,20.57,10053
INV837733,S0016,VINTAGE BILLBOARD DRINK ME MUG,10,2024-12-19,6.31,10151
INV485397,S0009,JAM MAKING SET WITH JARS,20,2024-04-23,11.35,10144
INV601410,S0004,LUNCH BAG RED RETROSPOT,5,2024-08-20,37.51,10057
INV491774,S0019,MINI PAINT SET VINTAGE,14,2024-12-25,27.69,10039
INV894139,S0015,SET 2 TEA TOWELS I LOVE LONDON,18,2024-12-06,41.37,10109
INV813390,S0007,KNITTED UNION FLAG HOT WATER BOTTLE,20,2024-02-11,26.51,10181
INV837952,S0016,VINTAGE BILLBOARD DRINK ME MUG,12,2024-02-09,45.9,10042
INV164758,S0003,PARTY BUNTING,18,2024-09-15,10.51,10186
INV257131,S0017,PAPER CHAIN KIT 50S CHRISTMAS,6,2024-06-16,42.8,10223
INV221886,S0014,DOORMAT NEW ENGLAND,7,2024-10-25,24.7,10122
INV567122,S0016,VINTAGE BILLBOARD DRINK ME MUG,2,2024-08-20,7.03,10133
INV578987,S0013,BATH BUILDING BLOCK WORD,19,2024-01-30,28.16,10163
INV858414,S0009,JAM MAKING SET WITH JARS,1,2024-07-21,13.1,10215
INV882032,S0000,WHITE HANGING HEART T-LIGHT HOLDER,7,2024-10-23,4.11,10221
INV461264,S0013,BATH BUILDING BLOCK WORD,3,2024-10-04,49.71,10235
INV595002,S0002,JUMBO BAG RED RETROSPOT,2,2024-05-26,20.74,10146
INV903028,S0004,LUNCH BAG RED RETROSPOT,14,2024-07-10,49.65,10239
INV570325,S0012,SPOTTY BUNTING,13,2024-07-11,4.47,10076
INV239449,S0017,PAPER CHAIN KIT 50S CHRISTMAS,12,2024-03-01,9.33,10009
INV512151,S0017,PAPER CHAIN KIT 50S CHRISTMAS,17,2024-03-06,36.53,10074
INV975373,S0007,KNITTED UNION FLAG HOT WATER BOTTLE,1,2024-01-12,48.94,10253
INV806215,S0014,DOORMAT NEW ENGLAND,18,2024-08-05,26.83,10230
INV359535,S0007,KNITTED UNION FLAG HOT WATER BOTTLE,15,2024-06-26,8.18,10007
INV860242,S0006,WOODEN PICTURE FRAME WHITE FINISH,4,2024-01-17,40.57,10174
INV744793,S0013,BATH BUILDING BLOCK WORD,1,2024-05-03,10.7,10141
INV722795,S0003,PARTY BUNTING,2,2024-08-16,30.09,10168
INV356622,S0001,REGENCY CAKESTAND 3 TIER,2,2024-07-24,22.23,10170
INV327823,S0017,PAPER CHAIN KIT 50S CHRISTMAS,2,2024-03-12,25.44,10283
INV345536,S0009,JAM MAKING SET WITH JARS,19,2024-06-12,29.09,10122
INV348411,S0010,RED WOOLLY HOTTIE WHITE HEART,10,2024-03-14,49.29,10194
INV331780,S0016,VINTAGE BILLBOARD DRINK ME MUG,14,2024-06-02,14.12,10005
INV720407,S0017,PAPER CHAIN KIT 50S CHRISTMAS,6,2024-11-16,34.1,10029
INV619696,S0017,PAPER CHAIN KIT 50S CHRISTMAS,2,2024-06-25,47.11,10165
INV923975,S0012,SPOTTY BUNTING,17,2024-06-12,34.97,10136
INV256466,S0013,BATH BUILDING BLOCK WORD,10,2024-07-11,9.6,10145
INV596520,S0017,PAPER CHAIN KIT 50S CHRISTMAS,8,2024-04-25,15.39,10217
INV944917,S0004,LUNCH BAG RED RETROSPOT,15,2024-01-30,28.34,10132
INV684357,S0013,BATH BUILDING BLOCK WORD,17,2024-03-09,19.73,10292
INV313214,S0008,CREAM CUPID HEARTS COAT HANGER,11,2024-11-27,4.41,10070
INV988283,S0014,DOORMAT NEW ENGLAND,12,2024-02-17,27.01,10252
INV154040,S0006,WOODEN PICTURE FRAME WHITE FINISH,9,2024-07-12,33.85,10275
INV141468,S0019,MINI PAINT SET VINTAGE,3,2024-04-06,40.33,10182
INV859489,S0018,BROCADE RING PURSE,18,2024-04-21,24.23,10167
INV417915,S0010,RED WOOLLY HOTTIE WHITE HEART,1,2024-04-18,46.89,10091
INV883159,S0003,PARTY BUNTING,16,2024-05-04,34.93,10202
INV515898,S0006,WOODEN PICTURE FRAME WHITE FINISH,8,2024-10-09,16.42,10019
INV499152,S0009,JAM MAKING SET WITH JARS,15,2024-09-30,32.61,10039
INV374267,S0009,JAM MAKING SET WITH JARS,12,2024-09-19,44.2,10126
INV203398,S0014,DOORMAT NEW ENGLAND,16,2024-06-12,45.76,10173
INV428122,S0011,ALARM CLOCK BAKELIKE GREEN,14,2024-01-24,28.34,10141
INV877259,S0007,KNITTED UNION FLAG HOT WATER BOTTLE,5,2024-01-09,13.41,10242
INV707275,S0018,BROCADE RING PURSE,14,2024-05-31,8.04,10220
INV341192,S0010,RED WOOLLY HOTTIE WHITE HEART,13,2024-10-18,41.75,10126
INV677390,S0015,SET 2 TEA TOWELS I LOVE LONDON,11,2024-05-11,38.29,10058
INV858705,S0015,SET 2 TEA TOWELS I LOVE LONDON,16,2024-08-23,8.83,10148
INV277487,S0011,ALARM CLOCK BAKELIKE GREEN,5,2024-10-06,24.67,10001
INV772985,S0017,PAPER CHAIN KIT 50S CHRISTMAS,2,2024-09-25,2.17,10190
INV957730,S0002,JUMBO BAG RED RETROSPOT,2,2024-01-04,20.91,10191
INV171269,S0007,KNITTED UNION FLAG HOT WATER BOTTLE,5,2024-01-05,11.33,10117
INV491329,S0014,DOORMAT NEW ENGLAND,2,2024-11-12,32.07,10134
INV606676,S0019,MINI PAINT SET VINTAGE,16,2024-01-09,0.83,10058
INV531319,S0017,PAPER CHAIN KIT 50S CHRISTMAS,1,2024-01-09,26.71,10044
INV661762,S0008,CREAM CUPID HEARTS COAT HANGER,10,2024-01-09,25.36,10173
INV945328,S0013,BATH BUILDING BLOCK WORD,6,2024-02-24,45.94,10160
INV256130,S0016,VINTAGE BILLBOARD DRINK ME MUG,8,2024-04-08,31.18,10173
INV954814,S0008,CREAM CUPID HEARTS COAT HANGER,12,2024-05-16,39.85,10149
INV491172,S0002,JUMBO BAG RED RETROSPOT,13,2024-08-23,28.47,10080
INV414546,S0007,KNITTED UNION FLAG HOT WATER BOTTLE,3,2024-11-30,49.59,10213
INV198042,S0001,REGENCY CAKESTAND 3 TIER,13,2024-07-13,19.17,10203
INV158840,S0015,SET 2 TEA TOWELS I LOVE LONDON,1,2024-12-25,8.98,10252
INV986392,S0015,SET 2 TEA TOWELS I LOVE LONDON,14,2024-11-26,39.33,10229
INV999636,S0018,BROCADE RING PURSE,4,2024-09-27,46.0,10164
INV321686,S0007,KNITTED UNION FLAG HOT WATER BOTTLE,19,2024-08-31,13.92,10227
INV817675,S0002,JUMBO BAG RED RETROSPOT,9,2024-10-05,28.39,10147
INV288066,S0001,REGENCY CAKESTAND 3 TIER,11,2024-01-09,48.09,10020
INV251195,S0018,BROCADE RING PURSE,13,2024-02-09,15.31,10047
INV352153,S0018,BROCADE RING PURSE,19,2024-07-18,34.01,10233
INV447843,S0017,PAPER CHAIN KIT 50S CHRISTMAS,13,2024-03-12,39.63,10014
INV625119,S0002,JUMBO BAG RED RETROSPOT,12,2024-01-28,5.34,10143
INV979414,S0007,KNITTED UNION FLAG HOT WATER BOTTLE,3,2024-06-23,30.46,10001
INV724540,S0019,MINI PAINT SET VINTAGE,13,2024-06-16,1.97,10054
INV921609,S0008,CREAM CUPID HEARTS COAT HANGER,15,2024-09-08,11.79,10259
INV493663,S0017,PAPER CHAIN KIT 50S CHRISTMAS,14,2024-04-05,34.14,10144
INV189856,S0012,SPOTTY BUNTING,20,2024-05-31,40.0,10012
INV186023,S0002,JUMBO BAG RED RETROSPOT,9,2024-03-19,19.31,10224
INV875584,S0004,LUNCH BAG RED RETROSPOT,13,2024-06-11,18.35,10272
INV105447,S0002,JUMBO BAG RED RETROSPOT,10,2024-08-15,18.32,10156
INV207197,S0008,CREAM CUPID HEARTS COAT HANGER,5,2024-02-14,9.78,10008
INV684041,S0014,DOORMAT NEW ENGLAND,18,2024-09-19,20.7,10122
INV193972,S0000,WHITE HANGING HEART T-LIGHT HOLDER,12,2024-10-10,5.11,10164
INV922543,S0019,MINI PAINT SET VINTAGE,11,2024-07-16,1.11,10090
INV506637,S0013,BATH BUILDING BLOCK WORD,3,2024-10-13,45.31,10136
INV699743,S0007,KNITTED UNION FLAG HOT WATER BOTTLE,17,2024-03-27,34.42,10186
INV245584,S0005,SET OF 3 CAKE TINS PANTRY DESIGN,9,2024-06-03,13.79,10178
INV166340,S0004,LUNCH BAG RED RETROSPOT,6,2024-08-10,14.16,10028
INV607753,S0009,JAM MAKING SET WITH JARS,3,2024-07-03,12.96,10220
INV855917,S0007,KNITTED UNION FLAG HOT WATER BOTTLE,16,2024-10-31,31.03,10041
INV212168,S0014,DOORMAT NEW ENGLAND,5,2024-06-04,0.83,10228
INV448354,S0012,SPOTTY BUNTING,20,2024-07-13,40.3,10192
INV561607,S0010,RED WOOLLY HOTTIE WHITE HEART,11,2024-08-08,40.87,10145
INV242736,S0019,MINI PAINT SET VINTAGE,10,2024-06-13,30.36,10201
INV602278,S0006,WOODEN PICTURE FRAME WHITE FINISH,11,2024-03-31,48.25,10212
INV405605,S0010,RED WOOLLY HOTTIE WHITE HEART,16,2024-10-21,39.21,10220
INV494322,S0010,RED WOOLLY HOTTIE WHITE HEART,9,2024-07-20,18.57,10240
INV309505,S0018,BROCADE RING PURSE,19,2024-10-06,9.41,10046
INV128223,S0017,PAPER CHAIN KIT 50S CHRISTMAS,15,2024-12-28,10.88,10035
INV971662,S0009,JAM MAKING SET WITH JARS,3,2024-07-28,33.81,10253
INV764100,S0004,LUNCH BAG RED RETROSPOT,10,2024-05-03,13.01,10082
INV849979,S0004,LUNCH BAG RED RETROSPOT,14,2024-07-12,4.16,10256
INV602514,S0019,MINI PAINT SET VINTAGE,19,2024-07-24,26.95,10197
INV670053,S0013,BATH BUILDING BLOCK WORD,2,2024-07-03,35.23,10010
INV722665,S0017,PAPER CHAIN KIT 50S CHRISTMAS,3,2024-02-25,38.56,10286
INV274418,S0011,ALARM CLOCK BAKELIKE GREEN,20,2024-01-23,28.38,10242
INV889245,S0012,SPOTTY BUNTING,11,2024-08-08,5.74,10251
INV371306,S0003,PARTY BUNTING,8,2024-09-18,37.47,10005
INV708717,S0017,PAPER CHAIN KIT 50S CHRISTMAS,19,2024-04-23,22.57,10119
INV585556,S0012,SPOTTY BUNTING,19,2024-12-19,25.27,10289
INV125755,S0011,ALARM CLOCK BAKELIKE GREEN,16,2024-02-23,15.12,10065
INV221707,S0002,JUMBO BAG RED RETROSPOT,5,2024-06-27,15.94,10146
INV922366,S0014,DOORMAT NEW ENGLAND,7,2024-09-23,24.4,10224
INV202365,S0015,SET 2 TEA TOWELS I LOVE LONDON,15,2024-12-22,22.9,10239
INV414849,S0002,JUMBO BAG RED RETROSPOT,2,2024-12-29,6.2,10177
INV779445,S0010,RED WOOLLY HOTTIE WHITE HEART,4,2024-12-12,40.1,10267
INV641058,S0007,KNITTED UNION FLAG HOT WATER BOTTLE,6,2024-10-09,8.43,10282
INV547080,S0017,PAPER CHAIN KIT 50S CHRISTMAS,15,2024-04-28,39.99,10063
INV295440,S0005,SET OF 3 CAKE TINS PANTRY DESIGN,14,2024-07-21,1.95,10217
INV306909,S0019,MINI PAINT SET VINTAGE,15,2024-10-30,21.76,10283
INV838968,S0000,WHITE HANGING HEART T-LIGHT HOLDER,7,2024-04-15,14.28,10177
INV705393,S0002,JUMBO BAG RED RETROSPOT,4,2024-10-01,9.75,10098
INV306647,S0010,RED WOOLLY HOTTIE WHITE HEART,15,2024-02-28,13.49,10105
INV653349,S0015,SET 2 TEA TOWELS I LOVE LONDON,11,2024-11-01,19.74,10099
INV715519,S0012,SPOTTY BUNTING,4,2024-06-27,17.92,10006
INV747351,S0014,DOORMAT NEW ENGLAND,6,2024-12-10,35.45,10197
INV744333,S0009,JAM MAKING SET WITH JARS,19,2024-02-13,33.77,10133
INV223586,S0010,RED WOOLLY HOTTIE WHITE HEART,8,2024-06-05,6.29,10259
INV827120,S0011,ALARM CLOCK BAKELIKE GREEN,5,2024-09-18,19.73,10023
INV244564,S0019,MINI PAINT SET VINTAGE,19,2024-07-15,21.44,10053
INV766371,S0015,SET 2 TEA TOWELS I LOVE LONDON,18,2024-12-21,46.0,10165
INV681868,S0005,SET OF 3 CAKE TINS PANTRY DESIGN,6,2024-09-07,14.8,10202
INV429861,S0005,SET OF 3 CAKE TINS PANTRY DESIGN,15,2024-11-13,3.15,10083
INV110048,S0011,ALARM CLOCK BAKELIKE GREEN,16,2024-03-10,10.16,10145
INV688861,S0012,SPOTTY BUNTING,17,2024-11-30,25.0,10085
INV535820,S0015,SET 2 TEA TOWELS I LOVE LONDON,15,2024-09-07,8.78,10078
INV132359,S0018,BROCADE RING PURSE,8,2024-05-29,2.12,10001
INV663723,S0007,KNITTED UNION FLAG HOT WATER BOTTLE,10,2024-03-27,39.15,10051
INV878586,S0018,BROCADE RING PURSE,16,2024-10-08,25.78,10173
INV219754,S0018,BROCADE RING PURSE,9,2024-10-05,41.25,10205
INV668373,S0011,ALARM CLOCK BAKELIKE GREEN,2,2024-08-13,27.54,10260
INV207391,S0013,BATH BUILDING BLOCK WORD,8,2024-06-01,43.8,10288
INV571578,S0001,REGENCY CAKESTAND 3 TIER,9,2024-06-27,43.18,10034
INV560398,S0002,JUMBO BAG RED RETROSPOT,4,2024-05-01,10.89,10095
INV822608,S0018,BROCADE RING PURSE,12,2024-12-29,30.71,10072
INV274044,S0013,BATH BUILDING BLOCK WORD,20,2024-03-12,39.35,10039
INV944565,S0006,WOODEN PICTURE FRAME WHITE FINISH,2,2024-10-18,17.87,10154
INV725850,S0008,CREAM CUPID HEARTS COAT HANGER,18,2024-03-27,16.52,10250
INV403387,S0009,JAM MAKING SET WITH JARS,19,2024-05-16,47.64,10162
INV812296,S0016,VINTAGE BILLBOARD DRINK ME MUG,4,2024-03-10,48.16,10118
INV162165,S0013,BATH BUILDING BLOCK WORD,9,2024-12-01,6.78,10259
INV361805,S0004,LUNCH BAG RED RETROSPOT,5,2024-12-30,16.44,10268
INV898462,S0007,KNITTED UNION FLAG HOT WATER BOTTLE,13,2024-09-07,7.54,10054
INV758309,S0008,CREAM CUPID HEARTS COAT HANGER,14,2024-07-11,22.87,10236
INV522419,S0002,JUMBO BAG RED RETROSPOT,17,2024-05-22,34.89,10222
INV576782,S0011,ALARM CLOCK BAKELIKE GREEN,16,2024-06-16,29.31,10251
INV866437,S0002,JUMBO BAG RED RETROSPOT,15,2024-11-21,33.38,10112
INV991401,S0011,ALARM CLOCK BAKELIKE GREEN,3,2024-09-30,20.19,10255
INV964915,S0013,BATH BUILDING BLOCK WORD,7,2024-09-10,13.79,10207
INV454161,S0009,JAM MAKING SET WITH JARS,18,2024-10-22,6.96,10229
INV926596,S0015,SET 2 TEA TOWELS I LOVE LONDON,11,2024-12-15,38.23,10066
INV204411,S0001,REGENCY CAKESTAND 3 TIER,15,2024-01-09,6.65,10075
INV562721,S0005,SET OF 3 CAKE TINS PANTRY DESIGN,15,2024-01-01,49.6,10103
INV312146,S0013,BATH BUILDING BLOCK WORD,5,2024-11-28,15.44,10192
INV197874,S0008,CREAM CUPID HEARTS COAT HANGER,12,2024-05-08,4.58,10252
INV154302,S0005,SET OF 3 CAKE TINS PANTRY DESIGN,13,2024-11-16,15.62,10226
INV550081,S0007,KNITTED UNION FLAG HOT WATER BOTTLE,3,2024-12-26,5.21,10294
INV599968,S0006,WOODEN PICTURE FRAME WHITE FINISH,3,2024-03-08,29.89,10098
INV813013,S0016,VINTAGE BILLBOARD DRINK ME MUG,15,2024-01-05,0.9,10286
INV956800,S0010,RED WOOLLY HOTTIE WHITE HEART,4,2024-08-04,34.85,10249
INV174268,S0015,SET 2 TEA TOWELS I LOVE LONDON,8,2024-07-15,4.92,10166
INV208214,S0003,PARTY BUNTING,11,2024-07-07,44.11,10030
INV501312,S0004,LUNCH BAG RED RETROSPOT,5,2024-11-24,49.65,10247
INV171734,S0004,LUNCH BAG RED RETROSPOT,17,2024-10-15,0.92,10106
INV561477,S0005,SET OF 3 CAKE TINS PANTRY DESIGN,12,2024-04-19,31.59,10051
INV531709,S0004,LUNCH BAG RED RETROSPOT,20,2024-12-17,22.4,10081
INV190898,S0006,WOODEN PICTURE FRAME WHITE FINISH,4,2024-03-12,37.75,10133
INV865470,S0018,BROCADE RING PURSE,13,2024-06-28,48.18,10285
INV929504,S0010,RED WOOLLY HOTTIE WHITE HEART,5,2024-05-06,14.21,10138
INV360221,S0002,JUMBO BAG RED RETROSPOT,18,2024-11-03,30.2,10184
INV398761,S0019,MINI PAINT SET VINTAGE,1,2024-12-03,43.85,10273
INV642899,S0006,WOODEN PICTURE FRAME WHITE FINISH,20,2024-09-17,9.84,10069
INV409898,S0012,SPOTTY BUNTING,2,2024-05-02,25.0,10034
INV352792,S0003,PARTY BUNTING,16,2024-11-22,29.9,10262
INV112653,S0016,VINTAGE BILLBOARD DRINK ME MUG,12,2024-06-11,7.03,10053
INV541307,S0018,BROCADE RING PURSE,12,2024-10-06,34.31,10205
INV907788,S0015,SET 2 TEA TOWELS I LOVE LONDON,3,2024-01-09,29.57,10126
INV374921,S0000,WHITE HANGING HEART T-LIGHT HOLDER,7,2024-01-21,46.17,10235
INV631219,S0012,SPOTTY BUNTING,10,2024-11-17,35.78,10043
INV544150,S0013,BATH BUILDING BLOCK WORD,13,2024-02-12,32.21,10240
INV745972,S0017,PAPER CHAIN KIT 50S CHRISTMAS,5,2024-05-22,4.64,10111
INV636141,S0002,JUMBO BAG RED RETROSPOT,7,2024-03-20,27.05,10249
INV714923,S0012,SPOTTY BUNTING,3,2024-06-07,35.08,10151
INV160718,S0007,KNITTED UNION FLAG HOT WATER BOTTLE,8,2024-02-14,46.27,10183
INV575394,S0003,PARTY BUNTING,20,2024-11-07,3.22,10095
INV225245,S0005,SET OF 3 CAKE TINS PANTRY DESIGN,1,2024-12-28,7.29,10008
INV271790,S0000,WHITE HANGING HEART T-LIGHT HOLDER,16,2024-06-26,26.39,10184
INV275073,S0008,CREAM CUPID HEARTS COAT HANGER,12,2024-03-05,37.61,10281
INV868538,S0008,CREAM CUPID HEARTS COAT HANGER,4,2024-01-16,17.08,10195
INV385192,S0013,BATH BUILDING BLOCK WORD,17,2024-02-02,13.52,10195
INV758015,S0018,BROCADE RING PURSE,3,2024-09-11,23.03,10155
INV158132,S0011,ALARM CLOCK BAKELIKE GREEN,16,2024-10-17,8.76,10093
INV367508,S0005,SET OF 3 CAKE TINS PANTRY DESIGN,4,2024-10-20,33.87,10160
INV339499,S0003,PARTY BUNTING,17,2024-01-02,2.68,10061
INV356430,S0000,WHITE HANGING HEART T-LIGHT HOLDER,2,2024-08-29,18.52,10122
INV287654,S0004,LUNCH BAG RED RETROSPOT,2,2024-10-10,40.25,10051
INV335421,S0013,BATH BUILDING BLOCK WORD,11,2024-05-07,21.1,10277
INV384434,S0010,RED WOOLLY HOTTIE WHITE HEART,3,2024-10-19,18.95,10005
INV806033,S0016,VINTAGE BILLBOARD DRINK ME MUG,2,2024-04-01,11.55,10092
INV148159,S0016,VINTAGE BILLBOARD DRINK ME MUG,13,2024-02-05,43.91,10170
INV911102,S0009,JAM MAKING SET WITH JARS,10,2024-06-16,4.78,10022
INV108356,S0014,DOORMAT NEW ENGLAND,12,2024-04-12,14.93,10001
INV875501,S0009,JAM MAKING SET WITH JARS,20,2024-05-04,23.46,10133
INV617326,S0018,BROCADE RING PURSE,7,2024-10-06,38.14,10233
INV257880,S0007,KNITTED UNION FLAG HOT WATER BOTTLE,1,2024-07-28,1.68,10012
INV463251,S0017,PAPER CHAIN KIT 50S CHRISTMAS,1,2024-06-20,0.57,10046
INV990247,S0012,SPOTTY BUNTING,10,2024-02-23,10.66,10034
INV540208,S0007,KNITTED UNION FLAG HOT WATER BOTTLE,16,2024-01-31,48.64,10078
INV846221,S0004,LUNCH BAG RED RETROSPOT,9,2024-02-17,2.67,10218
INV986575,S0007,KNITTED UNION FLAG HOT WATER BOTTLE,17,2024-07-30,35.19,10073
INV580728,S0011,ALARM CLOCK BAKELIKE GREEN,3,2024-10-24,5.23,10282
INV768169,S0004,LUNCH BAG RED RETROSPOT,13,2024-02-08,29.8,10249
INV556112,S0001,REGENCY CAKESTAND 3 TIER,5,2024-05-01,14.94,10047
INV939717,S0010,RED WOOLLY HOTTIE WHITE HEART,13,2024-12-24,41.68,10121
INV433507,S0010,RED WOOLLY HOTTIE WHITE HEART,15,2024-05-19,12.06,10214
INV242723,S0006,WOODEN PICTURE FRAME WHITE FINISH,19,2024-02-25,8.19,10239
INV571404,S0005,SET OF 3 CAKE TINS PANTRY DESIGN,15,2024-06-09,20.62,10056
INV475691,S0017,PAPER CHAIN KIT 50S CHRISTMAS,7,2024-08-19,15.76,10107
INV993892,S0008,CREAM CUPID HEARTS COAT HANGER,4,2024-02-16,8.3,10048
INV966529,S0009,JAM MAKING SET WITH JARS,20,2024-01-21,11.14,10061
INV255528,S0010,RED WOOLLY HOTTIE WHITE HEART,3,2024-12-30,12.79,10026
INV515492,S0011,ALARM CLOCK BAKELIKE GREEN,17,2024-01-26,34.02,10292
INV959926,S0008,CREAM CUPID HEARTS COAT HANGER,6,2024-01-16,47.63,10257
INV682959,S0014,DOORMAT NEW ENGLAND,18,2024-05-07,5.19,10008
INV942946,S0003,PARTY BUNTING,5,2024-03-03,1.09,10113
INV237064,S0007,KNITTED UNION FLAG HOT WATER BOTTLE,7,2024-07-24,18.93,10253
INV710610,S0002,JUMBO BAG RED RETROSPOT,19,2024-05-12,45.91,10180
INV122859,S0002,JUMBO BAG RED RETROSPOT,3,2024-04-11,45.17,10207
INV948611,S0014,DOORMAT NEW ENGLAND,5,2024-02-17,45.3,10127
INV228479,S0010,RED WOOLLY HOTTIE WHITE HEART,2,2024-08-24,3.01,10056
INV554197,S0018,BROCADE RING PURSE,13,2024-09-11,1.96,10214
INV281201,S0013,BATH BUILDING BLOCK WORD,12,2024-04-19,45.46,10014
INV393448,S0008,CREAM CUPID HEARTS COAT HANGER,15,2024-03-17,2.22,10028
INV746947,S0019,MINI PAINT SET VINTAGE,8,2024-11-27,15.11,10078
INV677438,S0013,BATH BUILDING BLOCK WORD,16,2024-02-01,4.84,10216
INV243902,S0012,SPOTTY BUNTING,14,2024-04-12,32.31,10154
INV361250,S0016,VINTAGE BILLBOARD DRINK ME MUG,18,2024-01-10,49.48,10014
INV602985,S0011,ALARM CLOCK BAKELIKE GREEN,18,2024-09-05,17.53,10187
INV626797,S0018,BROCADE RING PURSE,11,2024-07-17,13.89,10007
INV434367,S0000,WHITE HANGING HEART T-LIGHT HOLDER,20,2024-04-22,1.95,10003
INV161437,S0008,CREAM CUPID HEARTS COAT HANGER,16,2024-09-28,18.19,10111
INV344068,S0018,BROCADE RING PURSE,6,2024-02-21,12.77,10238
INV379473,S0007,KNITTED UNION FLAG HOT WATER BOTTLE,18,2024-01-29,38.32,10239
INV703656,S0007,KNITTED UNION FLAG HOT WATER BOTTLE,13,2024-06-30,46.79,10274
INV284654,S0005,SET OF 3 CAKE TINS PANTRY DESIGN,8,2024-10-30,16.24,10294
INV720298,S0011,ALARM CLOCK BAKELIKE GREEN,1,2024-12-26,35.18,10227
INV690984,S0018,BROCADE RING PURSE,5,2024-10-15,47.44,10015
INV668458,S0015,SET 2 TEA TOWELS I LOVE LONDON,10,2024-03-30,24.78,10192
INV158896,S0002,JUMBO BAG RED RETROSPOT,8,2024-11-04,11.33,10119
INV601207,S0016,VINTAGE BILLBOARD DRINK ME MUG,1,2024-06-18,45.94,10028
INV945619,S0006,WOODEN PICTURE FRAME WHITE FINISH,5,2024-06-23,35.99,10202
INV162448,S0010,RED WOOLLY HOTTIE WHITE HEART,1,2024-03-16,29.54,10039
INV911982,S0004,LUNCH BAG RED RETROSPOT,4,2024-09-26,43.1,10273
INV491738,S0002,JUMBO BAG RED RETROSPOT,13,2024-10-27,5.5,10231
INV438273,S0009,JAM MAKING SET WITH JARS,5,2024-03-21,36.75,10086
INV930307,S0013,BATH BUILDING BLOCK WORD,16,2024-11-28,16.21,10126
INV827250,S0017,PAPER CHAIN KIT 50S CHRISTMAS,20,2024-07-01,11.55,10300
INV954017,S0018,BROCADE RING PURSE,6,2024-07-12,15.69,10025
INV233534,S0009,JAM MAKING SET WITH JARS,6,2024-01-01,47.47,10145
INV510623,S0018,BROCADE RING PURSE,19,2024-01-17,9.51,10013
INV948095,S0010,RED WOOLLY HOTTIE WHITE HEART,20,2024-04-23,32.16,10212
INV620287,S0003,PARTY BUNTING,5,2024-06-18,37.39,10025
INV463656,S0007,KNITTED UNION FLAG HOT WATER BOTTLE,11,2024-03-26,31.99,10068
INV961574,S0002,JUMBO BAG RED RETROSPOT,11,2024-08-16,1.06,10067
INV361662,S0006,WOODEN PICTURE FRAME WHITE FINISH,3,2024-06-28,13.2,10233
INV855408,S0003,PARTY BUNTING,1,2024-01-25,19.6,10109
INV274418,S0013,BATH BUILDING BLOCK WORD,14,2024-09-09,44.15,10146
INV672547,S0011,ALARM CLOCK BAKELIKE GREEN,13,2024-02-21,41.53,10111
INV782591,S0018,BROCADE RING PURSE,8,2024-03-24,22.84,10228
INV409234,S0001,REGENCY CAKESTAND 3 TIER,1,2024-06-12,13.43,10111
INV177804,S0003,PARTY BUNTING,11,2024-03-28,44.45,10034
INV867541,S0005,SET OF 3 CAKE TINS PANTRY DESIGN,3,2024-10-07,47.12,10111
INV454366,S0002,JUMBO BAG RED RETROSPOT,20,2024-11-10,44.71,10264
INV552275,S0000,WHITE HANGING HEART T-LIGHT HOLDER,6,2024-11-06,44.54,10236
INV156157,S0005,SET OF 3 CAKE TINS PANTRY DESIGN,4,2024-06-18,10.67,10083
INV529161,S0006,WOODEN PICTURE FRAME WHITE FINISH,18,2024-10-03,13.63,10042
INV411847,S0009,JAM MAKING SET WITH JARS,8,2024-02-19,2.96,10101
INV676363,S0018,BROCADE RING PURSE,16,2024-03-19,3.2,10006
INV548377,S0000,WHITE HANGING HEART T-LIGHT HOLDER,3,2024-05-30,41.28,10180
INV603660,S0019,MINI PAINT SET VINTAGE,7,2024-02-19,1.77,10282
INV769191,S0005,SET OF 3 CAKE TINS PANTRY DESIGN,10,2024-02-11,23.94,10226
INV423331,S0003,PARTY BUNTING,13,2024-08-29,24.71,10229
INV195563,S0008,CREAM CUPID HEARTS COAT HANGER,18,2024-07-17,9.65,10289
INV487345,S0012,SPOTTY BUNTING,6,2024-08-16,2.71,10150
INV587648,S0014,DOORMAT NEW ENGLAND,9,2024-04-25,41.94,10277
INV164633,S0018,BROCADE RING PURSE,5,2024-12-22,33.54,10198
INV800596,S0002,JUMBO BAG RED RETROSPOT,12,2024-10-04,20.99,10070
INV338564,S0018,BROCADE RING PURSE,18,2024-02-01,42.12,10112
INV538967,S0016,VINTAGE BILLBOARD DRINK ME MUG,18,2024-12-17,43.41,10004
INV700534,S0015,SET 2 TEA TOWELS I LOVE LONDON,8,2024-08-31,15.29,10095
INV995420,S0012,SPOTTY BUNTING,2,2024-09-14,28.78,10152
INV939333,S0016,VINTAGE BILLBOARD DRINK ME MUG,19,2024-12-12,49.15,10137
INV226124,S0004,LUNCH BAG RED RETROSPOT,15,2024-03-29,47.48,10247
INV322182,S0005,SET OF 3 CAKE TINS PANTRY DESIGN,7,2024-03-05,2.61,10243
INV816308,S0002,JUMBO BAG RED RETROSPOT,14,2024-04-13,49.86,10031
INV974625,S0004,LUNCH BAG RED RETROSPOT,20,2024-05-12,16.33,10040
INV191254,S0002,JUMBO BAG RED RETROSPOT,13,2024-10-11,20.17,10229
INV998235,S0010,RED WOOLLY HOTTIE WHITE HEART,9,2024-09-23,23.18,10036
INV924758,S0000,WHITE HANGING HEART T-LIGHT HOLDER,20,2024-10-27,26.37,10223
INV217984,S0013,BATH BUILDING BLOCK WORD,14,2024-03-17,7.84,10006
INV710981,S0018,BROCADE RING PURSE,4,2024-02-24,28.35,10220
INV923914,S0003,PARTY BUNTING,10,2024-10-01,44.07,10075
INV376967,S0013,BATH BUILDING BLOCK WORD,13,2024-12-01,24.54,10004
INV596025,S0019,MINI PAINT SET VINTAGE,2,2024-03-29,14.13,10134
INV748276,S0004,LUNCH BAG RED RETROSPOT,20,2024-12-14,34.84,10118
INV515018,S0001,REGENCY CAKESTAND 3 TIER,11,2024-12-19,12.26,10094
INV381631,S0015,SET 2 TEA TOWELS I LOVE LONDON,12,2024-01-11,17.22,10062
INV426053,S0009,JAM MAKING SET WITH JARS,9,2024-09-08,42.98,10194
INV339030,S0003,PARTY BUNTING,5,2024-06-02,48.72,10203
INV911630,S0014,DOORMAT NEW ENGLAND,11,2024-05-17,36.58,10026
INV776913,S0019,MINI PAINT SET VINTAGE,3,2024-04-06,22.36,10173
INV876936,S0013,BATH BUILDING BLOCK WORD,16,2024-09-21,43.43,10300
INV640299,S0001,REGENCY CAKESTAND 3 TIER,6,2024-02-03,15.9,10133
INV522979,S0016,VINTAGE BILLBOARD DRINK ME MUG,5,2024-09-25,44.03,10118
INV282176,S0000,WHITE HANGING HEART T-LIGHT HOLDER,7,2024-04-12,41.93,10275
INV134677,S0007,KNITTED UNION FLAG HOT WATER BOTTLE,15,2024-01-26,45.94,10212
INV387286,S0006,WOODEN PICTURE FRAME WHITE FINISH,12,2024-08-25,25.5,10225
INV814263,S0003,PARTY BUNTING,1,2024-05-03,18.94,10020
INV567773,S0019,MINI PAINT SET VINTAGE,6,2024-08-30,29.55,10113
INV460971,S0011,ALARM CLOCK BAKELIKE GREEN,6,2024-05-12,37.57,10140
INV398916,S0002,JUMBO BAG RED RETROSPOT,1,2024-07-16,2.96,10047
INV917711,S0018,BROCADE RING PURSE,7,2024-04-23,32.55,10001
INV382154,S0006,WOODEN PICTURE FRAME WHITE FINISH,14,2024-09-19,1.49,10090
INV597126,S0000,WHITE HANGING HEART T-LIGHT HOLDER,5,2024-11-27,9.07,10142
INV334639,S0000,WHITE HANGING HEART T-LIGHT HOLDER,9,2024-11-07,40.35,10038
INV847362,S0009,JAM MAKING SET WITH JARS,9,2024-08-04,44.83,10293
INV581294,S0011,ALARM CLOCK BAKELIKE GREEN,9,2024-04-21,23.6,10139
INV964352,S0016,VINTAGE BILLBOARD DRINK ME MUG,20,2024-07-22,29.43,10259
INV636361,S0000,WHITE HANGING HEART T-LIGHT HOLDER,12,2024-10-14,32.54,10161
INV396408,S0019,MINI PAINT SET VINTAGE,10,2024-12-16,5.85,10178
INV452618,S0002,JUMBO BAG RED RETROSPOT,9,2024-11-23,16.59,10010
INV373832,S0008,CREAM CUPID HEARTS COAT HANGER,10,2024-04-06,7.92,10261
INV159532,S0007,KNITTED UNION FLAG HOT WATER BOTTLE,20,2024-07-25,33.2,10138
INV856320,S0004,LUNCH BAG RED RETROSPOT,1,2024-12-01,25.12,10172
INV372028,S0009,JAM MAKING SET WITH JARS,14,2024-07-26,19.72,10013
INV711344,S0001,REGENCY CAKESTAND 3 TIER,19,2024-04-07,17.49,10168
INV819656,S0007,KNITTED UNION FLAG HOT WATER BOTTLE,18,2024-11-22,39.35,10130
INV631958,S0011,ALARM CLOCK BAKELIKE GREEN,10,2024-03-28,42.11,10084
INV289934,S0017,PAPER CHAIN KIT 50S CHRISTMAS,10,2024-02-19,23.8,10101
INV860413,S0008,CREAM CUPID HEARTS COAT HANGER,18,2024-04-03,47.37,10273
INV786224,S0010,RED WOOLLY HOTTIE WHITE HEART,3,2024-04-23,18.09,10265
INV540897,S0009,JAM MAKING SET WITH JARS,11,2024-07-09,13.4,10038
INV586288,S0009,JAM MAKING SET WITH JARS,4,2024-08-28,3.16,10094
INV708502,S0018,BROCADE RING PURSE,20,2024-02-06,23.87,10095
INV624788,S0006,WOODEN PICTURE FRAME WHITE FINISH,4,2024-12-14,19.39,10069
INV533174,S0009,JAM MAKING SET WITH JARS,2,2024-03-18,7.3,10236
INV459315,S0006,WOODEN PICTURE FRAME WHITE FINISH,14,2024-10-18,44.7,10137
INV250181,S0014,DOORMAT NEW ENGLAND,11,2024-04-02,39.06,10076
INV448787,S0015,SET 2 TEA TOWELS I LOVE LONDON,6,2024-06-09,31.91,10035
INV574012,S0000,WHITE HANGING HEART T-LIGHT HOLDER,9,2024-04-17,38.18,10001
INV704272,S0005,SET OF 3 CAKE TINS PANTRY DESIGN,6,2024-09-07,39.37,10296
INV235691,S0002,JUMBO BAG RED RETROSPOT,20,2024-08-10,31.86,10060
INV549865,S0012,SPOTTY BUNTING,16,2024-07-15,0.73,10267
INV309100,S0017,PAPER CHAIN KIT 50S CHRISTMAS,12,2024-01-08,44.65,10229
INV299834,S0016,VINTAGE BILLBOARD DRINK ME MUG,1,2024-12-12,0.7,10270
INV337256,S0007,KNITTED UNION FLAG HOT WATER BOTTLE,12,2024-06-08,6.88,10286
INV627786,S0012,SPOTTY BUNTING,19,2024-06-05,8.77,10291
INV412687,S0001,REGENCY CAKESTAND 3 TIER,10,2024-08-21,36.53,10213
INV649577,S0019,MINI PAINT SET VINTAGE,11,2024-08-10,44.45,10165
INV459381,S0004,LUNCH BAG RED RETROSPOT,16,2024-07-02,37.63,10005
INV951452,S0005,SET OF 3 CAKE TINS PANTRY DESIGN,13,2024-01-10,11.81,10078
INV321449,S0004,LUNCH BAG RED RETROSPOT,1,2024-10-28,25.48,10062
INV484398,S0003,PARTY BUNTING,2,2024-07-11,43.89,10132
INV908713,S0008,CREAM CUPID HEARTS COAT HANGER,18,2024-11-15,2.91,10089
INV794125,S0001,REGENCY CAKESTAND 3 TIER,4,2024-11-30,41.89,10237
INV823255,S0001,REGENCY CAKESTAND 3 TIER,4,2024-08-01,22.49,10042
INV673867,S0003,PARTY BUNTING,9,2024-08-30,35.24,10089
INV828961,S0006,WOODEN PICTURE FRAME WHITE FINISH,1,2024-06-03,21.33,10296
INV794663,S0003,PARTY BUNTING,17,2024-05-18,31.33,10295
INV539170,S0004,LUNCH BAG RED RETROSPOT,4,2024-09-18,36.08,10104
INV396439,S0003,PARTY BUNTING,4,2024-02-24,25.14,10014
INV309452,S0019,MINI PAINT SET VINTAGE,9,2024-09-24,48.67,10288
INV837606,S0011,ALARM CLOCK BAKELIKE GREEN,14,2024-05-31,8.44,10179
INV620465,S0017,PAPER CHAIN KIT 50S CHRISTMAS,7,2024-12-18,46.69,10125
INV345896,S0010,RED WOOLLY HOTTIE WHITE HEART,1,2024-01-07,33.75,10023
INV975804,S0003,PARTY BUNTING,19,2024-12-08,24.96,10063
INV917392,S0002,JUMBO BAG RED RETROSPOT,17,2024-02-08,36.32,10143
INV368322,S0003,PARTY BUNTING,8,2024-08-21,49.44,10153
INV376955,S0009,JAM MAKING SET WITH JARS,15,2024-01-26,5.44,10145
INV141360,S0005,SET OF 3 CAKE TINS PANTRY DESIGN,10,2024-07-03,40.18,10225
INV546688,S0010,RED WOOLLY HOTTIE WHITE HEART,4,2024-02-18,42.64,10104
INV110142,S0001,REGENCY CAKESTAND 3 TIER,5,2024-12-05,32.54,10104
INV474894,S0010,RED WOOLLY HOTTIE WHITE HEART,15,2024-11-14,13.78,10039
INV490722,S0002,JUMBO BAG RED RETROSPOT,11,2024-04-03,6.13,10198
INV578715,S0012,SPOTTY BUNTING,9,2024-07-16,34.65,10134
INV938754,S0015,SET 2 TEA TOWELS I LOVE LONDON,14,2024-11-28,44.36,10067
INV218548,S0005,SET OF 3 CAKE TINS PANTRY DESIGN,5,2024-12-22,36.46,10179
INV208751,S0005,SET OF 3 CAKE TINS PANTRY DESIGN,14,2024-10-29,24.39,10042
INV811346,S0018,BROCADE RING PURSE,15,2024-04-02,30.76,10015
INV741055,S0011,ALARM CLOCK BAKELIKE GREEN,1,2024-12-16,44.06,10111
INV606545,S0004,LUNCH BAG RED RETROSPOT,16,2024-02-27,44.44,10157
INV148205,S0014,DOORMAT NEW ENGLAND,3,2024-05-13,32.92,10289
INV838793,S0000,WHITE HANGING HEART T-LIGHT HOLDER,17,2024-10-22,36.33,10231
INV802382,S0007,KNITTED UNION FLAG HOT WATER BOTTLE,11,2024-09-22,26.39,10157
INV199868,S0019,MINI PAINT SET VINTAGE,14,2024-12-04,36.47,10038
INV462544,S0015,SET 2 TEA TOWELS I LOVE LONDON,13,2024-03-17,42.03,10097
INV742686,S0017,PAPER CHAIN KIT 50S CHRISTMAS,2,2024-01-06,32.35,10289
INV630126,S0005,SET OF 3 CAKE TINS PANTRY DESIGN,16,2024-09-10,43.54,10254
INV887931,S0002,JUMBO BAG RED RETROSPOT,16,2024-06-13,12.42,10196
INV152796,S0008,CREAM CUPID HEARTS COAT HANGER,17,2024-04-24,27.75,10086
INV522866,S0012,SPOTTY BUNTING,8,2024-02-10,23.23,10010
INV569865,S0018,BROCADE RING PURSE,3,2024-09-12,22.63,10005
INV621533,S0003,PARTY BUNTING,1,2024-02-22,20.47,10123
INV684194,S0001,REGENCY CAKESTAND 3 TIER,18,2024-01-01,41.38,10118
INV749137,S0019,MINI PAINT SET VINTAGE,10,2024-09-17,28.34,10294
INV457411,S0014,DOORMAT NEW ENGLAND,12,2024-01-28,40.92,10159
INV448098,S0014,DOORMAT NEW ENGLAND,18,2024-11-13,30.2,10228
INV850689,S0011,ALARM CLOCK BAKELIKE GREEN,15,2024-02-28,5.32,10216
INV102303,S0007,KNITTED UNION FLAG HOT WATER BOTTLE,11,2024-06-30,41.58,10184
INV674295,S0009,JAM MAKING SET WITH JARS,17,2024-07-10,35.25,10015
INV272129,S0001,REGENCY CAKESTAND 3 TIER,16,2024-03-12,41.18,10157
INV212157,S0013,BATH BUILDING BLOCK WORD,9,2024-11-08,10.2,10136
INV993590,S0003,PARTY BUNTING,13,2024-04-20,23.12,10261
INV851606,S0006,WOODEN PICTURE FRAME WHITE FINISH,11,2024-02-25,37.98,10157
INV764000,S0001,REGENCY CAKESTAND 3 TIER,19,2024-03-04,38.72,10047
INV579605,S0014,DOORMAT NEW ENGLAND,19,2024-09-15,7.16,10173
INV104548,S0015,SET 2 TEA TOWELS I LOVE LONDON,17,2024-01-25,27.88,10130
INV979562,S0013,BATH BUILDING BLOCK WORD,19,2024-09-04,46.26,10095
INV825423,S0005,SET OF 3 CAKE TINS PANTRY DESIGN,19,2024-03-29,36.66,10115
INV208584,S0004,LUNCH BAG RED RETROSPOT,13,2024-12-02,30.23,10243
INV628597,S0010,RED WOOLLY HOTTIE WHITE HEART,13,2024-08-02,48.99,10292
INV386886,S0007,KNITTED UNION FLAG HOT WATER BOTTLE,13,2024-06-24,48.54,10282
INV943890,S0014,DOORMAT NEW ENGLAND,5,2024-03-11,20.93,10299
INV413433,S0016,VINTAGE BILLBOARD DRINK ME MUG,18,2024-06-09,35.74,10283
INV763311,S0017,PAPER CHAIN KIT 50S CHRISTMAS,7,2024-04-12,10.88,10069
INV819964,S0009,JAM MAKING SET WITH JARS,12,2024-12-10,7.07,10148
INV628370,S0005,SET OF 3 CAKE TINS PANTRY DESIGN,18,2024-12-21,32.03,10011
INV897730,S0003,PARTY BUNTING,12,2024-10-14,24.28,10254
INV799565,S0018,BROCADE RING PURSE,14,2024-12-11,37.52,10038
INV399817,S0017,PAPER CHAIN KIT 50S CHRISTMAS,14,2024-01-07,26.38,10134
INV499371,S0000,WHITE HANGING HEART T-LIGHT HOLDER,5,2024-01-28,33.68,10200
INV379947,S0006,WOODEN PICTURE FRAME WHITE FINISH,6,2024-05-26,34.33,10023
INV980155,S0004,LUNCH BAG RED RETROSPOT,2,2024-12-19,39.33,10218
INV890200,S0006,WOODEN PICTURE FRAME WHITE FINISH,18,2024-01-17,18.25,10141
INV207458,S0014,DOORMAT NEW ENGLAND,20,2024-12-11,37.1,10104
INV878476,S0007,KNITTED UNION FLAG HOT WATER BOTTLE,18,2024-07-18,12.26,10210
INV826596,S0009,JAM MAKING SET WITH JARS,2,2024-07-14,19.68,10111
INV678944,S0010,RED WOOLLY HOTTIE WHITE HEART,2,2024-01-07,37.31,10104
INV750706,S0006,WOODEN PICTURE FRAME WHITE FINISH,15,2024-04-25,45.62,10171
INV891787,S0011,ALARM CLOCK BAKELIKE GREEN,19,2024-10-06,37.05,10133
INV913848,S0006,WOODEN PICTURE FRAME WHITE FINISH,7,2024-05-30,22.72,10293
INV296059,S0002,JUMBO BAG RED RETROSPOT,6,2024-09-20,6.41,10127
INV549323,S0001,REGENCY CAKESTAND 3 TIER,9,2024-10-11,13.58,10106
INV712353,S0005,SET OF 3 CAKE TINS PANTRY DESIGN,9,2024-01-03,16.86,10092
INV141880,S0004,LUNCH BAG RED RETROSPOT,5,2024-06-14,30.05,10287
INV984096,S0019,MINI PAINT SET VINTAGE,10,2024-09-08,39.6,10051
INV475479,S0017,PAPER CHAIN KIT 50S CHRISTMAS,3,2024-12-28,16.23,10029
INV292800,S0007,KNITTED UNION FLAG HOT WATER BOTTLE,17,2024-02-04,39.42,10296
INV536135,S0005,SET OF 3 CAKE TINS PANTRY DESIGN,18,2024-10-01,20.47,10297
INV331942,S0011,ALARM CLOCK BAKELIKE GREEN,7,2024-12-05,16.93,10214
INV407835,S0011,ALARM CLOCK BAKELIKE GREEN,7,2024-11-12,26.76,10267
INV963699,S0017,PAPER CHAIN KIT 50S CHRISTMAS,1,2024-02-28,33.61,10257
INV352023,S0014,DOORMAT NEW ENGLAND,20,2024-11-14,12.57,10101
INV815706,S0001,REGENCY CAKESTAND 3 TIER,11,2024-07-14,45.84,10110
INV504620,S0003,PARTY BUNTING,9,2024-10-03,36.34,10182
INV641975,S0000,WHITE HANGING HEART T-LIGHT HOLDER,12,2024-09-20,40.24,10001
INV610451,S0014,DOORMAT NEW ENGLAND,2,2024-05-31,44.96,10055
INV435872,S0006,WOODEN PICTURE FRAME WHITE FINISH,17,2024-02-12,47.44,10149
INV910883,S0005,SET OF 3 CAKE TINS PANTRY DESIGN,18,2024-09-30,0.86,10137
INV321020,S0002,JUMBO BAG RED RETROSPOT,7,2024-12-16,21.5,10202
INV315565,S0003,PARTY BUNTING,18,2024-12-25,43.99,10117
INV777968,S0013,BATH BUILDING BLOCK WORD,3,2024-12-17,8.11,10154
INV851690,S0014,DOORMAT NEW ENGLAND,11,2024-01-20,4.83,10291
INV286638,S0001,REGENCY CAKESTAND 3 TIER,9,2024-10-12,3.99,10063
INV371212,S0007,KNITTED UNION FLAG HOT WATER BOTTLE,14,2024-07-17,22.83,10244
INV554059,S0012,SPOTTY BUNTING,11,2024-01-09,19.78,10025
INV660814,S0003,PARTY BUNTING,1,2024-11-24,36.15,10090
INV892682,S0002,JUMBO BAG RED RETROSPOT,19,2024-01-24,35.19,10075
INV475075,S0002,JUMBO BAG RED RETROSPOT,17,2024-02-24,14.85,10294
INV736030,S0009,JAM MAKING SET WITH JARS,3,2024-05-24,38.38,10210
INV499941,S0014,DOORMAT NEW ENGLAND,13,2024-12-04,2.03,10017
INV659381,S0005,SET OF 3 CAKE TINS PANTRY DESIGN,8,2024-03-10,37.46,10128
INV409307,S0017,PAPER CHAIN KIT 50S CHRISTMAS,5,2024-06-01,34.03,10251
INV111691,S0011,ALARM CLOCK BAKELIKE GREEN,18,2024-10-11,7.5,10179
INV105274,S0001,REGENCY CAKESTAND 3 TIER,19,2024-11-01,20.01,10182
INV189261,S0017,PAPER CHAIN KIT 50S CHRISTMAS,10,2024-04-17,37.54,10152
INV322022,S0011,ALARM CLOCK BAKELIKE GREEN,14,2024-11-26,42.65,10025
INV268772,S0004,LUNCH BAG RED RETROSPOT,6,2024-04-23,31.04,10180
INV303765,S0008,CREAM CUPID HEARTS COAT HANGER,4,2024-04-02,33.71,10198
INV993650,S0018,BROCADE RING PURSE,2,2024-10-08,23.33,10161
INV176697,S0017,PAPER CHAIN KIT 50S CHRISTMAS,10,2024-12-09,3.83,10177
INV307007,S0003,PARTY BUNTING,19,2024-09-06,47.6,10285
INV234443,S0011,ALARM CLOCK BAKELIKE GREEN,8,2024-02-21,14.61,10063
INV302897,S0002,JUMBO BAG RED RETROSPOT,11,2024-09-05,22.81,10150
INV791454,S0019,MINI PAINT SET VINTAGE,10,2024-12-21,29.42,10154
INV694397,S0018,BROCADE RING PURSE,12,2024-06-10,47.95,10156
INV105066,S0005,SET OF 3 CAKE TINS PANTRY DESIGN,11,2024-05-06,39.39,10049
INV390119,S0013,BATH BUILDING BLOCK WORD,12,2024-03-09,34.14,10084
INV603268,S0010,RED WOOLLY HOTTIE WHITE HEART,15,2024-08-16,18.26,10177
INV610626,S0009,JAM MAKING SET WITH JARS,18,2024-02-25,9.2,10148
INV185955,S0019,MINI PAINT SET VINTAGE,9,2024-03-12,44.62,10118
INV376021,S0006,WOODEN PICTURE FRAME WHITE FINISH,3,2024-02-08,44.66,10063
INV762308,S0016,VINTAGE BILLBOARD DRINK ME MUG,1,2024-10-24,29.16,10189
INV323095,S0018,BROCADE RING PURSE,2,2024-10-09,13.4,10049
INV595036,S0017,PAPER CHAIN KIT 50S CHRISTMAS,5,2024-07-06,19.93,10257
INV868844,S0018,BROCADE RING PURSE,10,2024-03-09,23.5,10224
INV194952,S0016,VINTAGE BILLBOARD DRINK ME MUG,13,2024-07-05,25.36,10141
INV989173,S0007,KNITTED UNION FLAG HOT WATER BOTTLE,20,2024-12-16,8.71,10215
INV247189,S0016,VINTAGE BILLBOARD DRINK ME MUG,15,2024-03-22,9.37,10211
INV791444,S0018,BROCADE RING PURSE,5,2024-09-04,46.99,10032
INV329448,S0001,REGENCY CAKESTAND 3 TIER,16,2024-04-28,3.61,10158
INV345386,S0011,ALARM CLOCK BAKELIKE GREEN,2,2024-12-08,10.74,10285
INV506945,S0011,ALARM CLOCK BAKELIKE GREEN,16,2024-08-20,44.14,10286
INV780027,S0001,REGENCY CAKESTAND 3 TIER,11,2024-02-22,35.33,10144
INV764343,S0016,VINTAGE BILLBOARD DRINK ME MUG,9,2024-05-14,29.14,10019
INV282294,S0018,BROCADE RING PURSE,13,2024-11-30,19.24,10018
INV785073,S0018,BROCADE RING PURSE,3,2024-09-21,12.95,10257
INV641455,S0007,KNITTED UNION FLAG HOT WATER BOTTLE,13,2024-06-29,40.95,10078
INV610511,S0011,ALARM CLOCK BAKELIKE GREEN,16,2024-11-05,0.83,10175
INV561267,S0004,LUNCH BAG RED RETROSPOT,6,2024-04-27,4.32,10194
INV321791,S0008,CREAM CUPID HEARTS COAT HANGER,5,2024-04-05,8.29,10113
INV852146,S0019,MINI PAINT SET VINTAGE,4,2024-12-04,11.9,10114
INV855242,S0010,RED WOOLLY HOTTIE WHITE HEART,4,2024-09-03,33.92,10222
INV320939,S0015,SET 2 TEA TOWELS I LOVE LONDON,19,2024-03-23,32.54,10166
INV123536,S0013,BATH BUILDING BLOCK WORD,8,2024-01-23,6.83,10132
INV268956,S0018,BROCADE RING PURSE,5,2024-11-18,25.88,10264
INV253999,S0018,BROCADE RING PURSE,2,2024-03-26,13.28,10055
INV641737,S0005,SET OF 3 CAKE TINS PANTRY DESIGN,13,2024-11-02,48.48,10131
INV854500,S0000,WHITE HANGING HEART T-LIGHT HOLDER,10,2024-02-13,11.22,10288
INV594312,S0019,MINI PAINT SET VINTAGE,16,2024-03-28,11.36,10266
INV730025,S0013,BATH BUILDING BLOCK WORD,5,2024-10-25,41.11,10162
INV753484,S0005,SET OF 3 CAKE TINS PANTRY DESIGN,17,2024-05-15,8.8,10087
INV575497,S0010,RED WOOLLY HOTTIE WHITE HEART,20,2024-10-29,3.91,10055
INV504186,S0012,SPOTTY BUNTING,5,2024-02-25,1.32,10288
INV628859,S0016,VINTAGE BILLBOARD DRINK ME MUG,14,2024-03-17,30.47,10178
INV598985,S0005,SET OF 3 CAKE TINS PANTRY DESIGN,20,2024-11-03,2.43,10008
INV627778,S0017,PAPER CHAIN KIT 50S CHRISTMAS,4,2024-02-17,24.37,10247
INV732789,S0004,LUNCH BAG RED RETROSPOT,18,2024-01-01,44.9,10255
INV647403,S0013,BATH BUILDING BLOCK WORD,14,2024-07-08,43.8,10054
INV549793,S0016,VINTAGE BILLBOARD DRINK ME MUG,8,2024-09-03,39.58,10249
INV467544,S0012,SPOTTY BUNTING,19,2024-12-22,29.02,10239
INV240386,S0013,BATH BUILDING BLOCK WORD,9,2024-09-01,38.41,10229
INV397026,S0002,JUMBO BAG RED RETROSPOT,20,2024-10-05,20.73,10067
INV105735,S0006,WOODEN PICTURE FRAME WHITE FINISH,1,2024-10-22,26.37,10051
INV107543,S0016,VINTAGE BILLBOARD DRINK ME MUG,13,2024-12-01,10.67,10097
INV528705,S0010,RED WOOLLY HOTTIE WHITE HEART,12,2024-02-24,8.16,10092
INV365953,S0018,BROCADE RING PURSE,9,2024-10-01,21.47,10264
INV741603,S0011,ALARM CLOCK BAKELIKE GREEN,9,2024-12-14,20.17,10291
INV533301,S0006,WOODEN PICTURE FRAME WHITE FINISH,18,2024-10-12,24.38,10096
INV686252,S0011,ALARM CLOCK BAKELIKE GREEN,18,2024-09-04,13.06,10088
INV705711,S0009,JAM MAKING SET WITH JARS,12,2024-12-27,20.21,10078
INV996531,S0004,LUNCH BAG RED RETROSPOT,4,2024-04-27,22.61,10288
INV205149,S0005,SET OF 3 CAKE TINS PANTRY DESIGN,7,2024-09-17,20.33,10120
INV939756,S0010,RED WOOLLY HOTTIE WHITE HEART,18,2024-11-10,35.0,10165
INV268546,S0001,REGENCY CAKESTAND 3 TIER,13,2024-11-21,0.76,10182
INV963245,S0002,JUMBO BAG RED RETROSPOT,5,2024-08-29,46.33,10223
INV192422,S0013,BATH BUILDING BLOCK WORD,3,2024-05-14,11.48,10007
INV738613,S0002,JUMBO BAG RED RETROSPOT,2,2024-07-15,46.57,10263
INV743789,S0012,SPOTTY BUNTING,17,2024-05-26,35.72,10161
INV160254,S0019,MINI PAINT SET VINTAGE,6,2024-11-23,24.97,10151
INV311505,S0000,WHITE HANGING HEART T-LIGHT HOLDER,17,2024-05-26,10.14,10085
INV635348,S0019,MINI PAINT SET VINTAGE,17,2024-12-23,11.97,10147
INV806765,S0005,SET OF 3 CAKE TINS PANTRY DESIGN,2,2024-07-03,12.34,10112
INV265092,S0000,WHITE HANGING HEART T-LIGHT HOLDER,3,2024-05-21,39.09,10036
INV802191,S0011,ALARM CLOCK BAKELIKE GREEN,13,2024-07-26,29.51,10285
INV116112,S0016,VINTAGE BILLBOARD DRINK ME MUG,3,2024-02-16,27.7,10188
INV711248,S0017,PAPER CHAIN KIT 50S CHRISTMAS,12,2024-06-26,48.18,10082
INV337288,S0008,CREAM CUPID HEARTS COAT HANGER,20,2024-04-09,23.01,10002
INV702833,S0012,SPOTTY BUNTING,1,2024-05-13,9.16,10197
INV211636,S0016,VINTAGE BILLBOARD DRINK ME MUG,18,2024-02-07,25.41,10011
INV222692,S0010,RED WOOLLY HOTTIE WHITE HEART,17,2024-05-11,43.87,10234
INV362292,S0018,BROCADE RING PURSE,15,2024-07-12,28.38,10195
INV894268,S0007,KNITTED UNION FLAG HOT WATER BOTTLE,11,2024-08-22,34.24,10119
INV128679,S0018,BROCADE RING PURSE,16,2024-02-29,13.26,10020
INV764442,S0012,SPOTTY BUNTING,8,2024-12-12,35.21,10261
INV532459,S0010,RED WOOLLY HOTTIE WHITE HEART,12,2024-09-21,27.01,10293
INV360316,S0008,CREAM CUPID HEARTS COAT HANGER,10,2024-02-17,20.25,10256
INV179721,S0010,RED WOOLLY HOTTIE WHITE HEART,18,2024-04-01,24.09,10222
INV329183,S0011,ALARM CLOCK BAKELIKE GREEN,19,2024-05-17,9.55,10226
INV623238,S0006,WOODEN PICTURE FRAME WHITE FINISH,7,2024-04-30,36.9,10053
INV316823,S0008,CREAM CUPID HEARTS COAT HANGER,8,2024-04-13,41.83,10280
INV473321,S0019,MINI PAINT SET VINTAGE,5,2024-02-24,6.43,10081
INV808640,S0002,JUMBO BAG RED RETROSPOT,16,2024-11-10,0.83,10202
INV144316,S0017,PAPER CHAIN KIT 50S CHRISTMAS,16,2024-07-09,31.22,10158
INV702427,S0015,SET 2 TEA TOWELS I LOVE LONDON,9,2024-09-08,9.55,10120
INV393880,S0016,VINTAGE BILLBOARD DRINK ME MUG,13,2024-04-23,37.63,10059
INV156778,S0004,LUNCH BAG RED RETROSPOT,17,2024-08-04,24.18,10215
INV134144,S0017,PAPER CHAIN KIT 50S CHRISTMAS,17,2024-06-26,19.99,10128
INV579404,S0005,SET OF 3 CAKE TINS PANTRY DESIGN,4,2024-12-23,26.15,10224
INV822689,S0010,RED WOOLLY HOTTIE WHITE HEART,1,2024-01-07,33.87,10209
INV709231,S0012,SPOTTY BUNTING,4,2024-06-15,18.4,10115
INV296243,S0008,CREAM CUPID HEARTS COAT HANGER,18,2024-05-14,12.24,10209
INV742865,S0015,SET 2 TEA TOWELS I LOVE LONDON,11,2024-07-06,9.6,10014
INV320759,S0013,BATH BUILDING BLOCK WORD,14,2024-12-24,37.73,10009
INV995825,S0011,ALARM CLOCK BAKELIKE GREEN,13,2024-05-23,22.81,10040
INV237509,S0018,BROCADE RING PURSE,19,2024-12-17,11.81,10237
INV855829,S0003,PARTY BUNTING,9,2024-04-30,27.99,10281
INV305587,S0012,SPOTTY BUNTING,5,2024-03-17,23.91,10201
INV285186,S0000,WHITE HANGING HEART T-LIGHT HOLDER,14,2024-09-12,7.16,10246
INV659921,S0016,VINTAGE BILLBOARD DRINK ME MUG,11,2024-09-06,15.35,10278
INV695417,S0017,PAPER CHAIN KIT 50S CHRISTMAS,2,2024-07-22,5.4,10235
INV162952,S0005,SET OF 3 CAKE TINS PANTRY DESIGN,7,2024-05-10,24.09,10004
INV571706,S0003,PARTY BUNTING,11,2024-05-13,18.37,10154
INV684572,S0017,PAPER CHAIN KIT 50S CHRISTMAS,9,2024-06-25,1.48,10029
INV468145,S0003,PARTY BUNTING,20,2024-04-11,29.05,10109
INV283017,S0017,PAPER CHAIN KIT 50S CHRISTMAS,10,2024-06-30,16.59,10098
INV611174,S0016,VINTAGE BILLBOARD DRINK ME MUG,15,2024-02-10,19.36,10215
INV586279,S0009,JAM MAKING SET WITH JARS,5,2024-03-26,32.21,10293
INV542306,S0010,RED WOOLLY HOTTIE WHITE HEART,20,2024-10-19,20.54,10075
INV182954,S0002,JUMBO BAG RED RETROSPOT,6,2024-06-24,11.8,10146
INV784733,S0010,RED WOOLLY HOTTIE WHITE HEART,10,2024-12-29,13.74,10128
INV384424,S0012,SPOTTY BUNTING,15,2024-07-04,37.52,10042
INV572161,S0016,VINTAGE BILLBOARD DRINK ME MUG,14,2024-03-26,9.6,10041
INV231113,S0000,WHITE HANGING HEART T-LIGHT HOLDER,8,2024-12-04,12.96,10034
INV320800,S0002,JUMBO BAG RED RETROSPOT,6,2024-07-22,5.6,10017
INV596171,S0002,JUMBO BAG RED RETROSPOT,18,2024-01-28,1.81,10165
INV649435,S0012,SPOTTY BUNTING,3,2024-02-23,13.49,10153
INV188406,S0004,LUNCH BAG RED RETROSPOT,13,2024-06-07,11.85,10076
INV564687,S0009,JAM MAKING SET WITH JARS,5,2024-03-08,26.57,10087
INV129959,S0005,SET OF 3 CAKE TINS PANTRY DESIGN,2,2024-12-05,18.16,10117
INV599284,S0010,RED WOOLLY HOTTIE WHITE HEART,15,2024-10-03,46.78,10027
INV566453,S0017,PAPER CHAIN KIT 50S CHRISTMAS,5,2024-12-23,27.19,10287
INV726612,S0018,BROCADE RING PURSE,15,2024-11-19,37.57,10134
INV556106,S0018,BROCADE RING PURSE,17,2024-11-23,32.16,10219
INV464032,S0009,JAM MAKING SET WITH JARS,16,2024-10-03,11.74,10168
INV563324,S0002,JUMBO BAG RED RETROSPOT,10,2024-07-06,20.9,10098
INV418319,S0004,LUNCH BAG RED RETROSPOT,1,2024-01-01,26.4,10268
INV460589,S0004,LUNCH BAG RED RETROSPOT,10,2024-08-28,26.99,10237
INV892170,S0015,SET 2 TEA TOWELS I LOVE LONDON,16,2024-06-02,0.95,10173
INV936726,S0013,BATH BUILDING BLOCK WORD,10,2024-11-01,11.95,10190
INV674842,S0000,WHITE HANGING HEART T-LIGHT HOLDER,12,2024-04-06,20.88,10122
INV558339,S0017,PAPER CHAIN KIT 50S CHRISTMAS,13,2024-05-07,8.58,10046
INV968668,S0012,SPOTTY BUNTING,13,2024-04-22,13.52,10064
INV755698,S0013,BATH BUILDING BLOCK WORD,8,2024-09-21,38.34,10130
INV946803,S0019,MINI PAINT SET VINTAGE,9,2024-05-25,32.6,10193
INV948097,S0017,PAPER CHAIN KIT 50S CHRISTMAS,9,2024-07-30,9.81,10181
INV291267,S0002,JUMBO BAG RED RETROSPOT,5,2024-05-28,5.96,10292
INV747736,S0014,DOORMAT NEW ENGLAND,15,2024-05-19,35.17,10282
INV296911,S0015,SET 2 TEA TOWELS I LOVE LONDON,11,2024-01-10,8.03,10029
INV123205,S0017,PAPER CHAIN KIT 50S CHRISTMAS,6,2024-02-22,14.46,10149
INV849937,S0004,LUNCH BAG RED RETROSPOT,15,2024-01-05,12.02,10267
INV115440,S0004,LUNCH BAG RED RETROSPOT,16,2024-04-21,17.42,10296
INV923892,S0009,JAM MAKING SET WITH JARS,16,2024-07-09,23.45,10011
INV446290,S0001,REGENCY CAKESTAND 3 TIER,3,2024-03-15,3.27,10164
INV174852,S0012,SPOTTY BUNTING,18,2024-08-28,9.49,10113
INV956949,S0008,CREAM CUPID HEARTS COAT HANGER,13,2024-01-07,6.54,10187
INV503489,S0007,KNITTED UNION FLAG HOT WATER BOTTLE,15,2024-05-06,37.01,10295
INV308855,S0001,REGENCY CAKESTAND 3 TIER,15,2024-02-18,26.3,10232
INV595793,S0006,WOODEN PICTURE FRAME WHITE FINISH,13,2024-12-14,48.08,10227
INV266316,S0010,RED WOOLLY HOTTIE WHITE HEART,2,2024-10-08,26.29,10098
INV604605,S0008,CREAM CUPID HEARTS COAT HANGER,10,2024-04-11,18.34,10055
INV799080,S0001,REGENCY CAKESTAND 3 TIER,7,2024-02-27,12.18,10111
INV440277,S0013,BATH BUILDING BLOCK WORD,1,2024-03-26,39.82,10152
INV225461,S0018,BROCADE RING PURSE,13,2024-05-04,0.94,10246
INV709303,S0001,REGENCY CAKESTAND 3 TIER,16,2024-12-18,30.01,10069
INV908239,S0011,ALARM CLOCK BAKELIKE GREEN,3,2024-05-07,8.31,10289
INV819265,S0002,JUMBO BAG RED RETROSPOT,20,2024-06-22,46.58,10250
INV162678,S0001,REGENCY CAKESTAND 3 TIER,12,2024-11-26,8.12,10036
INV929912,S0017,PAPER CHAIN KIT 50S CHRISTMAS,4,2024-03-05,24.65,10239
INV685472,S0010,RED WOOLLY HOTTIE WHITE HEART,12,2024-08-12,36.79,10148
INV822730,S0000,WHITE HANGING HEART T-LIGHT HOLDER,13,2024-07-02,36.36,10227
INV141406,S0008,CREAM CUPID HEARTS COAT HANGER,16,2024-12-27,22.16,10244
INV669097,S0009,JAM MAKING SET WITH JARS,16,2024-04-07,28.55,10201
INV464552,S0017,PAPER CHAIN KIT 50S CHRISTMAS,11,2024-08-27,14.13,10154
INV681456,S0019,MINI PAINT SET VINTAGE,6,2024-02-05,26.79,10073
INV410035,S0014,DOORMAT NEW ENGLAND,9,2024-10-04,18.67,10201
INV913608,S0000,WHITE HANGING HEART T-LIGHT HOLDER,17,2024-07-13,36.82,10296
INV749838,S0000,WHITE HANGING HEART T-LIGHT HOLDER,12,2024-11-13,12.32,10017
INV790266,S0002,JUMBO BAG RED RETROSPOT,18,2024-07-17,9.9,10129
INV902930,S0015,SET 2 TEA TOWELS I LOVE LONDON,18,2024-03-19,30.85,10217
INV529711,S0010,RED WOOLLY HOTTIE WHITE HEART,11,2024-02-26,5.26,10061
INV145903,S0002,JUMBO BAG RED RETROSPOT,5,2024-04-01,43.74,10104
INV212255,S0006,WOODEN PICTURE FRAME WHITE FINISH,16,2024-04-08,5.39,10042
INV772925,S0018,BROCADE RING PURSE,13,2024-12-02,24.75,10025
INV835381,S0019,MINI PAINT SET VINTAGE,19,2024-05-11,2.93,10039
INV735388,S0007,KNITTED UNION FLAG HOT WATER BOTTLE,3,2024-01-07,46.55,10291
INV787603,S0006,WOODEN PICTURE FRAME WHITE FINISH,16,2024-02-10,23.67,10131
INV478458,S0001,REGENCY CAKESTAND 3 TIER,18,2024-07-31,41.19,10229
INV963652,S0001,REGENCY CAKESTAND 3 TIER,20,2024-05-16,26.69,10108
INV974991,S0002,JUMBO BAG RED RETROSPOT,10,2024-02-09,47.26,10172
INV201836,S0016,VINTAGE BILLBOARD DRINK ME MUG,4,2024-04-28,26.82,10102
INV302500,S0006,WOODEN PICTURE FRAME WHITE FINISH,17,2024-12-02,12.81,10012
INV685549,S0005,SET OF 3 CAKE TINS PANTRY DESIGN,18,2024-07-31,37.43,10275
INV475351,S0018,BROCADE RING PURSE,15,2024-12-25,33.43,10101
INV274912,S0003,PARTY BUNTING,6,2024-10-08,20.38,10044
INV789472,S0010,RED WOOLLY HOTTIE WHITE HEART,6,2024-09-30,49.92,10017
INV469438,S0014,DOORMAT NEW ENGLAND,11,2024-10-08,49.58,10057
INV985893,S0010,RED WOOLLY HOTTIE WHITE HEART,12,2024-07-30,38.33,10012
INV966286,S0013,BATH BUILDING BLOCK WORD,11,2024-11-07,12.42,10080
INV324319,S0017,PAPER CHAIN KIT 50S CHRISTMAS,13,2024-10-08,46.34,10216
INV477496,S0008,CREAM CUPID HEARTS COAT HANGER,15,2024-08-17,48.01,10264
INV861594,S0000,WHITE HANGING HEART T-LIGHT HOLDER,2,2024-05-25,29.99,10149
INV241647,S0016,VINTAGE BILLBOARD DRINK ME MUG,10,2024-01-04,15.37,10081
INV325258,S0007,KNITTED UNION FLAG HOT WATER BOTTLE,11,2024-01-12,38.69,10215
INV680557,S0008,CREAM CUPID HEARTS COAT HANGER,17,2024-10-11,28.75,10198
INV262230,S0018,BROCADE RING PURSE,4,2024-01-20,23.29,10200
INV245131,S0004,LUNCH BAG RED RETROSPOT,9,2024-07-06,44.54,10025
INV344312,S0007,KNITTED UNION FLAG HOT WATER BOTTLE,9,2024-06-02,5.05,10089
INV696707,S0012,SPOTTY BUNTING,7,2024-02-09,36.32,10268
INV281301,S0015,SET 2 TEA TOWELS I LOVE LONDON,16,2024-12-19,35.29,10143
INV724145,S0003,PARTY BUNTING,10,2024-01-20,36.67,10059
INV500080,S0018,BROCADE RING PURSE,3,2024-01-29,46.13,10026
INV464831,S0010,RED WOOLLY HOTTIE WHITE HEART,14,2024-08-01,46.55,10047
INV907812,S0003,PARTY BUNTING,8,2024-11-30,42.55,10288
INV764678,S0000,WHITE HANGING HEART T-LIGHT HOLDER,13,2024-01-28,15.59,10266
INV434827,S0001,REGENCY CAKESTAND 3 TIER,18,2024-10-16,7.9,10016
INV831663,S0016,VINTAGE BILLBOARD DRINK ME MUG,8,2024-03-19,3.0,10199
INV567262,S0012,SPOTTY BUNTING,20,2024-10-21,25.48,10282
INV552917,S0007,KNITTED UNION FLAG HOT WATER BOTTLE,10,2024-07-20,7.83,10086
INV186554,S0010,RED WOOLLY HOTTIE WHITE HEART,16,2024-10-19,37.39,10250
INV518582,S0017,PAPER CHAIN KIT 50S CHRISTMAS,9,2024-02-13,20.23,10270
INV911414,S0013,BATH BUILDING BLOCK WORD,5,2024-03-10,24.31,10117
INV611559,S0006,WOODEN PICTURE FRAME WHITE FINISH,13,2024-11-29,28.78,10007
INV745919,S0017,PAPER CHAIN KIT 50S CHRISTMAS,17,2024-05-06,12.49,10137
INV914504,S0008,CREAM CUPID HEARTS COAT HANGER,14,2024-06-14,34.39,10176
INV193946,S0018,BROCADE RING PURSE,4,2024-12-09,20.97,10215
INV465227,S0011,ALARM CLOCK BAKELIKE GREEN,7,2024-06-13,17.55,10082
INV907069,S0000,WHITE HANGING HEART T-LIGHT HOLDER,10,2024-03-27,49.39,10223
INV961493,S0019,MINI PAINT SET VINTAGE,15,2024-11-15,7.72,10103
INV957915,S0001,REGENCY CAKESTAND 3 TIER,8,2024-04-12,34.43,10273
INV894541,S0004,LUNCH BAG RED RETROSPOT,3,2024-02-27,37.11,10014
INV751168,S0007,KNITTED UNION FLAG HOT WATER BOTTLE,5,2024-05-27,1.18,10159
INV419939,S0003,PARTY BUNTING,15,2024-08-29,1.63,10152
INV875959,S0006,WOODEN PICTURE FRAME WHITE FINISH,18,2024-04-18,10.59,10108
INV886804,S0016,VINTAGE BILLBOARD DRINK ME MUG,9,2024-10-07,24.41,10188
INV828834,S0004,LUNCH BAG RED RETROSPOT,1,2024-07-11,29.36,10098
INV145594,S0016,VINTAGE BILLBOARD DRINK ME MUG,9,2024-03-28,3.48,10131
INV927524,S0006,WOODEN PICTURE FRAME WHITE FINISH,20,2024-05-18,3.13,10293
INV169832,S0000,WHITE HANGING HEART T-LIGHT HOLDER,13,2024-12-04,13.93,10171
INV213132,S0011,ALARM CLOCK BAKELIKE GREEN,1,2024-05-29,43.44,10183
INV342397,S0012,SPOTTY BUNTING,13,2024-09-17,48.84,10039
INV430779,S0003,PARTY BUNTING,16,2024-11-01,26.81,10015
INV308535,S0005,SET OF 3 CAKE TINS PANTRY DESIGN,17,2024-08-22,28.25,10004
INV141683,S0000,WHITE HANGING HEART T-LIGHT HOLDER,8,2024-09-28,15.59,10210
INV512509,S0015,SET 2 TEA TOWELS I LOVE LONDON,6,2024-01-10,17.67,10161
INV472640,S0011,ALARM CLOCK BAKELIKE GREEN,10,2024-04-30,49.8,10016
INV389279,S0016,VINTAGE BILLBOARD DRINK ME MUG,2,2024-11-16,13.26,10108
INV954441,S0012,SPOTTY BUNTING,1,2024-10-11,47.48,10227
INV259077,S0007,KNITTED UNION FLAG HOT WATER BOTTLE,11,2024-07-20,33.02,10170
INV865344,S0002,JUMBO BAG RED RETROSPOT,13,2024-09-23,48.05,10034
INV755910,S0019,MINI PAINT SET VINTAGE,8,2024-08-01,12.4,10251
INV547180,S0004,LUNCH BAG RED RETROSPOT,10,2024-11-05,16.8,10247
INV238173,S0017,PAPER CHAIN KIT 50S CHRISTMAS,7,2024-11-30,7.36,10269
INV817276,S0017,PAPER CHAIN KIT 50S CHRISTMAS,7,2024-03-11,15.8,10141
INV241822,S0016,VINTAGE BILLBOARD DRINK ME MUG,14,2024-03-15,32.98,10274
INV265725,S0018,BROCADE RING PURSE,11,2024-02-04,28.09,10096
INV293079,S0003,PARTY BUNTING,11,2024-03-15,36.49,10227
INV534152,S0010,RED WOOLLY HOTTIE WHITE HEART,14,2024-06-04,22.43,10039
INV259338,S0008,CREAM CUPID HEARTS COAT HANGER,7,2024-02-24,7.01,10029
INV899484,S0000,WHITE HANGING HEART T-LIGHT HOLDER,20,2024-11-11,13.71,10245
INV742108,S0018,BROCADE RING PURSE,8,2024-11-01,11.99,10236
INV476712,S0000,WHITE HANGING HEART T-LIGHT HOLDER,3,2024-12-18,39.1,10185
INV626725,S0004,LUNCH BAG RED RETROSPOT,20,2024-08-28,35.74,10272
INV292913,S0011,ALARM CLOCK BAKELIKE GREEN,13,2024-09-08,23.96,10236
INV302647,S0005,SET OF 3 CAKE TINS PANTRY DESIGN,8,2024-01-17,20.73,10239
INV382967,S0000,WHITE HANGING HEART T-LIGHT HOLDER,14,2024-04-23,37.25,10266
INV894586,S0006,WOODEN PICTURE FRAME WHITE FINISH,7,2024-02-03,9.27,10065
INV747033,S0014,DOORMAT NEW ENGLAND,16,2024-12-18,16.58,10177
INV358771,S0014,DOORMAT NEW ENGLAND,14,2024-07-26,38.92,10003
INV871051,S0019,MINI PAINT SET VINTAGE,13,2024-06-09,20.01,10142
INV722650,S0018,BROCADE RING PURSE,18,2024-09-25,32.25,10158
INV645940,S0001,REGENCY CAKESTAND 3 TIER,4,2024-08-19,23.12,10146
INV357657,S0001,REGENCY CAKESTAND 3 TIER,17,2024-10-02,20.08,10293
INV684791,S0001,REGENCY CAKESTAND 3 TIER,13,2024-09-21,38.38,10153
INV299072,S0001,REGENCY CAKESTAND 3 TIER,10,2024-08-13,20.2,10193
INV911259,S0009,JAM MAKING SET WITH JARS,10,2024-08-24,8.74,10073
INV742917,S0009,JAM MAKING SET WITH JARS,2,2024-12-19,26.09,10140
INV586097,S0004,LUNCH BAG RED RETROSPOT,15,2024-02-16,36.27,10187
INV288503,S0003,PARTY BUNTING,19,2024-12-22,27.55,10293
INV533648,S0012,SPOTTY BUNTING,11,2024-08-18,1.73,10061
INV718990,S0014,DOORMAT NEW ENGLAND,7,2024-08-20,4.96,10198
INV825318,S0010,RED WOOLLY HOTTIE WHITE HEART,6,2024-03-04,5.01,10295
INV764873,S0014,DOORMAT NEW ENGLAND,12,2024-02-13,26.43,10011
INV862182,S0012,SPOTTY BUNTING,17,2024-11-09,47.51,10062
INV677079,S0012,SPOTTY BUNTING,13,2024-01-23,38.53,10226
INV692960,S0010,RED WOOLLY HOTTIE WHITE HEART,5,2024-03-24,43.51,10153
INV906519,S0005,SET OF 3 CAKE TINS PANTRY DESIGN,2,2024-08-02,15.75,10199
INV402808,S0014,DOORMAT NEW ENGLAND,6,2024-03-01,44.98,10052
INV103704,S0006,WOODEN PICTURE FRAME WHITE FINISH,20,2024-05-09,1.1,10260
INV996963,S0015,SET 2 TEA TOWELS I LOVE LONDON,16,2024-10-05,40.47,10059
INV617437,S0019,MINI PAINT SET VINTAGE,8,2024-04-21,29.65,10072
INV575779,S0015,SET 2 TEA TOWELS I LOVE LONDON,14,2024-08-14,4.43,10148
INV106892,S0019,MINI PAINT SET VINTAGE,8,2024-10-07,14.27,10063
INV959959,S0017,PAPER CHAIN KIT 50S CHRISTMAS,7,2024-01-26,9.65,10243
INV785010,S0001,REGENCY CAKESTAND 3 TIER,12,2024-01-19,7.7,10107
INV799396,S0001,REGENCY CAKESTAND 3 TIER,19,2024-11-04,15.27,10226
INV151413,S0002,JUMBO BAG RED RETROSPOT,4,2024-08-01,49.69,10218
INV804737,S0005,SET OF 3 CAKE TINS PANTRY DESIGN,10,2024-11-08,33.22,10241
INV700081,S0019,MINI PAINT SET VINTAGE,18,2024-03-31,48.33,10259
INV477685,S0018,BROCADE RING PURSE,2,2024-02-17,38.54,10262
INV486473,S0010,RED WOOLLY HOTTIE WHITE HEART,13,2024-02-04,38.04,10005
INV168079,S0017,PAPER CHAIN KIT 50S CHRISTMAS,10,2024-08-29,7.16,10261
INV445200,S0008,CREAM CUPID HEARTS COAT HANGER,17,2024-07-30,26.47,10054
INV741784,S0006,WOODEN PICTURE FRAME WHITE FINISH,2,2024-02-25,28.78,10047
INV191928,S0016,VINTAGE BILLBOARD DRINK ME MUG,16,2024-12-18,30.44,10215
INV547798,S0009,JAM MAKING SET WITH JARS,20,2024-06-11,13.35,10177
INV753518,S0018,BROCADE RING PURSE,12,2024-03-07,30.91,10009
INV644951,S0015,SET 2 TEA TOWELS I LOVE LONDON,16,2024-09-09,40.5,10099
INV344026,S0019,MINI PAINT SET VINTAGE,10,2024-04-09,0.58,10020
INV587467,S0000,WHITE HANGING HEART T-LIGHT HOLDER,4,2024-04-16,40.08,10241
INV534153,S0013,BATH BUILDING BLOCK WORD,2,2024-06-19,17.81,10061
INV111846,S0006,WOODEN PICTURE FRAME WHITE FINISH,7,2024-12-19,14.44,10178
INV422722,S0002,JUMBO BAG RED RETROSPOT,10,2024-09-16,27.72,10062
INV219366,S0000,WHITE HANGING HEART T-LIGHT HOLDER,11,2024-06-23,20.1,10145
INV745915,S0018,BROCADE RING PURSE,1,2024-03-30,10.1,10216
INV805139,S0010,RED WOOLLY HOTTIE WHITE HEART,16,2024-08-30,39.96,10003
INV604884,S0004,LUNCH BAG RED RETROSPOT,5,2024-11-17,23.3,10160
INV451387,S0017,PAPER CHAIN KIT 50S CHRISTMAS,15,2024-07-30,46.43,10227
INV975671,S0001,REGENCY CAKESTAND 3 TIER,17,2024-06-02,28.46,10269
INV682145,S0010,RED WOOLLY HOTTIE WHITE HEART,18,2024-01-10,10.81,10120
INV938373,S0010,RED WOOLLY HOTTIE WHITE HEART,12,2024-02-03,48.5,10089
INV981578,S0008,CREAM CUPID HEARTS COAT HANGER,1,2024-06-22,49.19,10068
INV983326,S0017,PAPER CHAIN KIT 50S CHRISTMAS,6,2024-10-19,30.48,10098
INV724103,S0005,SET OF 3 CAKE TINS PANTRY DESIGN,4,2024-06-06,35.41,10267
INV844321,S0010,RED WOOLLY HOTTIE WHITE HEART,2,2024-05-19,20.99,10105
INV349185,S0015,SET 2 TEA TOWELS I LOVE LONDON,12,2024-08-19,41.56,10123
INV326639,S0009,JAM MAKING SET WITH JARS,17,2024-06-03,9.16,10029
INV923073,S0011,ALARM CLOCK BAKELIKE GREEN,2,2024-04-13,45.71,10137
INV630573,S0014,DOORMAT NEW ENGLAND,1,2024-09-04,45.3,10195
INV299451,S0004,LUNCH BAG RED RETROSPOT,11,2024-09-04,36.76,10226
INV425434,S0016,VINTAGE BILLBOARD DRINK ME MUG,11,2024-03-14,38.59,10170
INV962074,S0003,PARTY BUNTING,17,2024-12-12,49.64,10009
INV859767,S0006,WOODEN PICTURE FRAME WHITE FINISH,2,2024-08-23,19.69,10040
INV221462,S0016,VINTAGE BILLBOARD DRINK ME MUG,1,2024-06-08,46.65,10025
INV191305,S0019,MINI PAINT SET VINTAGE,11,2024-08-27,44.51,10261
INV645865,S0003,PARTY BUNTING,10,2024-01-12,29.09,10226
INV769883,S0009,JAM MAKING SET WITH JARS,7,2024-06-13,10.43,10124
INV390088,S0009,JAM MAKING SET WITH JARS,18,2024-06-12,38.75,10038
INV385898,S0003,PARTY BUNTING,5,2024-03-21,14.05,10251
INV753205,S0000,WHITE HANGING HEART T-LIGHT HOLDER,18,2024-09-20,5.57,10176
INV467335,S0017,PAPER CHAIN KIT 50S CHRISTMAS,18,2024-06-12,13.92,10090
INV701969,S0009,JAM MAKING SET WITH JARS,8,2024-03-28,4.03,10037
INV455193,S0019,MINI PAINT SET VINTAGE,18,2024-08-15,3.01,10176
INV593602,S0000,WHITE HANGING HEART T-LIGHT HOLDER,2,2024-02-24,19.49,10284
INV547181,S0002,JUMBO BAG RED RETROSPOT,13,2024-04-01,35.38,10081
INV760047,S0018,BROCADE RING PURSE,15,2024-11-11,18.1,10114
INV957150,S0010,RED WOOLLY HOTTIE WHITE HEART,7,2024-12-09,40.56,10040
INV892453,S0002,JUMBO BAG RED RETROSPOT,15,2024-10-17,7.02,10224
INV201987,S0014,DOORMAT NEW ENGLAND,15,2024-06-07,34.38,10115
INV593403,S0014,DOORMAT NEW ENGLAND,8,2024-04-24,7.61,10186
INV370587,S0019,MINI PAINT SET VINTAGE,12,2024-07-19,9.58,10056
INV927094,S0010,RED WOOLLY HOTTIE WHITE HEART,11,2024-08-20,24.63,10040
INV598424,S0002,JUMBO BAG RED RETROSPOT,4,2024-06-28,24.19,10040
INV395968,S0005,SET OF 3 CAKE TINS PANTRY DESIGN,12,2024-11-05,28.95,10237
INV207932,S0016,VINTAGE BILLBOARD DRINK ME MUG,13,2024-02-24,16.63,10289
INV930924,S0002,JUMBO BAG RED RETROSPOT,10,2024-09-29,23.32,10262
INV533525,S0018,BROCADE RING PURSE,8,2024-11-13,12.56,10216
INV605806,S0005,SET OF 3 CAKE TINS PANTRY DESIGN,13,2024-02-03,17.37,10147
INV552091,S0018,BROCADE RING PURSE,14,2024-10-17,39.47,10168
INV827851,S0017,PAPER CHAIN KIT 50S CHRISTMAS,8,2024-03-29,33.3,10092
INV875282,S0002,JUMBO BAG RED RETROSPOT,19,2024-09-06,6.16,10059
INV585394,S0019,MINI PAINT SET VINTAGE,11,2024-10-11,5.33,10059
INV284731,S0014,DOORMAT NEW ENGLAND,10,2024-07-26,3.95,10169
INV818807,S0003,PARTY BUNTING,20,2024-07-13,16.71,10269
INV194930,S0001,REGENCY CAKESTAND 3 TIER,7,2024-03-12,44.42,10045
INV893853,S0000,WHITE HANGING HEART T-LIGHT HOLDER,5,2024-12-04,7.89,10181
INV405663,S0017,PAPER CHAIN KIT 50S CHRISTMAS,13,2024-11-11,29.11,10170
INV315651,S0006,WOODEN PICTURE FRAME WHITE FINISH,11,2024-06-02,28.73,10191
INV555844,S0009,JAM MAKING SET WITH JARS,12,2024-02-15,29.34,10155
INV635218,S0019,MINI PAINT SET VINTAGE,13,2024-03-06,42.7,10188
INV487158,S0001,REGENCY CAKESTAND 3 TIER,18,2024-01-28,0.54,10007
INV960622,S0017,PAPER CHAIN KIT 50S CHRISTMAS,12,2024-02-26,43.13,10133
INV346668,S0000,WHITE HANGING HEART T-LIGHT HOLDER,14,2024-12-25,29.71,10235
INV846348,S0010,RED WOOLLY HOTTIE WHITE HEART,13,2024-07-26,19.39,10045
INV321476,S0017,PAPER CHAIN KIT 50S CHRISTMAS,6,2024-08-31,7.38,10249
INV503277,S0017,PAPER CHAIN KIT 50S CHRISTMAS,12,2024-08-01,8.14,10031
INV240800,S0004,LUNCH BAG RED RETROSPOT,1,2024-02-06,32.6,10023
INV856379,S0004,LUNCH BAG RED RETROSPOT,16,2024-12-02,22.12,10160
INV188776,S0004,LUNCH BAG RED RETROSPOT,5,2024-11-24,40.39,10158
INV927251,S0014,DOORMAT NEW ENGLAND,20,2024-08-05,31.35,10039
INV634160,S0014,DOORMAT NEW ENGLAND,14,2024-10-09,41.09,10082
INV472566,S0012,SPOTTY BUNTING,8,2024-04-05,21.53,10258
INV706012,S0000,WHITE HANGING HEART T-LIGHT HOLDER,16,2024-05-01,35.75,10206
INV530794,S0008,CREAM CUPID HEARTS COAT HANGER,18,2024-10-22,18.67,10077
INV695748,S0001,REGENCY CAKESTAND 3 TIER,16,2024-12-26,18.74,10012
INV604923,S0018,BROCADE RING PURSE,3,2024-03-13,36.64,10295
INV887042,S0016,VINTAGE BILLBOARD DRINK ME MUG,9,2024-08-26,26.09,10224
INV739705,S0016,VINTAGE BILLBOARD DRINK ME MUG,3,2024-05-05,23.89,10013
INV817303,S0002,JUMBO BAG RED RETROSPOT,18,2024-10-23,15.97,10046
INV460234,S0001,REGENCY CAKESTAND 3 TIER,18,2024-01-06,23.71,10155
INV592025,S0016,VINTAGE BILLBOARD DRINK ME MUG,19,2024-06-18,21.34,10113
INV403257,S0009,JAM MAKING SET WITH JARS,6,2024-01-19,34.91,10233
INV885829,S0019,MINI PAINT SET VINTAGE,10,2024-10-15,13.39,10017
INV706224,S0015,SET 2 TEA TOWELS I LOVE LONDON,6,2024-10-20,3.06,10223
INV948188,S0009,JAM MAKING SET WITH JARS,20,2024-01-14,14.7,10188
INV232981,S0002,JUMBO BAG RED RETROSPOT,17,2024-02-09,42.65,10163
INV364294,S0008,CREAM CUPID HEARTS COAT HANGER,5,2024-11-11,14.41,10074
INV114892,S0008,CREAM CUPID HEARTS COAT HANGER,4,2024-11-05,9.14,10233
INV874863,S0018,BROCADE RING PURSE,5,2024-12-03,22.61,10224
INV373943,S0005,SET OF 3 CAKE TINS PANTRY DESIGN,8,2024-09-05,9.45,10060
INV134697,S0016,VINTAGE BILLBOARD DRINK ME MUG,11,2024-02-13,48.38,10222
INV961639,S0019,MINI PAINT SET VINTAGE,5,2024-09-10,37.76,10037
INV907789,S0013,BATH BUILDING BLOCK WORD,13,2024-05-01,33.2,10278
INV321099,S0005,SET OF 3 CAKE TINS PANTRY DESIGN,19,2024-06-25,3.19,10196
INV892182,S0008,CREAM CUPID HEARTS COAT HANGER,4,2024-01-27,8.8,10242
INV599365,S0012,SPOTTY BUNTING,10,2024-08-31,37.43,10219
INV345011,S0017,PAPER CHAIN KIT 50S CHRISTMAS,13,2024-12-15,35.43,10192
INV375382,S0015,SET 2 TEA TOWELS I LOVE LONDON,5,2024-09-28,43.58,10017
INV402820,S0000,WHITE HANGING HEART T-LIGHT HOLDER,15,2024-07-14,34.09,10012
INV816047,S0016,VINTAGE BILLBOARD DRINK ME MUG,2,2024-02-19,45.93,10193
INV985249,S0011,ALARM CLOCK BAKELIKE GREEN,14,2024-11-08,45.94,10022
INV451238,S0008,CREAM CUPID HEARTS COAT HANGER,9,2024-05-16,40.21,10120
INV786128,S0008,CREAM CUPID HEARTS COAT HANGER,19,2024-07-19,23.32,10210
INV869983,S0007,KNITTED UNION FLAG HOT WATER BOTTLE,19,2024-04-09,26.24,10270
INV428487,S0005,SET OF 3 CAKE TINS PANTRY DESIGN,18,2024-01-06,33.8,10192
INV112542,S0002,JUMBO BAG RED RETROSPOT,14,2024-02-20,26.5,10175
INV468591,S0014,DOORMAT NEW ENGLAND,8,2024-05-25,12.97,10285
INV124851,S0001,REGENCY CAKESTAND 3 TIER,20,2024-02-17,3.32,10204
INV788500,S0019,MINI PAINT SET VINTAGE,7,2024-11-02,32.09,10164
INV190582,S0003,PARTY BUNTING,20,2024-03-07,19.11,10251
INV942216,S0018,BROCADE RING PURSE,6,2024-02-26,34.93,10227
INV408877,S0008,CREAM CUPID HEARTS COAT HANGER,15,2024-12-04,46.84,10007
INV389809,S0014,DOORMAT NEW ENGLAND,14,2024-12-20,45.22,10029
INV369836,S0010,RED WOOLLY HOTTIE WHITE HEART,6,2024-02-07,14.23,10033
INV501393,S0001,REGENCY CAKESTAND 3 TIER,13,2024-06-19,49.8,10134
INV952283,S0008,CREAM CUPID HEARTS COAT HANGER,9,2024-04-01,22.31,10079
INV310416,S0015,SET 2 TEA TOWELS I LOVE LONDON,20,2024-07-20,9.33,10058
INV213697,S0015,SET 2 TEA TOWELS I LOVE LONDON,5,2024-10-03,38.55,10026
INV743790,S0006,WOODEN PICTURE FRAME WHITE FINISH,4,2024-08-14,35.91,10226
INV136554,S0003,PARTY BUNTING,3,2024-02-06,28.78,10285
INV914992,S0008,CREAM CUPID HEARTS COAT HANGER,15,2024-01-10,44.88,10004
INV784578,S0004,LUNCH BAG RED RETROSPOT,1,2024-01-20,33.4,10099
INV258971,S0008,CREAM CUPID HEARTS COAT HANGER,11,2024-07-19,28.94,10039
INV841978,S0016,VINTAGE BILLBOARD DRINK ME MUG,16,2024-09-01,22.08,10271
INV666366,S0002,JUMBO BAG RED RETROSPOT,8,2024-01-02,19.53,10285
INV227091,S0015,SET 2 TEA TOWELS I LOVE LONDON,19,2024-10-01,46.78,10157
INV449636,S0011,ALARM CLOCK BAKELIKE GREEN,10,2024-07-24,3.23,10075
INV483102,S0002,JUMBO BAG RED RETROSPOT,18,2024-06-23,4.48,10288
INV897392,S0014,DOORMAT NEW ENGLAND,10,2024-11-27,10.55,10130
INV141241,S0017,PAPER CHAIN KIT 50S CHRISTMAS,13,2024-12-04,9.95,10175
INV211954,S0012,SPOTTY BUNTING,12,2024-09-06,4.7,10084
INV871043,S0014,DOORMAT NEW ENGLAND,7,2024-03-12,2.27,10022
INV854701,S0000,WHITE HANGING HEART T-LIGHT HOLDER,19,2024-05-02,24.72,10027
INV931247,S0002,JUMBO BAG RED RETROSPOT,18,2024-11-25,15.73,10195
INV974774,S0017,PAPER CHAIN KIT 50S CHRISTMAS,15,2024-01-09,2.33,10236
INV454123,S0001,REGENCY CAKESTAND 3 TIER,2,2024-07-26,6.35,10092
INV580636,S0016,VINTAGE BILLBOARD DRINK ME MUG,18,2024-03-17,37.18,10021
INV175532,S0007,KNITTED UNION FLAG HOT WATER BOTTLE,2,2024-03-13,24.7,10084
INV594109,S0000,WHITE HANGING HEART T-LIGHT HOLDER,20,2024-01-24,12.51,10262
INV115063,S0004,LUNCH BAG RED RETROSPOT,6,2024-11-19,2.97,10147
INV960607,S0009,JAM MAKING SET WITH JARS,4,2024-08-21,30.76,10257
INV167064,S0018,BROCADE RING PURSE,4,2024-02-28,25.11,10058
INV331287,S0019,MINI PAINT SET VINTAGE,3,2024-04-13,21.6,10015
INV439984,S0012,SPOTTY BUNTING,4,2024-12-16,29.01,10162
INV437211,S0004,LUNCH BAG RED RETROSPOT,7,2024-01-24,29.86,10163
INV166292,S0010,RED WOOLLY HOTTIE WHITE HEART,4,2024-05-20,7.49,10281
INV276214,S0013,BATH BUILDING BLOCK WORD,12,2024-10-10,8.67,10280
INV710256,S0007,KNITTED UNION FLAG HOT WATER BOTTLE,2,2024-03-09,5.45,10012
INV494401,S0019,MINI PAINT SET VINTAGE,6,2024-01-09,44.04,10274
INV106658,S0002,JUMBO BAG RED RETROSPOT,1,2024-04-01,46.34,10271
INV397514,S0018,BROCADE RING PURSE,14,2024-12-21,40.47,10208
INV825990,S0015,SET 2 TEA TOWELS I LOVE LONDON,5,2024-04-15,7.58,10027
INV648496,S0008,CREAM CUPID HEARTS COAT HANGER,15,2024-07-29,12.34,10072
INV740195,S0005,SET OF 3 CAKE TINS PANTRY DESIGN,2,2024-11-01,9.41,10060
INV741780,S0015,SET 2 TEA TOWELS I LOVE LONDON,3,2024-11-17,41.41,10145
INV464750,S0009,JAM MAKING SET WITH JARS,14,2024-01-03,28.11,10093
INV223215,S0006,WOODEN PICTURE FRAME WHITE FINISH,17,2024-02-18,31.14,10008
INV632195,S0017,PAPER CHAIN KIT 50S CHRISTMAS,8,2024-08-25,38.63,10079
INV389854,S0006,WOODEN PICTURE FRAME WHITE FINISH,2,2024-04-09,6.08,10027
INV818530,S0004,LUNCH BAG RED RETROSPOT,16,2024-09-11,9.23,10174
INV156652,S0001,REGENCY CAKESTAND 3 TIER,12,2024-05-25,10.87,10050
INV450533,S0008,CREAM CUPID HEARTS COAT HANGER,20,2024-08-20,2.64,10199
INV663463,S0001,REGENCY CAKESTAND 3 TIER,6,2024-03-21,39.38,10181
INV639915,S0015,SET 2 TEA TOWELS I LOVE LONDON,4,2024-02-06,44.81,10024
INV721497,S0014,DOORMAT NEW ENGLAND,19,2024-06-15,21.24,10046
INV341238,S0010,RED WOOLLY HOTTIE WHITE HEART,4,2024-06-15,11.78,10015
INV873584,S0007,KNITTED UNION FLAG HOT WATER BOTTLE,14,2024-04-12,19.09,10153
INV177101,S0007,KNITTED UNION FLAG HOT WATER BOTTLE,16,2024-10-26,24.48,10222
INV251981,S0013,BATH BUILDING BLOCK WORD,7,2024-11-08,23.02,10206
INV491627,S0012,SPOTTY BUNTING,5,2024-08-22,36.13,10273
INV382795,S0011,ALARM CLOCK BAKELIKE GREEN,7,2024-06-20,6.8,10236
INV162549,S0018,BROCADE RING PURSE,9,2024-03-10,6.0,10228
INV580854,S0014,DOORMAT NEW ENGLAND,14,2024-03-28,38.14,10009
INV409499,S0007,KNITTED UNION FLAG HOT WATER BOTTLE,20,2024-03-21,39.58,10166
INV278190,S0019,MINI PAINT SET VINTAGE,19,2024-10-10,42.82,10214
INV531694,S0002,JUMBO BAG RED RETROSPOT,17,2024-09-07,43.18,10117
INV720317,S0006,WOODEN PICTURE FRAME WHITE FINISH,16,2024-08-24,14.32,10072
INV871939,S0013,BATH BUILDING BLOCK WORD,8,2024-05-06,16.7,10064
INV333210,S0018,BROCADE RING PURSE,19,2024-03-17,45.73,10205
INV538065,S0000,WHITE HANGING HEART T-LIGHT HOLDER,2,2024-01-21,49.57,10209
INV135253,S0016,VINTAGE BILLBOARD DRINK ME MUG,14,2024-09-28,20.02,10072
INV574419,S0003,PARTY BUNTING,16,2024-05-03,4.61,10277
INV826830,S0000,WHITE HANGING HEART T-LIGHT HOLDER,14,2024-04-21,7.07,10274
INV350675,S0009,JAM MAKING SET WITH JARS,3,2024-01-09,24.25,10095
INV269662,S0009,JAM MAKING SET WITH JARS,15,2024-10-19,37.49,10166
INV576935,S0000,WHITE HANGING HEART T-LIGHT HOLDER,15,2024-03-11,43.77,10032
INV293929,S0012,SPOTTY BUNTING,12,2024-11-16,23.48,10011
INV757776,S0000,WHITE HANGING HEART T-LIGHT HOLDER,3,2024-07-16,44.73,10217
INV656710,S0010,RED WOOLLY HOTTIE WHITE HEART,2,2024-05-31,21.58,10289
INV831963,S0008,CREAM CUPID HEARTS COAT HANGER,20,2024-10-04,28.97,10102
INV925954,S0006,WOODEN PICTURE FRAME WHITE FINISH,3,2024-11-13,44.1,10267
INV639740,S0001,REGENCY CAKESTAND 3 TIER,12,2024-01-27,5.99,10214
INV587957,S0011,ALARM CLOCK BAKELIKE GREEN,20,2024-01-21,18.6,10179
INV779658,S0005,SET OF 3 CAKE TINS PANTRY DESIGN,18,2024-12-26,3.82,10088
INV245129,S0006,WOODEN PICTURE FRAME WHITE FINISH,11,2024-05-02,27.21,10041
INV873199,S0015,SET 2 TEA TOWELS I LOVE LONDON,19,2024-12-25,10.88,10076
INV436030,S0007,KNITTED UNION FLAG HOT WATER BOTTLE,12,2024-05-16,25.43,10046
INV390607,S0013,BATH BUILDING BLOCK WORD,2,2024-02-02,18.95,10160
INV609845,S0014,DOORMAT NEW ENGLAND,17,2024-09-26,41.56,10080
INV844305,S0015,SET 2 TEA TOWELS I LOVE LONDON,18,2024-12-13,41.36,10086
INV573933,S0009,JAM MAKING SET WITH JARS,20,2024-07-07,40.1,10092
INV297503,S0002,JUMBO BAG RED RETROSPOT,15,2024-02-14,4.47,10148
INV402380,S0005,SET OF 3 CAKE TINS PANTRY DESIGN,3,2024-02-25,8.66,10161
INV830943,S0003,PARTY BUNTING,5,2024-09-11,7.95,10202
INV645980,S0006,WOODEN PICTURE FRAME WHITE FINISH,1,2024-05-30,21.12,10242
INV238440,S0017,PAPER CHAIN KIT 50S CHRISTMAS,16,2024-06-26,21.3,10002
INV405677,S0000,WHITE HANGING HEART T-LIGHT HOLDER,7,2024-02-02,1.59,10225
INV975505,S0007,KNITTED UNION FLAG HOT WATER BOTTLE,17,2024-11-26,17.13,10289
INV459443,S0018,BROCADE RING PURSE,11,2024-09-05,29.87,10233
INV982804,S0016,VINTAGE BILLBOARD DRINK ME MUG,18,2024-08-15,23.17,10077
INV238364,S0018,BROCADE RING PURSE,10,2024-03-28,39.57,10116
INV607765,S0007,KNITTED UNION FLAG HOT WATER BOTTLE,12,2024-05-27,38.6,10154
INV255544,S0001,REGENCY CAKESTAND 3 TIER,12,2024-05-25,23.07,10103
INV748680,S0005,SET OF 3 CAKE TINS PANTRY DESIGN,6,2024-12-30,27.0,10194
INV283877,S0005,SET OF 3 CAKE TINS PANTRY DESIGN,5,2024-03-23,12.28,10166
INV432006,S0001,REGENCY CAKESTAND 3 TIER,19,2024-03-05,22.32,10090
INV293458,S0011,ALARM CLOCK BAKELIKE GREEN,7,2024-10-14,35.5,10174
INV460549,S0010,RED WOOLLY HOTTIE WHITE HEART,5,2024-07-09,22.7,10122
INV659565,S0005,SET OF 3 CAKE TINS PANTRY DESIGN,10,2024-03-03,46.06,10143
INV623676,S0012,SPOTTY BUNTING,5,2024-08-22,46.43,10106
INV104502,S0004,LUNCH BAG RED RETROSPOT,18,2024-09-16,16.9,10123
INV596931,S0009,JAM MAKING SET WITH JARS,10,2024-10-20,33.51,10009
INV863933,S0018,BROCADE RING PURSE,15,2024-06-22,34.61,10262
INV142027,S0015,SET 2 TEA TOWELS I LOVE LONDON,5,2024-12-13,27.77,10073
INV126000,S0009,JAM MAKING SET WITH JARS,13,2024-11-12,42.12,10223
INV474754,S0014,DOORMAT NEW ENGLAND,3,2024-06-16,3.22,10041
INV711772,S0006,WOODEN PICTURE FRAME WHITE FINISH,17,2024-04-23,39.17,10204
INV305222,S0008,CREAM CUPID HEARTS COAT HANGER,1,2024-02-12,27.15,10264
INV809952,S0014,DOORMAT NEW ENGLAND,3,2024-09-19,20.02,10178
INV433193,S0015,SET 2 TEA TOWELS I LOVE LONDON,20,2024-11-05,25.82,10084
INV799155,S0001,REGENCY CAKESTAND 3 TIER,12,2024-07-22,7.82,10111
INV487585,S0013,BATH BUILDING BLOCK WORD,13,2024-07-09,1.1,10251
INV468422,S0011,ALARM CLOCK BAKELIKE GREEN,10,2024-08-16,43.78,10007
INV326172,S0002,JUMBO BAG RED RETROSPOT,15,2024-07-31,40.28,10084
INV271746,S0009,JAM MAKING SET WITH JARS,14,2024-07-31,7.41,10208
INV726981,S0018,BROCADE RING PURSE,3,2024-03-14,10.79,10022
INV650818,S0015,SET 2 TEA TOWELS I LOVE LONDON,11,2024-02-03,46.69,10003
INV892843,S0018,BROCADE RING PURSE,13,2024-02-15,0.83,10127
INV534649,S0008,CREAM CUPID HEARTS COAT HANGER,6,2024-10-11,23.37,10297
INV891930,S0018,BROCADE RING PURSE,5,2024-04-12,9.71,10188
INV403524,S0012,SPOTTY BUNTING,18,2024-09-08,2.59,10014
INV975126,S0009,JAM MAKING SET WITH JARS,19,2024-06-04,24.96,10012
INV335426,S0014,DOORMAT NEW ENGLAND,1,2024-01-02,8.12,10087
INV771670,S0009,JAM MAKING SET WITH JARS,16,2024-03-04,32.86,10012
INV537420,S0009,JAM MAKING SET WITH JARS,6,2024-09-08,45.39,10025
INV129824,S0007,KNITTED UNION FLAG HOT WATER BOTTLE,4,2024-05-21,24.91,10243
INV727983,S0002,JUMBO BAG RED RETROSPOT,12,2024-10-24,24.28,10122
INV370439,S0013,BATH BUILDING BLOCK WORD,16,2024-12-21,41.0,10147
INV637422,S0011,ALARM CLOCK BAKELIKE GREEN,19,2024-01-09,42.34,10055
INV709908,S0005,SET OF 3 CAKE TINS PANTRY DESIGN,2,2024-03-15,16.32,10238
INV474745,S0004,LUNCH BAG RED RETROSPOT,6,2024-01-28,14.0,10173
INV767153,S0013,BATH BUILDING BLOCK WORD,12,2024-01-25,14.85,10221
INV769983,S0016,VINTAGE BILLBOARD DRINK ME MUG,3,2024-09-20,10.09,10119
INV901834,S0005,SET OF 3 CAKE TINS PANTRY DESIGN,4,2024-11-02,37.76,10183
INV438277,S0017,PAPER CHAIN KIT 50S CHRISTMAS,11,2024-12-16,40.09,10288
INV818739,S0008,CREAM CUPID HEARTS COAT HANGER,12,2024-02-19,26.95,10300
INV963308,S0011,ALARM CLOCK BAKELIKE GREEN,5,2024-01-07,7.28,10082
INV491133,S0009,JAM MAKING SET WITH JARS,16,2024-07-29,17.35,10211
INV207392,S0005,SET OF 3 CAKE TINS PANTRY DESIGN,7,2024-03-20,25.42,10150
INV933729,S0006,WOODEN PICTURE FRAME WHITE FINISH,18,2024-11-10,34.64,10037
INV987168,S0016,VINTAGE BILLBOARD DRINK ME MUG,18,2024-12-30,27.78,10059
INV537619,S0003,PARTY BUNTING,15,2024-02-09,6.27,10131
INV118223,S0004,LUNCH BAG RED RETROSPOT,16,2024-06-27,15.92,10202
INV245766,S0011,ALARM CLOCK BAKELIKE GREEN,15,2024-11-01,26.39,10243
INV280572,S0010,RED WOOLLY HOTTIE WHITE HEART,10,2024-01-15,37.35,10035
INV333159,S0003,PARTY BUNTING,5,2024-12-21,7.55,10093
INV422361,S0007,KNITTED UNION FLAG HOT WATER BOTTLE,5,2024-04-17,6.95,10207
INV545440,S0002,JUMBO BAG RED RETROSPOT,4,2024-02-09,1.43,10213
INV894122,S0015,SET 2 TEA TOWELS I LOVE LONDON,14,2024-01-22,10.22,10159
INV931578,S0001,REGENCY CAKESTAND 3 TIER,17,2024-10-30,3.43,10024
INV365302,S0003,PARTY BUNTING,2,2024-02-03,15.43,10293
INV891203,S0000,WHITE HANGING HEART T-LIGHT HOLDER,4,2024-03-04,46.04,10004
INV716146,S0006,WOODEN PICTURE FRAME WHITE FINISH,7,2024-04-04,33.69,10220
INV195189,S0000,WHITE HANGING HEART T-LIGHT HOLDER,5,2024-05-22,47.47,10020
INV469311,S0011,ALARM CLOCK BAKELIKE GREEN,6,2024-09-13,39.15,10152
INV353569,S0019,MINI PAINT SET VINTAGE,17,2024-10-18,3.88,10050
INV900319,S0018,BROCADE RING PURSE,1,2024-09-27,11.24,10177
INV395548,S0006,WOODEN PICTURE FRAME WHITE FINISH,6,2024-10-02,0.71,10096
INV324411,S0003,PARTY BUNTING,17,2024-12-28,24.0,10105
INV294118,S0018,BROCADE RING PURSE,15,2024-12-10,47.91,10250
INV975290,S0005,SET OF 3 CAKE TINS PANTRY DESIGN,12,2024-07-13,21.49,10117
INV338607,S0016,VINTAGE BILLBOARD DRINK ME MUG,14,2024-02-27,38.19,10228
INV229620,S0010,RED WOOLLY HOTTIE WHITE HEART,15,2024-02-26,26.23,10066
INV899301,S0015,SET 2 TEA TOWELS I LOVE LONDON,12,2024-12-26,14.77,10262
INV186243,S0001,REGENCY CAKESTAND 3 TIER,11,2024-09-09,6.23,10295
INV579142,S0009,JAM MAKING SET WITH JARS,20,2024-06-08,34.51,10243
INV336845,S0014,DOORMAT NEW ENGLAND,18,2024-07-27,14.88,10186
INV297955,S0013,BATH BUILDING BLOCK WORD,3,2024-08-31,46.98,10246
INV288006,S0011,ALARM CLOCK BAKELIKE GREEN,1,2024-12-11,24.84,10125
INV515623,S0003,PARTY BUNTING,15,2024-09-24,33.1,10268
INV225008,S0002,JUMBO BAG RED RETROSPOT,5,2024-07-21,20.33,10131
INV206663,S0018,BROCADE RING PURSE,6,2024-02-03,18.5,10237
INV455081,S0006,WOODEN PICTURE FRAME WHITE FINISH,7,2024-10-31,42.28,10018
INV228725,S0012,SPOTTY BUNTING,8,2024-08-05,36.4,10040
INV901968,S0008,CREAM CUPID HEARTS COAT HANGER,19,2024-10-30,14.01,10021
INV473395,S0012,SPOTTY BUNTING,16,2024-12-07,30.36,10225
INV608069,S0012,SPOTTY BUNTING,17,2024-05-22,7.8,10282
INV213284,S0014,DOORMAT NEW ENGLAND,4,2024-05-08,24.72,10008
INV758894,S0007,KNITTED UNION FLAG HOT WATER BOTTLE,5,2024-01-16,5.43,10100
INV970645,S0001,REGENCY CAKESTAND 3 TIER,3,2024-09-12,34.07,10240
INV501219,S0005,SET OF 3 CAKE TINS PANTRY DESIGN,20,2024-12-13,16.68,10087
INV752179,S0009,JAM MAKING SET WITH JARS,20,2024-02-19,38.13,10298
INV904857,S0016,VINTAGE BILLBOARD DRINK ME MUG,16,2024-08-26,10.5,10014
INV614064,S0015,SET 2 TEA TOWELS I LOVE LONDON,17,2024-05-13,27.35,10002
INV673172,S0017,PAPER CHAIN KIT 50S CHRISTMAS,1,2024-01-17,49.54,10293
INV502265,S0003,PARTY BUNTING,15,2024-06-10,42.72,10041
INV581984,S0014,DOORMAT NEW ENGLAND,2,2024-01-17,9.26,10111
INV840356,S0009,JAM MAKING SET WITH JARS,6,2024-09-08,21.82,10014
INV850490,S0009,JAM MAKING SET WITH JARS,13,2024-09-06,38.32,10231
INV807814,S0018,BROCADE RING PURSE,16,2024-12-03,27.91,10084
INV700005,S0017,PAPER CHAIN KIT 50S CHRISTMAS,16,2024-08-31,28.33,10130
INV631297,S0005,SET OF 3 CAKE TINS PANTRY DESIGN,2,2024-07-19,13.54,10231
INV496149,S0018,BROCADE RING PURSE,20,2024-12-12,17.96,10145
INV436050,S0009,JAM MAKING SET WITH JARS,2,2024-01-15,29.73,10028
INV977589,S0004,LUNCH BAG RED RETROSPOT,12,2024-06-27,40.57,10066
INV128206,S0018,BROCADE RING PURSE,11,2024-07-13,5.32,10163
INV474725,S0011,ALARM CLOCK BAKELIKE GREEN,14,2024-06-28,3.29,10229
INV359642,S0007,KNITTED UNION FLAG HOT WATER BOTTLE,8,2024-11-27,15.95,10261
INV821411,S0002,JUMBO BAG RED RETROSPOT,3,2024-06-05,6.17,10164
INV120669,S0005,SET OF 3 CAKE TINS PANTRY DESIGN,18,2024-06-15,2.35,10287
INV695642,S0013,BATH BUILDING BLOCK WORD,17,2024-08-03,13.7,10010
INV716551,S0015,SET 2 TEA TOWELS I LOVE LONDON,1,2024-06-11,19.2,10195
INV438083,S0012,SPOTTY BUNTING,19,2024-02-20,40.51,10118
INV824423,S0003,PARTY BUNTING,7,2024-06-21,25.09,10270
INV274721,S0010,RED WOOLLY HOTTIE WHITE HEART,20,2024-06-02,18.49,10080
INV311559,S0013,BATH BUILDING BLOCK WORD,16,2024-11-21,42.44,10093
INV981202,S0002,JUMBO BAG RED RETROSPOT,18,2024-04-19,14.72,10266
INV411762,S0001,REGENCY CAKESTAND 3 TIER,19,2024-07-24,40.33,10257
INV878974,S0019,MINI PAINT SET VINTAGE,3,2024-10-23,5.19,10133
INV386643,S0010,RED WOOLLY HOTTIE WHITE HEART,3,2024-10-17,40.16,10276
INV547852,S0015,SET 2 TEA TOWELS I LOVE LONDON,7,2024-06-26,39.88,10264
INV629152,S0009,JAM MAKING SET WITH JARS,10,2024-08-09,33.34,10171
INV309795,S0010,RED WOOLLY HOTTIE WHITE HEART,14,2024-07-24,12.94,10001
INV575244,S0016,VINTAGE BILLBOARD DRINK ME MUG,18,2024-04-02,44.1,10064
INV295600,S0016,VINTAGE BILLBOARD DRINK ME MUG,19,2024-09-12,11.04,10284
INV380951,S0014,DOORMAT NEW ENGLAND,18,2024-11-10,42.71,10121
INV693616,S0013,BATH BUILDING BLOCK WORD,2,2024-09-24,10.43,10107
INV254920,S0014,DOORMAT NEW ENGLAND,8,2024-03-18,37.45,10175
INV985126,S0009,JAM MAKING SET WITH JARS,14,2024-07-29,16.27,10204
INV764721,S0002,JUMBO BAG RED RETROSPOT,7,2024-07-30,13.71,10165
INV777424,S0009,JAM MAKING SET WITH JARS,6,2024-05-11,34.5,10120
INV525581,S0007,KNITTED UNION FLAG HOT WATER BOTTLE,8,2024-02-28,7.92,10044
INV357516,S0000,WHITE HANGING HEART T-LIGHT HOLDER,10,2024-08-25,24.53,10156
INV542519,S0013,BATH BUILDING BLOCK WORD,2,2024-04-13,8.39,10207
INV130557,S0004,LUNCH BAG RED RETROSPOT,9,2024-05-22,33.1,10108
INV775591,S0005,SET OF 3 CAKE TINS PANTRY DESIGN,2,2024-09-05,39.22,10251
INV188006,S0001,REGENCY CAKESTAND 3 TIER,11,2024-11-04,15.25,10130
INV526777,S0002,JUMBO BAG RED RETROSPOT,12,2024-12-09,33.04,10293
INV516174,S0002,JUMBO BAG RED RETROSPOT,5,2024-04-30,6.04,10020
INV226502,S0016,VINTAGE BILLBOARD DRINK ME MUG,17,2024-12-06,41.53,10282
INV364039,S0016,VINTAGE BILLBOARD DRINK ME MUG,16,2024-02-16,12.28,10285
INV910749,S0003,PARTY BUNTING,11,2024-06-17,41.7,10001
INV944986,S0012,SPOTTY BUNTING,8,2024-08-04,11.29,10119
INV283662,S0003,PARTY BUNTING,7,2024-05-20,22.25,10035
INV718115,S0008,CREAM CUPID HEARTS COAT HANGER,2,2024-09-08,26.91,10198
INV431863,S0003,PARTY BUNTING,18,2024-08-04,24.01,10245
INV391224,S0007,KNITTED UNION FLAG HOT WATER BOTTLE,5,2024-07-04,24.02,10059
INV961264,S0011,ALARM CLOCK BAKELIKE GREEN,10,2024-01-11,32.45,10161
INV136500,S0019,MINI PAINT SET VINTAGE,2,2024-12-19,45.91,10179
INV365271,S0007,KNITTED UNION FLAG HOT WATER BOTTLE,18,2024-07-15,15.81,10206
INV951706,S0011,ALARM CLOCK BAKELIKE GREEN,4,2024-09-30,43.41,10012
INV507341,S0014,DOORMAT NEW ENGLAND,1,2024-07-20,46.41,10276
INV415504,S0008,CREAM CUPID HEARTS COAT HANGER,3,2024-04-30,15.22,10181
INV560163,S0005,SET OF 3 CAKE TINS PANTRY DESIGN,11,2024-11-25,20.61,10242
INV387348,S0001,REGENCY CAKESTAND 3 TIER,3,2024-09-08,23.82,10216
INV982023,S0013,BATH BUILDING BLOCK WORD,11,2024-08-04,43.9,10251
INV964446,S0003,PARTY BUNTING,6,2024-12-23,13.42,10299
INV468948,S0002,JUMBO BAG RED RETROSPOT,14,2024-11-04,36.6,10126
INV873624,S0017,PAPER CHAIN KIT 50S CHRISTMAS,11,2024-08-20,34.91,10217
INV772528,S0001,REGENCY CAKESTAND 3 TIER,6,2024-11-18,22.45,10285
INV103225,S0004,LUNCH BAG RED RETROSPOT,13,2024-04-12,31.6,10185
INV703779,S0010,RED WOOLLY HOTTIE WHITE HEART,3,2024-02-26,8.31,10039
INV848226,S0016,VINTAGE BILLBOARD DRINK ME MUG,5,2024-10-31,34.44,10223
INV573421,S0010,RED WOOLLY HOTTIE WHITE HEART,16,2024-03-09,13.4,10184
INV966929,S0018,BROCADE RING PURSE,11,2024-05-24,10.33,10178
INV485456,S0013,BATH BUILDING BLOCK WORD,6,2024-07-20,43.88,10294
INV335391,S0018,BROCADE RING PURSE,1,2024-01-12,46.19,10151
INV757066,S0019,MINI PAINT SET VINTAGE,8,2024-02-15,48.72,10126
INV374499,S0006,WOODEN PICTURE FRAME WHITE FINISH,6,2024-01-26,20.35,10234
INV729557,S0013,BATH BUILDING BLOCK WORD,9,2024-03-17,4.91,10008
INV278386,S0011,ALARM CLOCK BAKELIKE GREEN,19,2024-03-01,1.2,10129
INV556297,S0016,VINTAGE BILLBOARD DRINK ME MUG,15,2024-12-10,24.96,10264
INV848225,S0007,KNITTED UNION FLAG HOT WATER BOTTLE,7,2024-04-07,47.33,10157
INV401950,S0008,CREAM CUPID HEARTS COAT HANGER,16,2024-07-14,6.94,10005
INV729232,S0006,WOODEN PICTURE FRAME WHITE FINISH,7,2024-05-24,36.47,10086
INV538651,S0006,WOODEN PICTURE FRAME WHITE FINISH,6,2024-07-28,39.73,10175
INV404289,S0000,WHITE HANGING HEART T-LIGHT HOLDER,9,2024-04-30,31.08,10290
INV487593,S0007,KNITTED UNION FLAG HOT WATER BOTTLE,19,2024-12-16,32.54,10193
INV110821,S0002,JUMBO BAG RED RETROSPOT,16,2024-03-09,43.64,10119
INV820216,S0012,SPOTTY BUNTING,7,2024-07-15,35.57,10218
INV368672,S0019,MINI PAINT SET VINTAGE,3,2024-02-18,28.07,10114
INV449031,S0001,REGENCY CAKESTAND 3 TIER,8,2024-08-29,45.46,10145
INV803375,S0019,MINI PAINT SET VINTAGE,20,2024-12-29,37.54,10026
INV105621,S0001,REGENCY CAKESTAND 3 TIER,9,2024-09-15,31.17,10136
INV513869,S0009,JAM MAKING SET WITH JARS,12,2024-03-08,48.42,10232
INV143122,S0017,PAPER CHAIN KIT 50S CHRISTMAS,19,2024-04-01,13.38,10076
INV616780,S0016,VINTAGE BILLBOARD DRINK ME MUG,11,2024-08-27,7.03,10289
INV844756,S0010,RED WOOLLY HOTTIE WHITE HEART,17,2024-08-09,7.52,10001
INV428486,S0003,PARTY BUNTING,2,2024-03-06,25.21,10147
INV884149,S0008,CREAM CUPID HEARTS COAT HANGER,12,2024-08-08,14.5,10287
INV742705,S0008,CREAM CUPID HEARTS COAT HANGER,9,2024-09-21,15.99,10142
INV430870,S0005,SET OF 3 CAKE TINS PANTRY DESIGN,16,2024-03-18,28.01,10053
INV155807,S0014,DOORMAT NEW ENGLAND,7,2024-03-17,3.2,10069
INV137604,S0005,SET OF 3 CAKE TINS PANTRY DESIGN,16,2024-05-13,8.6,10090
INV557629,S0014,DOORMAT NEW ENGLAND,4,2024-09-10,2.52,10220
INV843470,S0011,ALARM CLOCK BAKELIKE GREEN,18,2024-09-05,23.16,10192
INV986925,S0003,PARTY BUNTING,5,2024-03-04,17.81,10063
INV397917,S0006,WOODEN PICTURE FRAME WHITE FINISH,6,2024-03-27,37.62,10073
INV690607,S0008,CREAM CUPID HEARTS COAT HANGER,19,2024-04-18,29.39,10161
INV651567,S0000,WHITE HANGING HEART T-LIGHT HOLDER,19,2024-04-02,21.11,10169
INV358114,S0002,JUMBO BAG RED RETROSPOT,16,2024-12-12,5.17,10089
INV127223,S0010,RED WOOLLY HOTTIE WHITE HEART,10,2024-12-14,49.08,10176
INV513316,S0003,PARTY BUNTING,12,2024-10-29,46.49,10269
INV977634,S0003,PARTY BUNTING,11,2024-03-19,1.93,10073
INV971051,S0014,DOORMAT NEW ENGLAND,16,2024-08-20,31.6,10245
INV723068,S0008,CREAM CUPID HEARTS COAT HANGER,1,2024-06-17,48.5,10077
INV575111,S0019,MINI PAINT SET VINTAGE,11,2024-10-18,6.9,10159
INV940494,S0001,REGENCY CAKESTAND 3 TIER,10,2024-06-14,40.01,10098
INV673734,S0002,JUMBO BAG RED RETROSPOT,20,2024-07-14,5.08,10102
INV286657,S0008,CREAM CUPID HEARTS COAT HANGER,8,2024-07-23,4.91,10132
INV270855,S0006,WOODEN PICTURE FRAME WHITE FINISH,13,2024-07-25,14.6,10102
INV226460,S0004,LUNCH BAG RED RETROSPOT,10,2024-09-08,40.15,10019
INV818234,S0009,JAM MAKING SET WITH JARS,20,2024-03-08,18.27,10082
INV972470,S0003,PARTY BUNTING,12,2024-09-19,10.39,10279
INV506941,S0014,DOORMAT NEW ENGLAND,16,2024-05-17,28.37,10129
INV194604,S0013,BATH BUILDING BLOCK WORD,14,2024-07-07,30.89,10089
INV761322,S0013,BATH BUILDING BLOCK WORD,14,2024-02-17,2.5,10213
INV586041,S0010,RED WOOLLY HOTTIE WHITE HEART,8,2024-11-27,34.47,10143
INV619383,S0004,LUNCH BAG RED RETROSPOT,17,2024-11-18,32.54,10065
INV404824,S0002,JUMBO BAG RED RETROSPOT,15,2024-08-11,4.42,10076
INV414985,S0015,SET 2 TEA TOWELS I LOVE LONDON,5,2024-03-06,34.37,10199
INV982416,S0009,JAM MAKING SET WITH JARS,8,2024-09-24,21.67,10143
INV150046,S0018,BROCADE RING PURSE,18,2024-02-09,45.91,10093
INV212860,S0016,VINTAGE BILLBOARD DRINK ME MUG,17,2024-08-05,20.94,10224
INV792956,S0014,DOORMAT NEW ENGLAND,19,2024-05-09,18.1,10291
INV185741,S0018,BROCADE RING PURSE,17,2024-01-09,6.14,10102
INV288274,S0014,DOORMAT NEW ENGLAND,6,2024-07-20,2.74,10267
INV838594,S0013,BATH BUILDING BLOCK WORD,10,2024-06-09,29.57,10110
INV894143,S0014,DOORMAT NEW ENGLAND,15,2024-11-15,40.49,10265
INV949352,S0010,RED WOOLLY HOTTIE WHITE HEART,6,2024-04-18,9.66,10003
INV371914,S0019,MINI PAINT SET VINTAGE,4,2024-08-10,26.95,10085
INV514118,S0000,WHITE HANGING HEART T-LIGHT HOLDER,4,2024-01-07,9.0,10282
INV582515,S0015,SET 2 TEA TOWELS I LOVE LONDON,13,2024-12-02,48.31,10117
INV861173,S0019,MINI PAINT SET VINTAGE,16,2024-06-04,31.12,10221
INV478251,S0019,MINI PAINT SET VINTAGE,13,2024-06-03,4.84,10154
INV114549,S0004,LUNCH BAG RED RETROSPOT,7,2024-02-27,40.89,10153
INV128117,S0006,WOODEN PICTURE FRAME WHITE FINISH,7,2024-09-03,32.61,10012
INV556957,S0007,KNITTED UNION FLAG HOT WATER BOTTLE,18,2024-04-07,4.76,10133
INV255362,S0014,DOORMAT NEW ENGLAND,16,2024-08-04,1.58,10293
INV259826,S0005,SET OF 3 CAKE TINS PANTRY DESIGN,15,2024-09-05,23.84,10300
INV713654,S0014,DOORMAT NEW ENGLAND,8,2024-04-13,15.09,10228
INV153395,S0012,SPOTTY BUNTING,11,2024-01-05,5.58,10271
INV535878,S0013,BATH BUILDING BLOCK WORD,16,2024-10-23,29.99,10043
INV404899,S0017,PAPER CHAIN KIT 50S CHRISTMAS,2,2024-09-06,20.28,10021
INV719749,S0016,VINTAGE BILLBOARD DRINK ME MUG,20,2024-12-13,45.3,10107
INV343170,S0015,SET 2 TEA TOWELS I LOVE LONDON,2,2024-09-27,1.44,10117
INV431192,S0018,BROCADE RING PURSE,18,2024-02-02,13.76,10124
INV596330,S0013,BATH BUILDING BLOCK WORD,4,2024-09-10,31.32,10281
INV570103,S0011,ALARM CLOCK BAKELIKE GREEN,14,2024-01-11,8.49,10292
INV592034,S0006,WOODEN PICTURE FRAME WHITE FINISH,12,2024-08-12,11.99,10203
INV716204,S0007,KNITTED UNION FLAG HOT WATER BOTTLE,11,2024-11-04,42.75,10051
INV237529,S0014,DOORMAT NEW ENGLAND,10,2024-12-30,19.82,10271
INV973548,S0013,BATH BUILDING BLOCK WORD,12,2024-08-29,40.09,10277
INV752048,S0005,SET OF 3 CAKE TINS PANTRY DESIGN,7,2024-05-24,34.69,10141
INV799459,S0002,JUMBO BAG RED RETROSPOT,16,2024-03-07,9.08,10275
INV735173,S0005,SET OF 3 CAKE TINS PANTRY DESIGN,16,2024-02-21,39.78,10290
INV418402,S0015,SET 2 TEA TOWELS I LOVE LONDON,8,2024-04-17,28.06,10052
INV476215,S0000,WHITE HANGING HEART T-LIGHT HOLDER,9,2024-07-01,34.01,10027
INV968167,S0005,SET OF 3 CAKE TINS PANTRY DESIGN,17,2024-01-17,40.44,10157
INV551538,S0010,RED WOOLLY HOTTIE WHITE HEART,4,2024-11-12,11.72,10239
INV334981,S0017,PAPER CHAIN KIT 50S CHRISTMAS,16,2024-05-12,49.69,10156
INV906747,S0011,ALARM CLOCK BAKELIKE GREEN,2,2024-10-12,13.74,10291
INV994863,S0004,LUNCH BAG RED RETROSPOT,17,2024-11-05,33.64,10136
INV559094,S0001,REGENCY CAKESTAND 3 TIER,15,2024-02-26,48.75,10144
INV739270,S0019,MINI PAINT SET VINTAGE,4,2024-10-14,2.58,10106
INV275160,S0003,PARTY BUNTING,4,2024-04-15,45.59,10158
INV863729,S0005,SET OF 3 CAKE TINS PANTRY DESIGN,10,2024-12-28,22.36,10146
INV622600,S0016,VINTAGE BILLBOARD DRINK ME MUG,4,2024-03-19,32.53,10002
INV958952,S0010,RED WOOLLY HOTTIE WHITE HEART,5,2024-03-03,42.51,10077
INV535945,S0014,DOORMAT NEW ENGLAND,1,2024-05-05,41.82,10132
INV457900,S0015,SET 2 TEA TOWELS I LOVE LONDON,10,2024-09-15,8.98,10090
INV490527,S0008,CREAM CUPID HEARTS COAT HANGER,14,2024-07-03,31.66,10263
INV258975,S0007,KNITTED UNION FLAG HOT WATER BOTTLE,17,2024-08-03,39.47,10108
INV940715,S0004,LUNCH BAG RED RETROSPOT,14,2024-07-30,45.94,10074
INV993796,S0014,DOORMAT NEW ENGLAND,17,2024-12-15,18.41,10039
INV564077,S0000,WHITE HANGING HEART T-LIGHT HOLDER,5,2024-01-06,36.02,10159
INV172961,S0016,VINTAGE BILLBOARD DRINK ME MUG,3,2024-06-22,16.08,10071
INV555157,S0005,SET OF 3 CAKE TINS PANTRY DESIGN,2,2024-07-20,38.08,10241
INV702466,S0004,LUNCH BAG RED RETROSPOT,2,2024-11-19,49.01,10298
INV410089,S0016,VINTAGE BILLBOARD DRINK ME MUG,14,2024-07-24,44.35,10036
INV419105,S0017,PAPER CHAIN KIT 50S CHRISTMAS,11,2024-06-25,0.89,10084
INV653429,S0008,CREAM CUPID HEARTS COAT HANGER,20,2024-03-16,35.16,10263
INV775156,S0014,DOORMAT NEW ENGLAND,7,2024-10-05,31.41,10172
INV783710,S0019,MINI PAINT SET VINTAGE,15,2024-12-23,17.59,10173
INV913066,S0012,SPOTTY BUNTING,7,2024-06-03,4.67,10047
INV450741,S0017,PAPER CHAIN KIT 50S CHRISTMAS,13,2024-03-05,26.26,10141
INV397719,S0017,PAPER CHAIN KIT 50S CHRISTMAS,7,2024-02-17,25.83,10118
INV646660,S0009,JAM MAKING SET WITH JARS,11,2024-11-21,8.42,10277
INV935294,S0000,WHITE HANGING HEART T-LIGHT HOLDER,18,2024-10-30,13.31,10214
INV861800,S0009,JAM MAKING SET WITH JARS,14,2024-09-15,5.97,10220
INV982464,S0001,REGENCY CAKESTAND 3 TIER,12,2024-05-12,31.54,10026
INV229827,S0011,ALARM CLOCK BAKELIKE GREEN,2,2024-11-29,47.1,10009
INV412434,S0014,DOORMAT NEW ENGLAND,19,2024-01-03,22.93,10271
INV944510,S0007,KNITTED UNION FLAG HOT WATER BOTTLE,19,2024-10-16,35.88,10010
INV985517,S0017,PAPER CHAIN KIT 50S CHRISTMAS,20,2024-04-29,17.84,10121
INV799318,S0009,JAM MAKING SET WITH JARS,19,2024-12-10,7.43,10125
INV644909,S0012,SPOTTY BUNTING,8,2024-02-23,16.73,10170
INV301908,S0018,BROCADE RING PURSE,12,2024-08-20,5.35,10072
INV968679,S0013,BATH BUILDING BLOCK WORD,14,2024-02-11,5.07,10152
INV236381,S0013,BATH BUILDING BLOCK WORD,16,2024-04-19,22.59,10208
INV809699,S0011,ALARM CLOCK BAKELIKE GREEN,17,2024-07-25,29.62,10049
INV916656,S0016,VINTAGE BILLBOARD DRINK ME MUG,13,2024-05-15,29.42,10154
INV561457,S0013,BATH BUILDING BLOCK WORD,16,2024-08-01,41.28,10293
INV630354,S0004,LUNCH BAG RED RETROSPOT,5,2024-09-05,35.7,10068
INV838747,S0004,LUNCH BAG RED RETROSPOT,17,2024-09-27,6.34,10050
INV577555,S0006,WOODEN PICTURE FRAME WHITE FINISH,16,2024-01-17,37.45,10152
INV487272,S0017,PAPER CHAIN KIT 50S CHRISTMAS,4,2024-11-04,42.69,10019
INV226737,S0003,PARTY BUNTING,12,2024-10-19,14.83,10100
INV260751,S0016,VINTAGE BILLBOARD DRINK ME MUG,4,2024-07-09,15.59,10060
INV417991,S0011,ALARM CLOCK BAKELIKE GREEN,10,2024-09-05,1.88,10167
INV249044,S0004,LUNCH BAG RED RETROSPOT,19,2024-08-03,2.91,10202
INV397252,S0009,JAM MAKING SET WITH JARS,7,2024-04-03,41.05,10146
INV102187,S0015,SET 2 TEA TOWELS I LOVE LONDON,4,2024-10-07,17.76,10164
INV537859,S0001,REGENCY CAKESTAND 3 TIER,16,2024-10-20,15.83,10242
INV454233,S0014,DOORMAT NEW ENGLAND,13,2024-08-31,41.81,10069
INV239260,S0019,MINI PAINT SET VINTAGE,5,2024-09-15,32.0,10175
INV799631,S0014,DOORMAT NEW ENGLAND,15,2024-03-17,43.38,10049
INV193653,S0010,RED WOOLLY HOTTIE WHITE HEART,20,2024-12-06,31.37,10108
INV344131,S0012,SPOTTY BUNTING,13,2024-06-22,27.28,10226
INV871660,S0014,DOORMAT NEW ENGLAND,9,2024-11-26,4.88,10161
INV841561,S0005,SET OF 3 CAKE TINS PANTRY DESIGN,1,2024-10-19,31.69,10119
INV688297,S0009,JAM MAKING SET WITH JARS,4,2024-11-25,28.19,10149
INV748758,S0006,WOODEN PICTURE FRAME WHITE FINISH,18,2024-10-22,38.0,10150
INV647098,S0018,BROCADE RING PURSE,7,2024-08-31,25.38,10293
INV226126,S0000,WHITE HANGING HEART T-LIGHT HOLDER,18,2024-04-02,48.14,10143
INV924974,S0008,CREAM CUPID HEARTS COAT HANGER,7,2024-05-05,41.57,10160
INV565808,S0018,BROCADE RING PURSE,3,2024-09-30,30.54,10011
INV717499,S0012,SPOTTY BUNTING,2,2024-09-08,43.17,10138
INV456470,S0000,WHITE HANGING HEART T-LIGHT HOLDER,14,2024-04-02,21.04,10078
INV432799,S0016,VINTAGE BILLBOARD DRINK ME MUG,13,2024-05-11,5.01,10077
INV668096,S0003,PARTY BUNTING,6,2024-05-26,7.63,10254
INV905625,S0008,CREAM CUPID HEARTS COAT HANGER,3,2024-03-19,15.69,10258
INV811572,S0013,BATH BUILDING BLOCK WORD,6,2024-01-31,30.92,10291
INV290272,S0010,RED WOOLLY HOTTIE WHITE HEART,1,2024-01-30,15.25,10263
INV435587,S0003,PARTY BUNTING,5,2024-07-30,44.7,10085
INV493754,S0008,CREAM CUPID HEARTS COAT HANGER,4,2024-01-27,10.53,10146
INV714496,S0019,MINI PAINT SET VINTAGE,8,2024-09-09,25.68,10042
INV503752,S0016,VINTAGE BILLBOARD DRINK ME MUG,4,2024-05-17,3.5,10125
INV679989,S0014,DOORMAT NEW ENGLAND,14,2024-02-03,24.47,10167
INV764316,S0013,BATH BUILDING BLOCK WORD,8,2024-01-10,13.82,10241
INV807890,S0018,BROCADE RING PURSE,4,2024-05-06,38.27,10280
INV419409,S0004,LUNCH BAG RED RETROSPOT,19,2024-07-27,22.58,10188
INV313340,S0016,VINTAGE BILLBOARD DRINK ME MUG,5,2024-07-10,27.25,10019
INV920011,S0005,SET OF 3 CAKE TINS PANTRY DESIGN,8,2024-10-02,47.65,10068
INV573685,S0017,PAPER CHAIN KIT 50S CHRISTMAS,2,2024-01-01,40.73,10218
INV403300,S0019,MINI PAINT SET VINTAGE,6,2024-01-01,3.48,10102
INV386578,S0015,SET 2 TEA TOWELS I LOVE LONDON,20,2024-05-08,42.05,10042
INV468488,S0012,SPOTTY BUNTING,7,2024-10-26,42.11,10288
INV147694,S0009,JAM MAKING SET WITH JARS,6,2024-09-30,28.37,10167
INV194073,S0009,JAM MAKING SET WITH JARS,13,2024-12-23,6.59,10109
INV860294,S0004,LUNCH BAG RED RETROSPOT,18,2024-05-23,43.97,10036
INV740098,S0006,WOODEN PICTURE FRAME WHITE FINISH,17,2024-06-11,44.25,10232
INV766023,S0010,RED WOOLLY HOTTIE WHITE HEART,9,2024-12-28,22.91,10229
INV794447,S0007,KNITTED UNION FLAG HOT WATER BOTTLE,11,2024-06-23,10.93,10164
INV444412,S0019,MINI PAINT SET VINTAGE,1,2024-12-20,7.12,10073
INV738359,S0000,WHITE HANGING HEART T-LIGHT HOLDER,16,2024-01-03,45.12,10136
INV533232,S0005,SET OF 3 CAKE TINS PANTRY DESIGN,18,2024-12-22,35.31,10070
INV664271,S0012,SPOTTY BUNTING,3,2024-11-28,32.74,10196
INV132450,S0017,PAPER CHAIN KIT 50S CHRISTMAS,15,2024-12-10,6.61,10269
INV967661,S0012,SPOTTY BUNTING,20,2024-07-02,19.64,10049
INV230824,S0000,WHITE HANGING HEART T-LIGHT HOLDER,15,2024-07-08,46.84,10130
INV109818,S0014,DOORMAT NEW ENGLAND,8,2024-01-11,38.04,10005
INV300814,S0011,ALARM CLOCK BAKELIKE GREEN,3,2024-11-10,31.45,10027
INV345637,S0007,KNITTED UNION FLAG HOT WATER BOTTLE,16,2024-07-04,2.32,10160
INV838247,S0015,SET 2 TEA TOWELS I LOVE LONDON,20,2024-04-17,0.85,10149
INV216335,S0012,SPOTTY BUNTING,9,2024-10-18,25.27,10264
INV678588,S0005,SET OF 3 CAKE TINS PANTRY DESIGN,7,2024-12-03,37.07,10230
INV692592,S0019,MINI PAINT SET VINTAGE,6,2024-02-03,29.61,10200
INV233620,S0002,JUMBO BAG RED RETROSPOT,9,2024-10-18,42.85,10050
INV864305,S0016,VINTAGE BILLBOARD DRINK ME MUG,9,2024-04-08,42.46,10067
INV826648,S0000,WHITE HANGING HEART T-LIGHT HOLDER,18,2024-11-10,13.02,10300
INV575976,S0017,PAPER CHAIN KIT 50S CHRISTMAS,1,2024-08-06,32.23,10058
INV995336,S0001,REGENCY CAKESTAND 3 TIER,11,2024-08-09,42.29,10259
INV387347,S0013,BATH BUILDING BLOCK WORD,4,2024-12-14,26.16,10130
INV479030,S0015,SET 2 TEA TOWELS I LOVE LONDON,17,2024-01-23,44.25,10215
INV149246,S0007,KNITTED UNION FLAG HOT WATER BOTTLE,9,2024-08-03,26.85,10172
INV105409,S0010,RED WOOLLY HOTTIE WHITE HEART,13,2024-04-09,17.07,10258
INV946906,S0018,BROCADE RING PURSE,1,2024-04-25,48.92,10102
INV178056,S0013,BATH BUILDING BLOCK WORD,8,2024-04-10,8.64,10209
INV165896,S0009,JAM MAKING SET WITH JARS,4,2024-01-15,24.26,10291
INV721313,S0000,WHITE HANGING HEART T-LIGHT HOLDER,11,2024-05-08,12.73,10286
INV349937,S0015,SET 2 TEA TOWELS I LOVE LONDON,11,2024-01-28,41.17,10116
INV932685,S0016,VINTAGE BILLBOARD DRINK ME MUG,8,2024-02-07,38.9,10264
INV559831,S0019,MINI PAINT SET VINTAGE,4,2024-11-16,22.6,10150
INV189689,S0003,PARTY BUNTING,2,2024-01-18,19.18,10300
INV920664,S0002,JUMBO BAG RED RETROSPOT,5,2024-02-01,46.0,10036
INV157450,S0014,DOORMAT NEW ENGLAND,10,2024-11-08,31.5,10287
INV206773,S0002,JUMBO BAG RED RETROSPOT,2,2024-10-13,3.08,10208
INV521195,S0012,SPOTTY BUNTING,4,2024-11-12,37.72,10106
INV728700,S0007,KNITTED UNION FLAG HOT WATER BOTTLE,20,2024-01-06,22.94,10158
INV933790,S0014,DOORMAT NEW ENGLAND,14,2024-11-13,31.15,10121
INV782540,S0010,RED WOOLLY HOTTIE WHITE HEART,1,2024-08-20,26.1,10055
INV301831,S0018,BROCADE RING PURSE,4,2024-02-22,1.11,10012
INV721686,S0002,JUMBO BAG RED RETROSPOT,7,2024-10-20,6.74,10145
INV368735,S0016,VINTAGE BILLBOARD DRINK ME MUG,12,2024-08-03,24.33,10136
INV566222,S0019,MINI PAINT SET VINTAGE,6,2024-05-04,7.31,10003
INV163429,S0001,REGENCY CAKESTAND 3 TIER,5,2024-06-08,29.43,10144
INV783362,S0016,VINTAGE BILLBOARD DRINK ME MUG,12,2024-06-08,29.39,10030
INV913166,S0017,PAPER CHAIN KIT 50S CHRISTMAS,5,2024-03-16,23.74,10237
INV459557,S0019,MINI PAINT SET VINTAGE,10,2024-07-07,48.53,10279
INV714926,S0016,VINTAGE BILLBOARD DRINK ME MUG,5,2024-01-30,12.25,10115
INV157259,S0017,PAPER CHAIN KIT 50S CHRISTMAS,14,2024-06-25,10.17,10104
INV771670,S0006,WOODEN PICTURE FRAME WHITE FINISH,7,2024-02-05,17.41,10118
INV828531,S0015,SET 2 TEA TOWELS I LOVE LONDON,15,2024-11-03,34.77,10005
INV693595,S0018,BROCADE RING PURSE,11,2024-11-11,15.33,10248
INV270162,S0010,RED WOOLLY HOTTIE WHITE HEART,4,2024-08-20,43.87,10121
INV620021,S0001,REGENCY CAKESTAND 3 TIER,8,2024-01-02,32.12,10286
INV589199,S0007,KNITTED UNION FLAG HOT WATER BOTTLE,20,2024-04-19,12.33,10149
INV946485,S0010,RED WOOLLY HOTTIE WHITE HEART,13,2024-04-15,20.32,10084
INV480441,S0000,WHITE HANGING HEART T-LIGHT HOLDER,1,2024-02-07,18.22,10231
INV220784,S0017,PAPER CHAIN KIT 50S CHRISTMAS,5,2024-05-28,22.3,10288
INV902719,S0018,BROCADE RING PURSE,12,2024-01-23,48.78,10161
INV307434,S0006,WOODEN PICTURE FRAME WHITE FINISH,10,2024-03-30,11.34,10272
INV853754,S0008,CREAM CUPID HEARTS COAT HANGER,6,2024-06-22,42.45,10038
INV287214,S0007,KNITTED UNION FLAG HOT WATER BOTTLE,7,2024-01-12,9.22,10226
INV206105,S0008,CREAM CUPID HEARTS COAT HANGER,1,2024-12-12,7.29,10142
INV454820,S0003,PARTY BUNTING,7,2024-06-05,23.08,10292
INV948809,S0011,ALARM CLOCK BAKELIKE GREEN,12,2024-12-04,8.98,10151
INV937836,S0016,VINTAGE BILLBOARD DRINK ME MUG,20,2024-08-10,43.98,10114
INV224249,S0002,JUMBO BAG RED RETROSPOT,5,2024-03-07,39.85,10237
INV658424,S0006,WOODEN PICTURE FRAME WHITE FINISH,13,2024-12-21,19.03,10066
INV550405,S0019,MINI PAINT SET VINTAGE,8,2024-01-24,38.27,10258
INV298287,S0018,BROCADE RING PURSE,18,2024-05-30,39.58,10249
INV359178,S0010,RED WOOLLY HOTTIE WHITE HEART,2,2024-11-18,39.88,10180
INV992865,S0004,LUNCH BAG RED RETROSPOT,17,2024-10-26,44.35,10190
INV862627,S0006,WOODEN PICTURE FRAME WHITE FINISH,3,2024-08-28,39.65,10154
INV168024,S0019,MINI PAINT SET VINTAGE,6,2024-09-17,19.71,10196
INV492446,S0016,VINTAGE BILLBOARD DRINK ME MUG,16,2024-09-22,23.48,10262
INV847096,S0010,RED WOOLLY HOTTIE WHITE HEART,12,2024-09-26,34.88,10143
INV596771,S0015,SET 2 TEA TOWELS I LOVE LONDON,9,2024-10-24,20.35,10101
INV781298,S0018,BROCADE RING PURSE,2,2024-04-16,11.37,10244
INV574040,S0006,WOODEN PICTURE FRAME WHITE FINISH,8,2024-07-21,11.32,10012
INV495400,S0013,BATH BUILDING BLOCK WORD,19,2024-03-21,46.81,10239
INV366893,S0011,ALARM CLOCK BAKELIKE GREEN,18,2024-02-13,7.15,10049
INV409380,S0002,JUMBO BAG RED RETROSPOT,15,2024-09-22,17.9,10042
INV143141,S0018,BROCADE RING PURSE,15,2024-09-19,31.25,10166
INV573066,S0013,BATH BUILDING BLOCK WORD,15,2024-08-09,20.74,10082
INV432420,S0015,SET 2 TEA TOWELS I LOVE LONDON,9,2024-07-14,1.72,10291
INV345147,S0014,DOORMAT NEW ENGLAND,9,2024-11-26,4.26,10158
INV408824,S0002,JUMBO BAG RED RETROSPOT,17,2024-09-19,27.56,10216
INV924047,S0002,JUMBO BAG RED RETROSPOT,9,2024-04-26,5.37,10158
INV477735,S0002,JUMBO BAG RED RETROSPOT,2,2024-10-06,10.42,10134
INV807901,S0006,WOODEN PICTURE FRAME WHITE FINISH,11,2024-05-08,15.48,10067
INV299903,S0008,CREAM CUPID HEARTS COAT HANGER,20,2024-03-11,49.92,10007
INV373820,S0017,PAPER CHAIN KIT 50S CHRISTMAS,1,2024-06-02,14.45,10014
INV921169,S0011,ALARM CLOCK BAKELIKE GREEN,13,2024-07-26,41.18,10073
INV594932,S0000,WHITE HANGING HEART T-LIGHT HOLDER,17,2024-03-17,43.34,10163
INV337949,S0007,KNITTED UNION FLAG HOT WATER BOTTLE,7,2024-08-30,12.07,10066
INV924154,S0018,BROCADE RING PURSE,18,2024-08-27,36.26,10130
INV457207,S0014,DOORMAT NEW ENGLAND,3,2024-06-09,42.37,10206
INV907540,S0013,BATH BUILDING BLOCK WORD,14,2024-04-17,22.21,10276
INV131566,S0017,PAPER CHAIN KIT 50S CHRISTMAS,12,2024-03-12,29.09,10256
INV420415,S0004,LUNCH BAG RED RETROSPOT,1,2024-09-12,40.61,10266
INV456329,S0011,ALARM CLOCK BAKELIKE GREEN,8,2024-08-02,21.57,10025
INV899897,S0012,SPOTTY BUNTING,18,2024-06-02,16.64,10281
INV695148,S0000,WHITE HANGING HEART T-LIGHT HOLDER,2,2024-03-12,8.11,10253
INV695791,S0010,RED WOOLLY HOTTIE WHITE HEART,20,2024-11-07,28.91,10289
INV499841,S0012,SPOTTY BUNTING,7,2024-07-19,3.65,10164
INV297487,S0012,SPOTTY BUNTING,16,2024-02-25,16.78,10095
INV770043,S0014,DOORMAT NEW ENGLAND,10,2024-02-17,8.99,10270
INV286264,S0017,PAPER CHAIN KIT 50S CHRISTMAS,2,2024-12-18,30.37,10110
INV295760,S0000,WHITE HANGING HEART T-LIGHT HOLDER,7,2024-02-05,45.61,10238
INV397604,S0012,SPOTTY BUNTING,7,2024-04-29,14.91,10025
INV173378,S0016,VINTAGE BILLBOARD DRINK ME MUG,15,2024-01-30,18.75,10141
INV280172,S0000,WHITE HANGING HEART T-LIGHT HOLDER,11,2024-07-29,19.86,10117
INV235410,S0003,PARTY BUNTING,18,2024-08-02,24.17,10025
INV507888,S0002,JUMBO BAG RED RETROSPOT,7,2024-03-07,43.59,10079
INV553195,S0009,JAM MAKING SET WITH JARS,16,2024-03-22,30.38,10068
INV716029,S0009,JAM MAKING SET WITH JARS,7,2024-09-14,35.98,10173
INV388820,S0014,DOORMAT NEW ENGLAND,7,2024-01-04,49.56,10012
INV167077,S0014,DOORMAT NEW ENGLAND,13,2024-11-05,40.47,10288
INV444867,S0016,VINTAGE BILLBOARD DRINK ME MUG,19,2024-09-08,23.28,10128
INV140983,S0018,BROCADE RING PURSE,3,2024-05-27,32.49,10096
INV463627,S0014,DOORMAT NEW ENGLAND,10,2024-07-19,30.84,10092
INV535214,S0005,SET OF 3 CAKE TINS PANTRY DESIGN,8,2024-04-01,45.05,10141
INV580067,S0013,BATH BUILDING BLOCK WORD,13,2024-12-03,9.58,10031
INV200174,S0018,BROCADE RING PURSE,13,2024-12-23,47.31,10020
INV265603,S0007,KNITTED UNION FLAG HOT WATER BOTTLE,9,2024-11-17,27.12,10146
INV831952,S0002,JUMBO BAG RED RETROSPOT,7,2024-09-09,20.86,10160
INV227119,S0017,PAPER CHAIN KIT 50S CHRISTMAS,12,2024-02-09,37.89,10043
INV903774,S0016,VINTAGE BILLBOARD DRINK ME MUG,11,2024-07-28,22.82,10254
INV317445,S0008,CREAM CUPID HEARTS COAT HANGER,17,2024-01-23,23.38,10130
INV769900,S0002,JUMBO BAG RED RETROSPOT,15,2024-07-14,17.51,10060
INV997343,S0012,SPOTTY BUNTING,7,2024-07-22,2.37,10151
INV220253,S0008,CREAM CUPID HEARTS COAT HANGER,5,2024-06-16,33.68,10287
INV608306,S0014,DOORMAT NEW ENGLAND,15,2024-02-04,4.59,10005
INV848244,S0007,KNITTED UNION FLAG HOT WATER BOTTLE,15,2024-03-12,23.8,10266
INV982442,S0008,CREAM CUPID HEARTS COAT HANGER,6,2024-03-28,42.01,10130
INV205397,S0019,MINI PAINT SET VINTAGE,6,2024-05-30,6.65,10267
INV276636,S0012,SPOTTY BUNTING,3,2024-12-09,38.3,10178
INV260952,S0008,CREAM CUPID HEARTS COAT HANGER,15,2024-07-02,9.31,10253
INV807835,S0001,REGENCY CAKESTAND 3 TIER,18,2024-04-20,22.38,10056
INV977135,S0001,REGENCY CAKESTAND 3 TIER,17,2024-11-24,33.3,10083
INV509593,S0003,PARTY BUNTING,10,2024-08-15,3.09,10099
INV151028,S0000,WHITE HANGING HEART T-LIGHT HOLDER,13,2024-04-13,46.48,10149
INV350127,S0011,ALARM CLOCK BAKELIKE GREEN,7,2024-02-16,1.29,10156
INV115267,S0000,WHITE HANGING HEART T-LIGHT HOLDER,11,2024-04-08,34.16,10190
INV331282,S0002,JUMBO BAG RED RETROSPOT,4,2024-12-06,8.81,10263
INV146150,S0005,SET OF 3 CAKE TINS PANTRY DESIGN,14,2024-09-19,5.83,10080
INV438354,S0010,RED WOOLLY HOTTIE WHITE HEART,18,2024-11-16,9.88,10252
INV668016,S0006,WOODEN PICTURE FRAME WHITE FINISH,13,2024-08-07,6.48,10097
INV211028,S0006,WOODEN PICTURE FRAME WHITE FINISH,12,2024-06-14,9.09,10260
INV785761,S0012,SPOTTY BUNTING,11,2024-01-07,19.76,10260
INV330787,S0014,DOORMAT NEW ENGLAND,3,2024-12-02,40.85,10103
INV486903,S0019,MINI PAINT SET VINTAGE,2,2024-02-04,44.33,10040
INV416181,S0013,BATH BUILDING BLOCK WORD,20,2024-09-12,49.16,10273
INV847143,S0003,PARTY BUNTING,18,2024-10-18,8.99,10101
INV729006,S0003,PARTY BUNTING,11,2024-11-19,34.97,10221
INV448176,S0004,LUNCH BAG RED RETROSPOT,6,2024-11-21,38.2,10124
INV992919,S0010,RED WOOLLY HOTTIE WHITE HEART,16,2024-02-04,17.09,10231
INV713455,S0019,MINI PAINT SET VINTAGE,15,2024-07-14,25.8,10178
INV627874,S0007,KNITTED UNION FLAG HOT WATER BOTTLE,19,2024-12-26,49.42,10063
INV122243,S0007,KNITTED UNION FLAG HOT WATER BOTTLE,20,2024-03-04,15.79,10116
INV894029,S0013,BATH BUILDING BLOCK WORD,8,2024-11-13,4.43,10191
INV492716,S0004,LUNCH BAG RED RETROSPOT,16,2024-05-31,10.5,10062
INV314313,S0012,SPOTTY BUNTING,2,2024-05-01,46.21,10256
INV565280,S0019,MINI PAINT SET VINTAGE,11,2024-03-09,14.27,10007
INV646174,S0001,REGENCY CAKESTAND 3 TIER,14,2024-11-27,40.73,10155
INV340134,S0000,WHITE HANGING HEART T-LIGHT HOLDER,11,2024-06-24,12.49,10092
INV156700,S0017,PAPER CHAIN KIT 50S CHRISTMAS,8,2024-12-17,34.97,10014
INV737600,S0007,KNITTED UNION FLAG HOT WATER BOTTLE,13,2024-09-23,16.42,10229
INV760374,S0014,DOORMAT NEW ENGLAND,1,2024-02-03,43.56,10086
INV301814,S0002,JUMBO BAG RED RETROSPOT,2,2024-11-20,49.6,10133
INV231660,S0006,WOODEN PICTURE FRAME WHITE FINISH,3,2024-03-29,29.84,10183
INV347789,S0006,WOODEN PICTURE FRAME WHITE FINISH,17,2024-02-10,21.6,10062
INV426592,S0014,DOORMAT NEW ENGLAND,6,2024-04-11,12.62,10219
INV735281,S0005,SET OF 3 CAKE TINS PANTRY DESIGN,8,2024-06-04,14.62,10246
INV766478,S0014,DOORMAT NEW ENGLAND,7,2024-05-19,43.19,10230
INV183902,S0015,SET 2 TEA TOWELS I LOVE LONDON,12,2024-07-22,19.2,10079
INV562816,S0015,SET 2 TEA TOWELS I LOVE LONDON,14,2024-09-15,30.67,10149
INV897257,S0013,BATH BUILDING BLOCK WORD,5,2024-09-03,1.48,10138
INV548158,S0012,SPOTTY BUNTING,3,2024-06-02,29.96,10065
INV679707,S0004,LUNCH BAG RED RETROSPOT,6,2024-05-11,19.33,10013
INV575637,S0009,JAM MAKING SET WITH JARS,10,2024-07-11,28.33,10213
INV175434,S0015,SET 2 TEA TOWELS I LOVE LONDON,11,2024-03-10,35.89,10242
INV262240,S0006,WOODEN PICTURE FRAME WHITE FINISH,7,2024-01-03,1.14,10213
INV865847,S0016,VINTAGE BILLBOARD DRINK ME MUG,12,2024-09-08,20.53,10181
INV513820,S0013,BATH BUILDING BLOCK WORD,12,2024-07-15,24.73,10173
INV174694,S0018,BROCADE RING PURSE,14,2024-01-20,49.63,10160
INV503519,S0003,PARTY BUNTING,19,2024-03-24,10.11,10164
INV367657,S0013,BATH BUILDING BLOCK WORD,12,2024-09-17,35.6,10188
INV830286,S0011,ALARM CLOCK BAKELIKE GREEN,2,2024-11-29,19.57,10191
INV871399,S0013,BATH BUILDING BLOCK WORD,8,2024-05-04,24.15,10256
INV761601,S0011,ALARM CLOCK BAKELIKE GREEN,1,2024-12-23,33.45,10183
INV374025,S0004,LUNCH BAG RED RETROSPOT,20,2024-08-21,47.24,10117
INV366640,S0004,LUNCH BAG RED RETROSPOT,8,2024-11-04,29.13,10282
INV112936,S0005,SET OF 3 CAKE TINS PANTRY DESIGN,4,2024-02-17,32.4,10196
INV516983,S0012,SPOTTY BUNTING,19,2024-02-11,26.17,10034
INV543489,S0006,WOODEN PICTURE FRAME WHITE FINISH,6,2024-08-06,13.02,10052
INV624966,S0009,JAM MAKING SET WITH JARS,18,2024-12-03,44.39,10112
INV422939,S0018,BROCADE RING PURSE,14,2024-02-15,5.91,10252
INV914419,S0018,BROCADE RING PURSE,12,2024-03-14,13.82,10082
INV884639,S0006,WOODEN PICTURE FRAME WHITE FINISH,13,2024-12-23,15.75,10232
INV956046,S0005,SET OF 3 CAKE TINS PANTRY DESIGN,16,2024-01-01,5.3,10227
INV650462,S0013,BATH BUILDING BLOCK WORD,14,2024-12-01,14.77,10233
INV278922,S0013,BATH BUILDING BLOCK WORD,6,2024-07-10,9.73,10221
INV307639,S0004,LUNCH BAG RED RETROSPOT,16,2024-04-03,25.38,10042
INV572552,S0003,PARTY BUNTING,19,2024-04-18,9.69,10021
INV886343,S0001,REGENCY CAKESTAND 3 TIER,6,2024-04-08,13.34,10042
INV562139,S0013,BATH BUILDING BLOCK WORD,20,2024-02-25,43.48,10113
INV183686,S0005,SET OF 3 CAKE TINS PANTRY DESIGN,10,2024-02-13,19.2,10105
INV167384,S0008,CREAM CUPID HEARTS COAT HANGER,11,2024-01-16,29.49,10192
INV608763,S0015,SET 2 TEA TOWELS I LOVE LONDON,4,2024-01-05,3.52,10017
INV797640,S0000,WHITE HANGING HEART T-LIGHT HOLDER,19,2024-01-22,5.29,10120
INV930248,S0016,VINTAGE BILLBOARD DRINK ME MUG,1,2024-07-11,30.35,10129
INV609530,S0008,CREAM CUPID HEARTS COAT HANGER,16,2024-06-21,30.42,10130
INV488796,S0010,RED WOOLLY HOTTIE WHITE HEART,11,2024-06-10,40.93,10060
INV797385,S0011,ALARM CLOCK BAKELIKE GREEN,13,2024-07-12,30.74,10048
INV446297,S0011,ALARM CLOCK BAKELIKE GREEN,4,2024-01-02,23.12,10029
INV860448,S0012,SPOTTY BUNTING,5,2024-01-14,30.29,10097
INV393042,S0016,VINTAGE BILLBOARD DRINK ME MUG,8,2024-07-07,22.87,10010
INV639926,S0015,SET 2 TEA TOWELS I LOVE LONDON,14,2024-12-04,9.8,10242
INV117438,S0010,RED WOOLLY HOTTIE WHITE HEART,12,2024-01-24,48.5,10232
INV810860,S0010,RED WOOLLY HOTTIE WHITE HEART,15,2024-04-29,30.53,10277
INV875112,S0012,SPOTTY BUNTING,20,2024-02-11,17.74,10284
INV790318,S0015,SET 2 TEA TOWELS I LOVE LONDON,4,2024-07-16,15.05,10203
INV846525,S0006,WOODEN PICTURE FRAME WHITE FINISH,5,2024-09-23,43.87,10247
INV133287,S0016,VINTAGE BILLBOARD DRINK ME MUG,5,2024-09-11,39.94,10290
INV972786,S0009,JAM MAKING SET WITH JARS,18,2024-08-27,8.82,10264
INV221297,S0014,DOORMAT NEW ENGLAND,16,2024-12-05,27.26,10214
INV321921,S0007,KNITTED UNION FLAG HOT WATER BOTTLE,6,2024-12-03,35.15,10200
INV556018,S0003,PARTY BUNTING,1,2024-03-23,46.49,10079
INV502118,S0010,RED WOOLLY HOTTIE WHITE HEART,9,2024-04-22,36.1,10173
INV803176,S0015,SET 2 TEA TOWELS I LOVE LONDON,4,2024-12-06,7.22,10069
INV764323,S0017,PAPER CHAIN KIT 50S CHRISTMAS,16,2024-02-16,39.88,10087
INV334677,S0010,RED WOOLLY HOTTIE WHITE HEART,19,2024-11-03,3.7,10101
INV495323,S0010,RED WOOLLY HOTTIE WHITE HEART,13,2024-11-30,32.28,10008
INV997728,S0017,PAPER CHAIN KIT 50S CHRISTMAS,14,2024-04-29,11.57,10200
INV405110,S0003,PARTY BUNTING,3,2024-02-27,4.91,10087
INV297296,S0018,BROCADE RING PURSE,4,2024-10-20,18.7,10043
INV498663,S0010,RED WOOLLY HOTTIE WHITE HEART,19,2024-01-01,15.88,10109
INV661620,S0018,BROCADE RING PURSE,7,2024-07-17,49.0,10152
INV908746,S0010,RED WOOLLY HOTTIE WHITE HEART,12,2024-12-13,46.73,10017
INV644998,S0004,LUNCH BAG RED RETROSPOT,20,2024-10-29,11.5,10133
INV109634,S0012,SPOTTY BUNTING,18,2024-08-23,16.14,10148
INV977885,S0009,JAM MAKING SET WITH JARS,8,2024-09-12,34.16,10277
INV730682,S0004,LUNCH BAG RED RETROSPOT,10,2024-03-15,37.48,10232
INV727971,S0001,REGENCY CAKESTAND 3 TIER,11,2024-06-07,25.37,10228
INV386735,S0003,PARTY BUNTING,19,2024-09-01,31.74,10139
INV619071,S0006,WOODEN PICTURE FRAME WHITE FINISH,10,2024-12-26,48.34,10211
INV949566,S0001,REGENCY CAKESTAND 3 TIER,11,2024-03-19,41.48,10028
INV989265,S0006,WOODEN PICTURE FRAME WHITE FINISH,8,2024-12-24,36.92,10051
INV998397,S0005,SET OF 3 CAKE TINS PANTRY DESIGN,16,2024-07-19,15.31,10261
INV122613,S0005,SET OF 3 CAKE TINS PANTRY DESIGN,18,2024-07-19,17.2,10261
INV465226,S0015,SET 2 TEA TOWELS I LOVE LONDON,13,2024-07-19,4.06,10008
INV396080,S0009,JAM MAKING SET WITH JARS,7,2024-12-24,42.88,10138
INV202046,S0012,SPOTTY BUNTING,5,2024-06-14,37.74,10038
INV944178,S0018,BROCADE RING PURSE,2,2024-12-29,15.55,10111
INV705193,S0005,SET OF 3 CAKE TINS PANTRY DESIGN,5,2024-08-14,34.95,10220
INV251857,S0009,JAM MAKING SET WITH JARS,7,2024-04-21,40.32,10223
INV871037,S0006,WOODEN PICTURE FRAME WHITE FINISH,1,2024-07-04,36.43,10136
INV206900,S0018,BROCADE RING PURSE,5,2024-07-11,47.54,10256
INV812449,S0013,BATH BUILDING BLOCK WORD,6,2024-01-29,5.25,10049
INV288358,S0015,SET 2 TEA TOWELS I LOVE LONDON,2,2024-03-01,49.02,10292
INV722217,S0010,RED WOOLLY HOTTIE WHITE HEART,14,2024-03-17,31.54,10078
INV356902,S0012,SPOTTY BUNTING,2,2024-03-01,12.42,10105
INV417393,S0015,SET 2 TEA TOWELS I LOVE LONDON,20,2024-03-29,32.81,10169
INV913537,S0012,SPOTTY BUNTING,3,2024-08-25,43.31,10217
INV388584,S0012,SPOTTY BUNTING,15,2024-07-07,1.07,10119
INV186651,S0003,PARTY BUNTING,4,2024-09-07,32.25,10190
INV335861,S0016,VINTAGE BILLBOARD DRINK ME MUG,1,2024-10-27,28.86,10255
INV602790,S0018,BROCADE RING PURSE,9,2024-12-21,37.4,10266
INV289893,S0018,BROCADE RING PURSE,13,2024-09-04,50.0,10149
INV412856,S0013,BATH BUILDING BLOCK WORD,19,2024-03-05,5.42,10164
INV848440,S0002,JUMBO BAG RED RETROSPOT,18,2024-04-04,20.56,10140
INV512925,S0000,WHITE HANGING HEART T-LIGHT HOLDER,18,2024-10-01,39.28,10258
INV612295,S0016,VINTAGE BILLBOARD DRINK ME MUG,3,2024-09-22,41.94,10269
INV848420,S0017,PAPER CHAIN KIT 50S CHRISTMAS,4,2024-04-16,48.3,10181
INV289440,S0003,PARTY BUNTING,20,2024-12-21,9.41,10160
INV568957,S0017,PAPER CHAIN KIT 50S CHRISTMAS,11,2024-03-03,2.44,10288
INV316247,S0018,BROCADE RING PURSE,6,2024-02-14,28.34,10288
INV188720,S0001,REGENCY CAKESTAND 3 TIER,4,2024-09-16,15.28,10226
INV279938,S0017,PAPER CHAIN KIT 50S CHRISTMAS,14,2024-12-02,0.5,10011
INV148408,S0009,JAM MAKING SET WITH JARS,17,2024-05-30,33.13,10010
INV246648,S0014,DOORMAT NEW ENGLAND,19,2024-09-08,34.91,10271
INV469221,S0016,VINTAGE BILLBOARD DRINK ME MUG,20,2024-10-02,25.77,10273
INV794804,S0003,PARTY BUNTING,2,2024-05-01,2.32,10183
INV414267,S0004,LUNCH BAG RED RETROSPOT,7,2024-03-09,30.31,10153
INV720529,S0006,WOODEN PICTURE FRAME WHITE FINISH,12,2024-05-22,6.86,10124
INV542514,S0019,MINI PAINT SET VINTAGE,3,2024-10-08,13.12,10114
INV781332,S0012,SPOTTY BUNTING,6,2024-07-23,23.08,10278
INV809388,S0008,CREAM CUPID HEARTS COAT HANGER,14,2024-12-21,7.59,10213
INV173985,S0006,WOODEN PICTURE FRAME WHITE FINISH,9,2024-11-20,34.99,10172
INV849149,S0006,WOODEN PICTURE FRAME WHITE FINISH,12,2024-10-15,33.04,10288
INV734330,S0016,VINTAGE BILLBOARD DRINK ME MUG,6,2024-08-02,41.17,10174
INV926051,S0010,RED WOOLLY HOTTIE WHITE HEART,14,2024-07-13,1.78,10113
INV359520,S0019,MINI PAINT SET VINTAGE,3,2024-05-18,6.67,10122
INV817204,S0003,PARTY BUNTING,18,2024-07-27,3.76,10032
INV480443,S0002,JUMBO BAG RED RETROSPOT,11,2024-05-19,7.74,10222
INV386939,S0007,KNITTED UNION FLAG HOT WATER BOTTLE,1,2024-02-20,19.17,10119
INV497024,S0007,KNITTED UNION FLAG HOT WATER BOTTLE,4,2024-03-04,9.2,10039
INV717429,S0009,JAM MAKING SET WITH JARS,16,2024-02-18,26.68,10268
INV395694,S0018,BROCADE RING PURSE,18,2024-05-18,30.57,10233
INV279041,S0001,REGENCY CAKESTAND 3 TIER,11,2024-07-18,9.44,10018
INV678469,S0017,PAPER CHAIN KIT 50S CHRISTMAS,20,2024-07-25,24.1,10149
INV371645,S0004,LUNCH BAG RED RETROSPOT,1,2024-12-17,25.92,10149
INV789504,S0004,LUNCH BAG RED RETROSPOT,5,2024-03-14,19.25,10126
INV155432,S0008,CREAM CUPID HEARTS COAT HANGER,12,2024-12-28,38.99,10238
INV538560,S0019,MINI PAINT SET VINTAGE,15,2024-04-03,22.23,10135
INV937255,S0011,ALARM CLOCK BAKELIKE GREEN,15,2024-09-14,14.7,10151
INV645883,S0013,BATH BUILDING BLOCK WORD,8,2024-06-05,31.96,10236
INV420509,S0002,JUMBO BAG RED RETROSPOT,14,2024-06-09,42.34,10224
INV180418,S0002,JUMBO BAG RED RETROSPOT,8,2024-02-17,8.67,10203
INV188693,S0001,REGENCY CAKESTAND 3 TIER,10,2024-10-10,46.51,10256
INV544579,S0000,WHITE HANGING HEART T-LIGHT HOLDER,17,2024-03-10,24.24,10086
INV818402,S0016,VINTAGE BILLBOARD DRINK ME MUG,18,2024-12-23,6.67,10150
INV746223,S0000,WHITE HANGING HEART T-LIGHT HOLDER,7,2024-01-04,35.85,10235
INV886083,S0017,PAPER CHAIN KIT 50S CHRISTMAS,12,2024-05-05,49.71,10022
INV817307,S0016,VINTAGE BILLBOARD DRINK ME MUG,20,2024-01-22,30.56,10285
INV807287,S0005,SET OF 3 CAKE TINS PANTRY DESIGN,17,2024-04-25,9.15,10269
INV980184,S0011,ALARM CLOCK BAKELIKE GREEN,5,2024-09-20,17.99,10258
INV543256,S0001,REGENCY CAKESTAND 3 TIER,16,2024-07-13,8.94,10029
INV454375,S0003,PARTY BUNTING,8,2024-10-03,42.61,10213
INV404154,S0003,PARTY BUNTING,10,2024-09-04,15.03,10283
INV102342,S0006,WOODEN PICTURE FRAME WHITE FINISH,19,2024-07-20,11.26,10050
INV774206,S0009,JAM MAKING SET WITH JARS,17,2024-01-19,46.8,10095
INV989561,S0019,MINI PAINT SET VINTAGE,16,2024-01-30,18.11,10088
INV582716,S0019,MINI PAINT SET VINTAGE,11,2024-06-01,18.02,10044
INV466709,S0000,WHITE HANGING HEART T-LIGHT HOLDER,6,2024-07-24,18.05,10278
INV551730,S0003,PARTY BUNTING,16,2024-04-11,4.69,10171
INV261177,S0016,VINTAGE BILLBOARD DRINK ME MUG,14,2024-03-04,45.7,10189
INV263190,S0000,WHITE HANGING HEART T-LIGHT HOLDER,9,2024-04-25,23.8,10184
INV413823,S0011,ALARM CLOCK BAKELIKE GREEN,12,2024-08-07,44.66,10003
INV950965,S0017,PAPER CHAIN KIT 50S CHRISTMAS,9,2024-02-25,49.47,10191
INV269695,S0014,DOORMAT NEW ENGLAND,5,2024-06-30,37.48,10118
INV476687,S0000,WHITE HANGING HEART T-LIGHT HOLDER,7,2024-02-26,9.88,10019
INV240173,S0001,REGENCY CAKESTAND 3 TIER,13,2024-08-03,37.32,10023
INV268099,S0001,REGENCY CAKESTAND 3 TIER,7,2024-09-02,48.01,10030
INV224562,S0008,CREAM CUPID HEARTS COAT HANGER,14,2024-09-07,27.73,10295
INV440669,S0004,LUNCH BAG RED RETROSPOT,13,2024-09-13,36.44,10108
INV237801,S0012,SPOTTY BUNTING,4,2024-02-25,39.74,10281
INV263097,S0004,LUNCH BAG RED RETROSPOT,12,2024-09-13,1.18,10128
INV154567,S0007,KNITTED UNION FLAG HOT WATER BOTTLE,11,2024-08-07,48.83,10229
INV555426,S0000,WHITE HANGING HEART T-LIGHT HOLDER,16,2024-05-28,14.47,10111
INV897861,S0002,JUMBO BAG RED RETROSPOT,14,2024-05-06,31.07,10136
INV295937,S0016,VINTAGE BILLBOARD DRINK ME MUG,8,2024-05-23,38.45,10186
INV835005,S0008,CREAM CUPID HEARTS COAT HANGER,8,2024-12-07,41.12,10144
INV596912,S0006,WOODEN PICTURE FRAME WHITE FINISH,4,2024-12-24,36.66,10072
INV289989,S0019,MINI PAINT SET VINTAGE,7,2024-10-29,31.63,10129
INV340526,S0004,LUNCH BAG RED RETROSPOT,4,2024-03-08,20.36,10261
INV301512,S0008,CREAM CUPID HEARTS COAT HANGER,5,2024-08-06,1.37,10003
INV195352,S0006,WOODEN PICTURE FRAME WHITE FINISH,2,2024-07-13,20.66,10104
INV834169,S0009,JAM MAKING SET WITH JARS,8,2024-04-23,17.14,10224
INV164329,S0015,SET 2 TEA TOWELS I LOVE LONDON,17,2024-08-06,32.37,10010
INV215400,S0009,JAM MAKING SET WITH JARS,9,2024-07-05,14.39,10231
INV846151,S0011,ALARM CLOCK BAKELIKE GREEN,14,2024-05-06,16.33,10219
INV290580,S0001,REGENCY CAKESTAND 3 TIER,2,2024-01-01,3.08,10066
INV322274,S0010,RED WOOLLY HOTTIE WHITE HEART,10,2024-08-29,14.37,10112
INV205656,S0019,MINI PAINT SET VINTAGE,14,2024-04-04,12.99,10013
INV481242,S0015,SET 2 TEA TOWELS I LOVE LONDON,11,2024-06-04,6.02,10086
INV816137,S0000,WHITE HANGING HEART T-LIGHT HOLDER,18,2024-03-07,16.89,10234
INV879020,S0011,ALARM CLOCK BAKELIKE GREEN,19,2024-09-27,30.43,10090
INV781834,S0007,KNITTED UNION FLAG HOT WATER BOTTLE,9,2024-04-17,29.42,10054
INV211532,S0002,JUMBO BAG RED RETROSPOT,5,2024-11-18,37.26,10012
INV143032,S0003,PARTY BUNTING,19,2024-12-01,40.96,10209
INV838889,S0006,WOODEN PICTURE FRAME WHITE FINISH,15,2024-02-20,4.21,10014
INV749079,S0017,PAPER CHAIN KIT 50S CHRISTMAS,11,2024-06-03,36.4,10121
INV659475,S0006,WOODEN PICTURE FRAME WHITE FINISH,5,2024-01-23,6.83,10020
INV677236,S0013,BATH BUILDING BLOCK WORD,9,2024-10-13,48.77,10075
INV570267,S0011,ALARM CLOCK BAKELIKE GREEN,4,2024-08-11,3.85,10243
INV649205,S0013,BATH BUILDING BLOCK WORD,17,2024-01-12,8.76,10223
INV830549,S0008,CREAM CUPID HEARTS COAT HANGER,5,2024-05-28,2.75,10070
INV163746,S0018,BROCADE RING PURSE,7,2024-07-22,25.0,10211
INV638430,S0017,PAPER CHAIN KIT 50S CHRISTMAS,3,2024-03-25,22.17,10101
INV502810,S0016,VINTAGE BILLBOARD DRINK ME MUG,18,2024-07-18,20.34,10186
INV316976,S0008,CREAM CUPID HEARTS COAT HANGER,6,2024-01-02,8.42,10132
INV720875,S0006,WOODEN PICTURE FRAME WHITE FINISH,1,2024-09-19,23.04,10111
INV371407,S0016,VINTAGE BILLBOARD DRINK ME MUG,10,2024-04-22,15.17,10132
INV678972,S0008,CREAM CUPID HEARTS COAT HANGER,4,2024-03-28,11.58,10020
INV349788,S0017,PAPER CHAIN KIT 50S CHRISTMAS,10,2024-01-21,32.16,10024
INV239430,S0008,CREAM CUPID HEARTS COAT HANGER,9,2024-01-27,32.3,10227
INV963408,S0007,KNITTED UNION FLAG HOT WATER BOTTLE,7,2024-09-30,6.25,10154
INV763416,S0011,ALARM CLOCK BAKELIKE GREEN,20,2024-07-07,16.57,10293
INV376864,S0017,PAPER CHAIN KIT 50S CHRISTMAS,5,2024-07-28,44.97,10230
INV440404,S0009,JAM MAKING SET WITH JARS,2,2024-11-16,40.89,10202
INV329931,S0011,ALARM CLOCK BAKELIKE GREEN,9,2024-03-31,13.17,10038
INV663492,S0000,WHITE HANGING HEART T-LIGHT HOLDER,19,2024-02-24,36.27,10260
INV785584,S0012,SPOTTY BUNTING,9,2024-11-16,31.9,10188
INV316173,S0017,PAPER CHAIN KIT 50S CHRISTMAS,15,2024-04-22,16.55,10057
INV709918,S0006,WOODEN PICTURE FRAME WHITE FINISH,13,2024-03-20,22.58,10020
INV486547,S0013,BATH BUILDING BLOCK WORD,5,2024-09-02,5.14,10273
INV581705,S0005,SET OF 3 CAKE TINS PANTRY DESIGN,6,2024-03-31,9.85,10119
INV864915,S0015,SET 2 TEA TOWELS I LOVE LONDON,6,2024-11-27,14.46,10071
INV270832,S0009,JAM MAKING SET WITH JARS,6,2024-07-20,34.52,10004
INV172827,S0006,WOODEN PICTURE FRAME WHITE FINISH,5,2024-02-06,21.61,10221
INV776456,S0014,DOORMAT NEW ENGLAND,13,2024-02-21,36.35,10014
INV862067,S0004,LUNCH BAG RED RETROSPOT,1,2024-11-04,5.44,10003
INV121722,S0012,SPOTTY BUNTING,4,2024-01-07,38.29,10216
INV238599,S0001,REGENCY CAKESTAND 3 TIER,8,2024-02-12,13.75,10229
INV114152,S0019,MINI PAINT SET VINTAGE,1,2024-02-24,27.35,10186
INV994141,S0010,RED WOOLLY HOTTIE WHITE HEART,3,2024-04-13,7.39,10055
INV565909,S0018,BROCADE RING PURSE,6,2024-06-06,16.92,10254
INV355652,S0004,LUNCH BAG RED RETROSPOT,2,2024-10-05,34.76,10024
INV229054,S0017,PAPER CHAIN KIT 50S CHRISTMAS,1,2024-01-23,5.59,10162
INV207548,S0009,JAM MAKING SET WITH JARS,17,2024-07-31,7.52,10158
INV125166,S0007,KNITTED UNION FLAG HOT WATER BOTTLE,8,2024-08-06,19.58,10082
INV787199,S0011,ALARM CLOCK BAKELIKE GREEN,10,2024-04-25,46.12,10159
INV820126,S0012,SPOTTY BUNTING,4,2024-09-08,8.89,10188
INV335428,S0003,PARTY BUNTING,4,2024-05-24,18.19,10060
INV449935,S0019,MINI PAINT SET VINTAGE,4,2024-07-03,46.2,10211
INV145452,S0002,JUMBO BAG RED RETROSPOT,20,2024-03-18,9.31,10152
INV451109,S0016,VINTAGE BILLBOARD DRINK ME MUG,20,2024-04-02,34.13,10109
INV799686,S0004,LUNCH BAG RED RETROSPOT,10,2024-11-15,40.97,10076
INV208970,S0011,ALARM CLOCK BAKELIKE GREEN,9,2024-09-12,33.26,10030
INV950100,S0008,CREAM CUPID HEARTS COAT HANGER,3,2024-01-02,43.15,10117
INV915565,S0004,LUNCH BAG RED RETROSPOT,5,2024-06-12,7.82,10192
INV856383,S0014,DOORMAT NEW ENGLAND,16,2024-02-04,6.1,10019
INV862008,S0013,BATH BUILDING BLOCK WORD,9,2024-03-15,4.98,10173
INV290706,S0004,LUNCH BAG RED RETROSPOT,13,2024-06-29,16.31,10228
INV604667,S0013,BATH BUILDING BLOCK WORD,14,2024-11-04,39.78,10183
INV244935,S0010,RED WOOLLY HOTTIE WHITE HEART,8,2024-07-15,21.22,10113
INV664917,S0015,SET 2 TEA TOWELS I LOVE LONDON,18,2024-09-09,26.86,10183
INV503310,S0007,KNITTED UNION FLAG HOT WATER BOTTLE,3,2024-10-24,35.89,10146
INV705947,S0016,VINTAGE BILLBOARD DRINK ME MUG,8,2024-12-25,4.82,10116
INV103005,S0011,ALARM CLOCK BAKELIKE GREEN,7,2024-01-09,18.44,10113
INV240082,S0015,SET 2 TEA TOWELS I LOVE LONDON,4,2024-01-31,45.61,10251
INV989980,S0011,ALARM CLOCK BAKELIKE GREEN,5,2024-05-30,23.29,10251
INV541531,S0017,PAPER CHAIN KIT 50S CHRISTMAS,8,2024-04-17,41.48,10118
INV883281,S0001,REGENCY CAKESTAND 3 TIER,5,2024-03-01,48.12,10161
INV495796,S0004,LUNCH BAG RED RETROSPOT,1,2024-12-22,48.26,10198
INV156710,S0011,ALARM CLOCK BAKELIKE GREEN,4,2024-12-05,29.29,10260
INV978116,S0015,SET 2 TEA TOWELS I LOVE LONDON,20,2024-03-21,1.99,10148
INV248140,S0011,ALARM CLOCK BAKELIKE GREEN,3,2024-05-05,4.31,10240
INV971437,S0018,BROCADE RING PURSE,14,2024-03-17,38.39,10047
INV879677,S0015,SET 2 TEA TOWELS I LOVE LONDON,5,2024-09-27,35.08,10198
INV593024,S0009,JAM MAKING SET WITH JARS,14,2024-06-21,22.48,10047
INV400699,S0000,WHITE HANGING HEART T-LIGHT HOLDER,4,2024-03-20,3.47,10078
INV733521,S0001,REGENCY CAKESTAND 3 TIER,6,2024-09-14,8.44,10124
INV973128,S0012,SPOTTY BUNTING,14,2024-12-14,47.44,10075
INV681074,S0014,DOORMAT NEW ENGLAND,9,2024-10-19,25.34,10137
INV544250,S0007,KNITTED UNION FLAG HOT WATER BOTTLE,6,2024-05-19,48.67,10090
INV495900,S0016,VINTAGE BILLBOARD DRINK ME MUG,5,2024-04-18,20.32,10061
INV329540,S0001,REGENCY CAKESTAND 3 TIER,13,2024-04-04,41.21,10138
INV734475,S0017,PAPER CHAIN KIT 50S CHRISTMAS,3,2024-12-20,23.69,10050
INV784405,S0010,RED WOOLLY HOTTIE WHITE HEART,13,2024-07-13,8.66,10259
INV778058,S0011,ALARM CLOCK BAKELIKE GREEN,14,2024-04-09,13.86,10107
INV181588,S0003,PARTY BUNTING,12,2024-11-04,39.05,10113
INV129411,S0010,RED WOOLLY HOTTIE WHITE HEART,8,2024-05-24,8.56,10254
INV168492,S0003,PARTY BUNTING,7,2024-11-01,1.04,10118
INV296863,S0009,JAM MAKING SET WITH JARS,18,2024-04-13,32.1,10198
INV352009,S0001,REGENCY CAKESTAND 3 TIER,9,2024-02-13,48.84,10051
INV147054,S0018,BROCADE RING PURSE,19,2024-09-04,2.76,10245
INV197738,S0010,RED WOOLLY HOTTIE WHITE HEART,10,2024-01-05,49.04,10035
INV517476,S0009,JAM MAKING SET WITH JARS,17,2024-04-09,16.07,10069
INV860939,S0012,SPOTTY BUNTING,12,2024-03-07,35.28,10049
INV447412,S0003,PARTY BUNTING,14,2024-09-14,5.5,10074
INV124835,S0004,LUNCH BAG RED RETROSPOT,19,2024-07-14,24.11,10192
INV404212,S0001,REGENCY CAKESTAND 3 TIER,6,2024-03-18,34.28,10261
INV756359,S0002,JUMBO BAG RED RETROSPOT,3,2024-04-28,44.28,10070
INV906172,S0004,LUNCH BAG RED RETROSPOT,6,2024-09-13,26.06,10090
INV783037,S0019,MINI PAINT SET VINTAGE,17,2024-06-23,22.65,10260
INV455488,S0004,LUNCH BAG RED RETROSPOT,10,2024-07-03,31.36,10126
INV141956,S0013,BATH BUILDING BLOCK WORD,13,2024-05-02,10.84,10231
INV736356,S0019,MINI PAINT SET VINTAGE,3,2024-03-19,28.56,10295
INV202137,S0015,SET 2 TEA TOWELS I LOVE LONDON,1,2024-03-14,38.43,10129
INV673713,S0009,JAM MAKING SET WITH JARS,3,2024-09-12,5.16,10280
INV277961,S0010,RED WOOLLY HOTTIE WHITE HEART,10,2024-03-23,3.87,10100
INV480977,S0018,BROCADE RING PURSE,12,2024-02-15,4.02,10297
INV370473,S0014,DOORMAT NEW ENGLAND,16,2024-05-11,38.28,10182
INV781880,S0014,DOORMAT NEW ENGLAND,5,2024-03-04,48.6,10174
INV141515,S0015,SET 2 TEA TOWELS I LOVE LONDON,12,2024-05-26,20.35,10188
INV813644,S0019,MINI PAINT SET VINTAGE,5,2024-08-13,18.65,10057
INV428881,S0019,MINI PAINT SET VINTAGE,12,2024-02-12,34.27,10031
INV571955,S0016,VINTAGE BILLBOARD DRINK ME MUG,9,2024-12-15,2.61,10084
INV877039,S0001,REGENCY CAKESTAND 3 TIER,8,2024-12-24,41.15,10152
INV262070,S0000,WHITE HANGING HEART T-LIGHT HOLDER,4,2024-05-28,19.1,10036
INV518675,S0018,BROCADE RING PURSE,3,2024-04-24,19.72,10213
INV801655,S0014,DOORMAT NEW ENGLAND,3,2024-06-27,23.56,10106
INV958038,S0017,PAPER CHAIN KIT 50S CHRISTMAS,15,2024-02-25,4.75,10220
INV516226,S0003,PARTY BUNTING,14,2024-04-12,20.38,10163
INV432697,S0002,JUMBO BAG RED RETROSPOT,11,2024-11-05,24.57,10220
INV219879,S0015,SET 2 TEA TOWELS I LOVE LONDON,9,2024-08-20,2.39,10270
INV592796,S0004,LUNCH BAG RED RETROSPOT,5,2024-11-23,11.07,10120
INV132844,S0018,BROCADE RING PURSE,20,2024-07-13,3.59,10182
INV927912,S0011,ALARM CLOCK BAKELIKE GREEN,14,2024-08-30,11.06,10106
INV124057,S0006,WOODEN PICTURE FRAME WHITE FINISH,14,2024-05-18,12.98,10217
INV187651,S0005,SET OF 3 CAKE TINS PANTRY DESIGN,5,2024-02-05,14.06,10205
INV412828,S0002,JUMBO BAG RED RETROSPOT,15,2024-08-02,26.48,10070
INV293020,S0008,CREAM CUPID HEARTS COAT HANGER,2,2024-02-17,44.8,10044
INV458633,S0013,BATH BUILDING BLOCK WORD,10,2024-03-25,10.33,10228
INV605020,S0013,BATH BUILDING BLOCK WORD,16,2024-10-01,34.6,10184
INV830532,S0005,SET OF 3 CAKE TINS PANTRY DESIGN,14,2024-06-30,45.67,10107
INV508040,S0018,BROCADE RING PURSE,1,2024-10-14,39.26,10084
INV308205,S0019,MINI PAINT SET VINTAGE,3,2024-12-07,29.14,10250
INV439458,S0004,LUNCH BAG RED RETROSPOT,11,2024-01-08,7.95,10021
INV254650,S0014,DOORMAT NEW ENGLAND,16,2024-06-11,6.12,10196
INV375568,S0013,BATH BUILDING BLOCK WORD,17,2024-01-02,49.42,10178
INV765104,S0004,LUNCH BAG RED RETROSPOT,15,2024-11-23,48.49,10007
INV138258,S0003,PARTY BUNTING,7,2024-04-06,21.3,10070
INV912000,S0017,PAPER CHAIN KIT 50S CHRISTMAS,6,2024-11-03,19.19,10127
INV319952,S0011,ALARM CLOCK BAKELIKE GREEN,7,2024-12-13,29.05,10160
INV488241,S0000,WHITE HANGING HEART T-LIGHT HOLDER,12,2024-01-09,15.45,10248
INV626474,S0009,JAM MAKING SET WITH JARS,4,2024-12-24,25.21,10203
INV534166,S0014,DOORMAT NEW ENGLAND,14,2024-06-29,17.93,10148
INV546535,S0017,PAPER CHAIN KIT 50S CHRISTMAS,17,2024-06-20,6.11,10143
INV581111,S0005,SET OF 3 CAKE TINS PANTRY DESIGN,14,2024-07-10,9.26,10199
INV270558,S0019,MINI PAINT SET VINTAGE,18,2024-08-11,19.39,10154
INV764909,S0013,BATH BUILDING BLOCK WORD,10,2024-12-25,31.21,10142
INV191876,S0003,PARTY BUNTING,4,2024-02-15,32.66,10165
INV531257,S0019,MINI PAINT SET VINTAGE,4,2024-09-11,37.62,10021
INV671194,S0019,MINI PAINT SET VINTAGE,4,2024-11-20,22.48,10082
INV945016,S0018,BROCADE RING PURSE,2,2024-12-07,14.85,10069
INV322162,S0013,BATH BUILDING BLOCK WORD,8,2024-08-20,27.8,10131
INV305059,S0003,PARTY BUNTING,16,2024-03-04,17.86,10087
INV532993,S0014,DOORMAT NEW ENGLAND,13,2024-01-04,47.01,10218
INV632216,S0007,KNITTED UNION FLAG HOT WATER BOTTLE,10,2024-05-17,44.04,10161
INV422328,S0008,CREAM CUPID HEARTS COAT HANGER,14,2024-12-10,12.46,10178
INV134261,S0013,BATH BUILDING BLOCK WORD,1,2024-01-14,8.09,10117
INV981610,S0011,ALARM CLOCK BAKELIKE GREEN,17,2024-11-03,16.21,10196
INV699982,S0005,SET OF 3 CAKE TINS PANTRY DESIGN,14,2024-05-03,28.01,10086
INV302019,S0012,SPOTTY BUNTING,20,2024-11-25,19.97,10289
INV940257,S0001,REGENCY CAKESTAND 3 TIER,19,2024-08-07,6.88,10081
INV863481,S0012,SPOTTY BUNTING,6,2024-07-25,45.26,10152
INV266140,S0016,VINTAGE BILLBOARD DRINK ME MUG,14,2024-04-28,5.43,10061
INV628751,S0004,LUNCH BAG RED RETROSPOT,4,2024-11-19,29.06,10061
INV983981,S0012,SPOTTY BUNTING,9,2024-10-10,8.37,10028
INV313660,S0010,RED WOOLLY HOTTIE WHITE HEART,3,2024-02-17,1.77,10043
INV759443,S0000,WHITE HANGING HEART T-LIGHT HOLDER,19,2024-03-19,1.88,10169
INV182598,S0017,PAPER CHAIN KIT 50S CHRISTMAS,19,2024-07-14,1.75,10086
INV575745,S0004,LUNCH BAG RED RETROSPOT,12,2024-04-05,12.37,10177
INV411345,S0007,KNITTED UNION FLAG HOT WATER BOTTLE,7,2024-10-01,42.1,10017
INV907814,S0012,SPOTTY BUNTING,9,2024-12-03,3.06,10098
INV250753,S0002,JUMBO BAG RED RETROSPOT,1,2024-11-22,49.25,10198
INV216320,S0003,PARTY BUNTING,15,2024-11-01,6.57,10098
INV396183,S0004,LUNCH BAG RED RETROSPOT,9,2024-04-02,5.09,10065
INV985652,S0015,SET 2 TEA TOWELS I LOVE LONDON,12,2024-04-16,19.84,10005
INV934080,S0015,SET 2 TEA TOWELS I LOVE LONDON,1,2024-07-30,4.14,10002
INV320511,S0002,JUMBO BAG RED RETROSPOT,14,2024-07-11,44.54,10022
INV947825,S0014,DOORMAT NEW ENGLAND,6,2024-04-02,15.29,10112
INV791710,S0005,SET OF 3 CAKE TINS PANTRY DESIGN,19,2024-11-19,30.53,10057
INV222900,S0001,REGENCY CAKESTAND 3 TIER,11,2024-06-26,24.45,10066
INV729138,S0019,MINI PAINT SET VINTAGE,18,2024-01-03,8.34,10098
INV227500,S0008,CREAM CUPID HEARTS COAT HANGER,7,2024-11-06,1.96,10144
INV643157,S0000,WHITE HANGING HEART T-LIGHT HOLDER,17,2024-03-19,11.21,10125
INV220364,S0011,ALARM CLOCK BAKELIKE GREEN,7,2024-01-16,16.71,10167
INV187496,S0007,KNITTED UNION FLAG HOT WATER BOTTLE,5,2024-05-17,14.05,10086
INV196437,S0006,WOODEN PICTURE FRAME WHITE FINISH,12,2024-12-28,27.8,10076
INV589730,S0009,JAM MAKING SET WITH JARS,16,2024-08-11,25.88,10294
INV302432,S0012,SPOTTY BUNTING,9,2024-03-29,10.29,10059
INV511907,S0008,CREAM CUPID HEARTS COAT HANGER,4,2024-10-25,39.76,10138
INV426720,S0018,BROCADE RING PURSE,6,2024-04-15,47.71,10099
INV554527,S0015,SET 2 TEA TOWELS I LOVE LONDON,15,2024-08-04,30.02,10192
INV955524,S0008,CREAM CUPID HEARTS COAT HANGER,11,2024-11-14,5.82,10243
INV550167,S0012,SPOTTY BUNTING,7,2024-10-17,17.97,10049
INV571233,S0002,JUMBO BAG RED RETROSPOT,6,2024-01-18,47.93,10032
INV715377,S0008,CREAM CUPID HEARTS COAT HANGER,14,2024-05-30,30.39,10277
INV469364,S0016,VINTAGE BILLBOARD DRINK ME MUG,13,2024-01-16,6.18,10020
INV550244,S0010,RED WOOLLY HOTTIE WHITE HEART,6,2024-07-02,12.64,10154
INV788866,S0006,WOODEN PICTURE FRAME WHITE FINISH,12,2024-07-09,7.68,10068
INV228244,S0010,RED WOOLLY HOTTIE WHITE HEART,1,2024-06-12,34.57,10214
INV324156,S0010,RED WOOLLY HOTTIE WHITE HEART,15,2024-10-17,39.86,10143
INV688922,S0007,KNITTED UNION FLAG HOT WATER BOTTLE,3,2024-07-16,14.54,10232
INV652874,S0006,WOODEN PICTURE FRAME WHITE FINISH,7,2024-02-22,28.27,10213
INV946648,S0019,MINI PAINT SET VINTAGE,3,2024-10-20,44.69,10079
INV815267,S0013,BATH BUILDING BLOCK WORD,14,2024-06-11,40.76,10214
INV306698,S0006,WOODEN PICTURE FRAME WHITE FINISH,2,2024-09-09,25.18,10116
INV541699,S0008,CREAM CUPID HEARTS COAT HANGER,4,2024-03-04,22.91,10092
INV442753,S0019,MINI PAINT SET VINTAGE,19,2024-07-15,12.2,10270
INV398882,S0000,WHITE HANGING HEART T-LIGHT HOLDER,1,2024-11-25,39.27,10168
INV104872,S0018,BROCADE RING PURSE,15,2024-05-25,6.99,10058
INV138805,S0012,SPOTTY BUNTING,18,2024-09-27,2.44,10284
INV172827,S0000,WHITE HANGING HEART T-LIGHT HOLDER,16,2024-02-18,41.58,10026
INV858386,S0013,BATH BUILDING BLOCK WORD,10,2024-05-20,16.2,10066
INV519791,S0011,ALARM CLOCK BAKELIKE GREEN,3,2024-10-11,38.84,10248
INV742064,S0015,SET 2 TEA TOWELS I LOVE LONDON,2,2024-07-20,15.27,10254
INV617300,S0014,DOORMAT NEW ENGLAND,4,2024-07-10,46.92,10044
INV130710,S0003,PARTY BUNTING,8,2024-01-25,41.36,10097
INV210242,S0004,LUNCH BAG RED RETROSPOT,11,2024-12-18,36.35,10042
INV278458,S0007,KNITTED UNION FLAG HOT WATER BOTTLE,3,2024-04-07,36.34,10227
INV955792,S0011,ALARM CLOCK BAKELIKE GREEN,18,2024-01-03,46.74,10262
INV372302,S0001,REGENCY CAKESTAND 3 TIER,2,2024-02-26,2.88,10167
INV178687,S0009,JAM MAKING SET WITH JARS,9,2024-06-17,34.55,10279
INV383023,S0012,SPOTTY BUNTING,6,2024-03-11,29.38,10089
INV232423,S0003,PARTY BUNTING,11,2024-03-16,37.78,10178
INV767841,S0013,BATH BUILDING BLOCK WORD,15,2024-12-08,6.56,10197
INV352207,S0016,VINTAGE BILLBOARD DRINK ME MUG,19,2024-09-01,33.23,10267
INV437548,S0008,CREAM CUPID HEARTS COAT HANGER,16,2024-04-25,5.04,10268
INV845937,S0009,JAM MAKING SET WITH JARS,3,2024-06-29,28.15,10074
INV791515,S0007,KNITTED UNION FLAG HOT WATER BOTTLE,7,2024-12-21,4.36,10008
INV163194,S0015,SET 2 TEA TOWELS I LOVE LONDON,7,2024-01-07,33.69,10297
INV958271,S0014,DOORMAT NEW ENGLAND,13,2024-04-06,24.64,10164
INV318797,S0010,RED WOOLLY HOTTIE WHITE HEART,19,2024-09-27,25.94,10085
INV897429,S0010,RED WOOLLY HOTTIE WHITE HEART,10,2024-12-28,22.97,10072
INV988990,S0004,LUNCH BAG RED RETROSPOT,17,2024-02-24,45.75,10055
INV481308,S0007,KNITTED UNION FLAG HOT WATER BOTTLE,13,2024-08-19,43.46,10047
INV312882,S0016,VINTAGE BILLBOARD DRINK ME MUG,13,2024-04-06,3.9,10238
INV272172,S0013,BATH BUILDING BLOCK WORD,10,2024-10-22,32.59,10104
INV583345,S0004,LUNCH BAG RED RETROSPOT,4,2024-02-26,12.41,10210
INV296114,S0014,DOORMAT NEW ENGLAND,9,2024-01-15,24.07,10042
INV574628,S0016,VINTAGE BILLBOARD DRINK ME MUG,12,2024-05-15,6.36,10268
INV188150,S0017,PAPER CHAIN KIT 50S CHRISTMAS,12,2024-08-08,11.0,10263
INV626584,S0012,SPOTTY BUNTING,14,2024-09-17,17.02,10259
INV385830,S0014,DOORMAT NEW ENGLAND,12,2024-02-20,2.93,10283
INV867559,S0012,SPOTTY BUNTING,14,2024-04-09,15.05,10114
INV285225,S0012,SPOTTY BUNTING,20,2024-05-21,26.71,10040
INV643810,S0015,SET 2 TEA TOWELS I LOVE LONDON,14,2024-02-25,34.22,10220
INV216478,S0007,KNITTED UNION FLAG HOT WATER BOTTLE,8,2024-02-28,3.13,10129
INV703172,S0001,REGENCY CAKESTAND 3 TIER,9,2024-05-02,3.76,10008
INV388840,S0003,PARTY BUNTING,8,2024-11-13,35.13,10101
INV510945,S0012,SPOTTY BUNTING,13,2024-02-21,11.38,10176
INV619225,S0008,CREAM CUPID HEARTS COAT HANGER,7,2024-03-28,39.39,10107
INV767837,S0011,ALARM CLOCK BAKELIKE GREEN,10,2024-12-27,30.02,10101
INV198820,S0000,WHITE HANGING HEART T-LIGHT HOLDER,6,2024-09-14,45.44,10260
INV599917,S0019,MINI PAINT SET VINTAGE,10,2024-12-18,12.31,10246
INV814544,S0010,RED WOOLLY HOTTIE WHITE HEART,3,2024-03-26,9.77,10275
INV248723,S0014,DOORMAT NEW ENGLAND,1,2024-12-07,23.99,10032
INV121838,S0010,RED WOOLLY HOTTIE WHITE HEART,6,2024-05-15,44.12,10137
INV812195,S0005,SET OF 3 CAKE TINS PANTRY DESIGN,1,2024-10-31,17.93,10012
INV711486,S0015,SET 2 TEA TOWELS I LOVE LONDON,1,2024-09-07,43.72,10016
INV214699,S0015,SET 2 TEA TOWELS I LOVE LONDON,2,2024-01-09,28.58,10129
INV975937,S0009,JAM MAKING SET WITH JARS,8,2024-09-25,25.41,10063
INV912915,S0004,LUNCH BAG RED RETROSPOT,4,2024-02-21,15.58,10109
INV574602,S0010,RED WOOLLY HOTTIE WHITE HEART,16,2024-06-28,49.49,10021
INV795634,S0008,CREAM CUPID HEARTS COAT HANGER,16,2024-05-09,18.53,10158
INV967958,S0000,WHITE HANGING HEART T-LIGHT HOLDER,12,2024-06-03,35.65,10269
INV912149,S0016,VINTAGE BILLBOARD DRINK ME MUG,20,2024-09-04,6.08,10162
INV863589,S0016,VINTAGE BILLBOARD DRINK ME MUG,1,2024-03-16,48.94,10260
INV791396,S0007,KNITTED UNION FLAG HOT WATER BOTTLE,5,2024-07-01,25.14,10102
INV705640,S0007,KNITTED UNION FLAG HOT WATER BOTTLE,14,2024-07-03,10.71,10223
INV303258,S0002,JUMBO BAG RED RETROSPOT,13,2024-11-23,5.84,10059
INV757343,S0008,CREAM CUPID HEARTS COAT HANGER,18,2024-08-18,49.37,10247
INV283450,S0016,VINTAGE BILLBOARD DRINK ME MUG,9,2024-12-13,17.77,10128
INV510020,S0010,RED WOOLLY HOTTIE WHITE HEART,19,2024-08-01,47.29,10283
INV424348,S0008,CREAM CUPID HEARTS COAT HANGER,7,2024-01-22,29.19,10025
INV974692,S0010,RED WOOLLY HOTTIE WHITE HEART,20,2024-03-03,21.96,10131
INV694188,S0014,DOORMAT NEW ENGLAND,12,2024-05-27,5.95,10196
INV623162,S0000,WHITE HANGING HEART T-LIGHT HOLDER,5,2024-08-26,34.21,10281
INV403858,S0016,VINTAGE BILLBOARD DRINK ME MUG,20,2024-10-12,33.38,10154
INV610472,S0009,JAM MAKING SET WITH JARS,10,2024-02-03,40.09,10133
INV575904,S0000,WHITE HANGING HEART T-LIGHT HOLDER,2,2024-04-21,14.51,10227
INV229431,S0018,BROCADE RING PURSE,2,2024-09-07,15.64,10189
INV469366,S0013,BATH BUILDING BLOCK WORD,1,2024-01-26,12.95,10265
INV397025,S0011,ALARM CLOCK BAKELIKE GREEN,17,2024-12-06,47.95,10134
INV262568,S0017,PAPER CHAIN KIT 50S CHRISTMAS,3,2024-05-18,7.56,10211
INV553038,S0006,WOODEN PICTURE FRAME WHITE FINISH,19,2024-02-11,14.89,10060
INV596162,S0001,REGENCY CAKESTAND 3 TIER,12,2024-05-07,40.68,10213
INV543089,S0012,SPOTTY BUNTING,13,2024-02-20,44.71,10216
INV726040,S0009,JAM MAKING SET WITH JARS,10,2024-03-29,28.41,10226
INV943453,S0010,RED WOOLLY HOTTIE WHITE HEART,19,2024-03-12,34.32,10131
INV362165,S0006,WOODEN PICTURE FRAME WHITE FINISH,5,2024-08-01,27.94,10076
INV419811,S0009,JAM MAKING SET WITH JARS,3,2024-06-01,28.55,10286
INV672344,S0014,DOORMAT NEW ENGLAND,6,2024-07-11,39.23,10277
INV200707,S0013,BATH BUILDING BLOCK WORD,5,2024-09-26,22.37,10156
INV628288,S0010,RED WOOLLY HOTTIE WHITE HEART,12,2024-08-27,18.03,10248
INV540932,S0014,DOORMAT NEW ENGLAND,14,2024-08-24,1.87,10218
INV127705,S0017,PAPER CHAIN KIT 50S CHRISTMAS,14,2024-02-15,37.91,10190
INV417078,S0019,MINI PAINT SET VINTAGE,8,2024-10-24,25.85,10163
INV751050,S0004,LUNCH BAG RED RETROSPOT,18,2024-10-16,43.95,10180
INV892026,S0001,REGENCY CAKESTAND 3 TIER,13,2024-03-05,20.45,10034
INV585289,S0000,WHITE HANGING HEART T-LIGHT HOLDER,17,2024-08-23,42.04,10041
INV157349,S0002,JUMBO BAG RED RETROSPOT,9,2024-11-28,5.8,10075
INV202130,S0019,MINI PAINT SET VINTAGE,10,2024-10-16,24.33,10279
INV163821,S0010,RED WOOLLY HOTTIE WHITE HEART,4,2024-10-26,33.88,10176
INV835652,S0001,REGENCY CAKESTAND 3 TIER,7,2024-09-21,7.64,10150
INV243028,S0015,SET 2 TEA TOWELS I LOVE LONDON,8,2024-12-11,32.16,10273
INV415508,S0004,LUNCH BAG RED RETROSPOT,10,2024-01-04,40.38,10108
INV821184,S0019,MINI PAINT SET VINTAGE,7,2024-02-28,3.82,10139
INV733120,S0004,LUNCH BAG RED RETROSPOT,4,2024-09-23,5.29,10271
INV208639,S0006,WOODEN PICTURE FRAME WHITE FINISH,16,2024-01-13,41.72,10289
INV509693,S0014,DOORMAT NEW ENGLAND,2,2024-03-03,15.35,10212
INV292984,S0015,SET 2 TEA TOWELS I LOVE LONDON,8,2024-10-06,13.38,10272
INV814416,S0019,MINI PAINT SET VINTAGE,15,2024-12-02,31.05,10066
INV253350,S0013,BATH BUILDING BLOCK WORD,1,2024-04-04,7.51,10248
INV279071,S0007,KNITTED UNION FLAG HOT WATER BOTTLE,17,2024-12-24,27.56,10156
INV603805,S0015,SET 2 TEA TOWELS I LOVE LONDON,10,2024-05-28,33.54,10047
INV616910,S0018,BROCADE RING PURSE,12,2024-12-07,14.12,10201
INV831541,S0012,SPOTTY BUNTING,4,2024-08-25,21.14,10148
INV255363,S0013,BATH BUILDING BLOCK WORD,1,2024-05-25,23.13,10124
INV508346,S0018,BROCADE RING PURSE,1,2024-10-24,15.49,10001
INV566070,S0019,MINI PAINT SET VINTAGE,2,2024-06-30,48.16,10247
INV858188,S0014,DOORMAT NEW ENGLAND,15,2024-05-21,0.95,10128
INV475125,S0005,SET OF 3 CAKE TINS PANTRY DESIGN,17,2024-09-14,10.93,10191
INV509599,S0016,VINTAGE BILLBOARD DRINK ME MUG,17,2024-02-02,9.14,10067
INV468959,S0004,LUNCH BAG RED RETROSPOT,19,2024-06-22,23.24,10004
INV391860,S0004,LUNCH BAG RED RETROSPOT,10,2024-07-20,3.88,10294
INV494812,S0015,SET 2 TEA TOWELS I LOVE LONDON,16,2024-11-06,33.12,10143
INV842916,S0018,BROCADE RING PURSE,17,2024-12-03,26.51,10191
INV831663,S0004,LUNCH BAG RED RETROSPOT,11,2024-10-28,47.78,10021
INV712885,S0011,ALARM CLOCK BAKELIKE GREEN,20,2024-07-25,3.84,10227
INV993419,S0000,WHITE HANGING HEART T-LIGHT HOLDER,6,2024-04-28,5.28,10117
INV623694,S0003,PARTY BUNTING,16,2024-06-14,38.12,10142
INV210553,S0007,KNITTED UNION FLAG HOT WATER BOTTLE,6,2024-07-15,37.91,10039
INV167496,S0013,BATH BUILDING BLOCK WORD,2,2024-11-09,12.9,10252
INV987936,S0001,REGENCY CAKESTAND 3 TIER,3,2024-08-14,38.29,10207
INV761959,S0019,MINI PAINT SET VINTAGE,1,2024-03-30,16.4,10210
INV495972,S0014,DOORMAT NEW ENGLAND,5,2024-11-22,28.9,10115
INV305225,S0006,WOODEN PICTURE FRAME WHITE FINISH,9,2024-09-08,22.16,10225
INV336450,S0009,JAM MAKING SET WITH JARS,7,2024-03-23,21.99,10134
INV947954,S0016,VINTAGE BILLBOARD DRINK ME MUG,7,2024-02-14,29.31,10251
INV313426,S0003,PARTY BUNTING,2,2024-03-12,44.72,10219
INV912002,S0011,ALARM CLOCK BAKELIKE GREEN,14,2024-10-17,27.56,10091
INV457261,S0002,JUMBO BAG RED RETROSPOT,6,2024-12-15,36.63,10046
INV620277,S0016,VINTAGE BILLBOARD DRINK ME MUG,7,2024-04-16,28.73,10038
INV625179,S0015,SET 2 TEA TOWELS I LOVE LONDON,12,2024-07-01,31.11,10142
INV994877,S0017,PAPER CHAIN KIT 50S CHRISTMAS,5,2024-02-04,22.22,10100
INV174310,S0012,SPOTTY BUNTING,19,2024-02-10,6.8,10190
INV412713,S0016,VINTAGE BILLBOARD DRINK ME MUG,4,2024-03-01,25.19,10035
INV730707,S0001,REGENCY CAKESTAND 3 TIER,18,2024-06-18,1.62,10147
INV968376,S0009,JAM MAKING SET WITH JARS,9,2024-07-18,35.31,10030
INV265531,S0002,JUMBO BAG RED RETROSPOT,10,2024-02-08,26.95,10084
INV994640,S0007,KNITTED UNION FLAG HOT WATER BOTTLE,17,2024-11-08,25.25,10281
INV748696,S0012,SPOTTY BUNTING,2,2024-10-06,35.03,10270
INV711081,S0003,PARTY BUNTING,16,2024-05-14,32.83,10154
INV454466,S0001,REGENCY CAKESTAND 3 TIER,14,2024-05-13,10.43,10102
INV246054,S0001,REGENCY CAKESTAND 3 TIER,7,2024-10-07,40.93,10215
INV894133,S0010,RED WOOLLY HOTTIE WHITE HEART,2,2024-04-30,24.93,10150
INV739633,S0018,BROCADE RING PURSE,2,2024-06-26,49.06,10083
INV727203,S0013,BATH BUILDING BLOCK WORD,20,2024-02-11,44.43,10110
INV235753,S0015,SET 2 TEA TOWELS I LOVE LONDON,9,2024-01-22,5.65,10275
INV632261,S0015,SET 2 TEA TOWELS I LOVE LONDON,8,2024-11-28,17.84,10201
INV418157,S0015,SET 2 TEA TOWELS I LOVE LONDON,8,2024-01-11,46.6,10284
INV911192,S0000,WHITE HANGING HEART T-LIGHT HOLDER,7,2024-09-30,30.6,10173
INV815067,S0012,SPOTTY BUNTING,1,2024-10-09,24.37,10206
INV902875,S0012,SPOTTY BUNTING,13,2024-12-22,6.7,10063
INV676239,S0013,BATH BUILDING BLOCK WORD,5,2024-02-29,22.18,10073
INV485570,S0019,MINI PAINT SET VINTAGE,12,2024-04-09,17.48,10251
INV349739,S0001,REGENCY CAKESTAND 3 TIER,8,2024-02-17,29.64,10124
INV533130,S0007,KNITTED UNION FLAG HOT WATER BOTTLE,18,2024-10-17,2.77,10121
INV854793,S0000,WHITE HANGING HEART T-LIGHT HOLDER,8,2024-01-30,4.29,10275
INV559859,S0004,LUNCH BAG RED RETROSPOT,6,2024-05-24,2.66,10120
INV731678,S0011,ALARM CLOCK BAKELIKE GREEN,8,2024-05-29,6.92,10164
INV601954,S0012,SPOTTY BUNTING,4,2024-12-02,4.3,10286
INV670054,S0008,CREAM CUPID HEARTS COAT HANGER,7,2024-09-10,35.41,10265
INV330987,S0011,ALARM CLOCK BAKELIKE GREEN,15,2024-06-03,47.1,10161
INV406900,S0017,PAPER CHAIN KIT 50S CHRISTMAS,8,2024-09-26,44.7,10089
INV831666,S0010,RED WOOLLY HOTTIE WHITE HEART,18,2024-09-14,5.67,10142
INV530790,S0011,ALARM CLOCK BAKELIKE GREEN,20,2024-09-05,14.35,10203
INV243792,S0006,WOODEN PICTURE FRAME WHITE FINISH,17,2024-04-28,15.59,10227
INV321007,S0017,PAPER CHAIN KIT 50S CHRISTMAS,4,2024-07-09,36.38,10222
INV137609,S0004,LUNCH BAG RED RETROSPOT,8,2024-12-23,22.29,10041
INV219787,S0014,DOORMAT NEW ENGLAND,1,2024-09-12,41.9,10196
INV391469,S0008,CREAM CUPID HEARTS COAT HANGER,19,2024-07-15,15.37,10068
INV162621,S0002,JUMBO BAG RED RETROSPOT,9,2024-11-08,19.5,10264
INV501172,S0000,WHITE HANGING HEART T-LIGHT HOLDER,13,2024-08-15,2.7,10002
INV497753,S0006,WOODEN PICTURE FRAME WHITE FINISH,6,2024-12-03,21.84,10125
INV792482,S0001,REGENCY CAKESTAND 3 TIER,10,2024-01-17,27.31,10110
INV127254,S0011,ALARM CLOCK BAKELIKE GREEN,20,2024-06-21,46.17,10086
INV949602,S0008,CREAM CUPID HEARTS COAT HANGER,19,2024-04-20,37.98,10120
INV861042,S0010,RED WOOLLY HOTTIE WHITE HEART,20,2024-08-10,43.35,10127
INV946616,S0001,REGENCY CAKESTAND 3 TIER,4,2024-10-10,19.71,10255
INV660737,S0009,JAM MAKING SET WITH JARS,15,2024-08-05,28.84,10183
INV906367,S0018,BROCADE RING PURSE,17,2024-05-13,8.55,10016
INV590033,S0012,SPOTTY BUNTING,8,2024-03-08,45.43,10062
INV938429,S0008,CREAM CUPID HEARTS COAT HANGER,9,2024-02-13,49.94,10158
INV410194,S0017,PAPER CHAIN KIT 50S CHRISTMAS,11,2024-10-19,20.03,10268
INV387592,S0019,MINI PAINT SET VINTAGE,12,2024-05-17,33.13,10035
INV112938,S0019,MINI PAINT SET VINTAGE,4,2024-06-06,28.64,10267
INV976609,S0010,RED WOOLLY HOTTIE WHITE HEART,9,2024-04-01,22.47,10064
INV561278,S0000,WHITE HANGING HEART T-LIGHT HOLDER,1,2024-08-26,2.33,10050
INV603534,S0011,ALARM CLOCK BAKELIKE GREEN,18,2024-04-21,20.73,10255
INV183410,S0018,BROCADE RING PURSE,9,2024-11-08,27.8,10149
INV561834,S0002,JUMBO BAG RED RETROSPOT,6,2024-05-12,38.42,10276
INV372148,S0008,CREAM CUPID HEARTS COAT HANGER,16,2024-03-06,11.76,10172
INV254037,S0005,SET OF 3 CAKE TINS PANTRY DESIGN,20,2024-12-01,2.95,10201
INV786398,S0003,PARTY BUNTING,2,2024-04-04,34.38,10035
INV708059,S0014,DOORMAT NEW ENGLAND,11,2024-01-22,27.89,10216
INV163766,S0007,KNITTED UNION FLAG HOT WATER BOTTLE,9,2024-05-11,1.3,10065
INV666693,S0011,ALARM CLOCK BAKELIKE GREEN,2,2024-11-03,12.12,10008
INV181242,S0003,PARTY BUNTING,17,2024-08-15,6.1,10076
INV348490,S0002,JUMBO BAG RED RETROSPOT,7,2024-06-15,28.73,10174
INV174861,S0013,BATH BUILDING BLOCK WORD,14,2024-05-24,7.58,10047
INV736450,S0010,RED WOOLLY HOTTIE WHITE HEART,12,2024-06-20,48.77,10015
INV593549,S0011,ALARM CLOCK BAKELIKE GREEN,10,2024-11-14,2.04,10147
INV146777,S0011,ALARM CLOCK BAKELIKE GREEN,10,2024-03-17,45.64,10026
INV211392,S0000,WHITE HANGING HEART T-LIGHT HOLDER,20,2024-04-18,40.5,10093
INV850537,S0016,VINTAGE BILLBOARD DRINK ME MUG,17,2024-10-24,35.79,10232
INV497242,S0006,WOODEN PICTURE FRAME WHITE FINISH,19,2024-01-17,33.02,10021
INV499601,S0004,LUNCH BAG RED RETROSPOT,3,2024-02-09,47.95,10038
INV692867,S0007,KNITTED UNION FLAG HOT WATER BOTTLE,17,2024-10-21,31.7,10276
INV665148,S0013,BATH BUILDING BLOCK WORD,4,2024-09-27,40.01,10157
INV595273,S0019,MINI PAINT SET VINTAGE,17,2024-09-23,22.33,10179
INV304497,S0008,CREAM CUPID HEARTS COAT HANGER,19,2024-05-30,45.6,10132
INV354880,S0010,RED WOOLLY HOTTIE WHITE HEART,12,2024-04-28,23.06,10028
INV826739,S0003,PARTY BUNTING,8,2024-08-15,36.77,10260
INV479459,S0013,BATH BUILDING BLOCK WORD,3,2024-06-29,28.24,10076
INV479895,S0002,JUMBO BAG RED RETROSPOT,16,2024-11-05,11.9,10067
INV340924,S0013,BATH BUILDING BLOCK WORD,19,2024-03-05,46.32,10194
INV914165,S0007,KNITTED UNION FLAG HOT WATER BOTTLE,14,2024-12-11,29.45,10162
INV734960,S0004,LUNCH BAG RED RETROSPOT,9,2024-05-26,17.41,10257
INV185465,S0003,PARTY BUNTING,14,2024-08-03,25.5,10072
INV703992,S0004,LUNCH BAG RED RETROSPOT,16,2024-11-19,44.13,10087
INV288655,S0006,WOODEN PICTURE FRAME WHITE FINISH,15,2024-01-08,8.76,10262
INV376169,S0013,BATH BUILDING BLOCK WORD,18,2024-12-30,46.54,10214
INV232537,S0003,PARTY BUNTING,2,2024-08-08,1.68,10153
INV176561,S0005,SET OF 3 CAKE TINS PANTRY DESIGN,5,2024-09-20,43.41,10210
INV542875,S0012,SPOTTY BUNTING,12,2024-03-06,20.41,10061
INV353162,S0017,PAPER CHAIN KIT 50S CHRISTMAS,10,2024-03-01,17.17,10268
INV720209,S0010,RED WOOLLY HOTTIE WHITE HEART,20,2024-11-11,5.83,10262
INV177335,S0001,REGENCY CAKESTAND 3 TIER,12,2024-08-17,45.58,10218
INV876677,S0014,DOORMAT NEW ENGLAND,14,2024-05-28,38.0,10283
INV869070,S0004,LUNCH BAG RED RETROSPOT,6,2024-10-28,45.86,10136
INV187859,S0016,VINTAGE BILLBOARD DRINK ME MUG,5,2024-01-04,29.88,10093
INV806642,S0011,ALARM CLOCK BAKELIKE GREEN,15,2024-07-13,16.36,10109
INV633376,S0005,SET OF 3 CAKE TINS PANTRY DESIGN,19,2024-05-23,47.27,10241
INV343545,S0003,PARTY BUNTING,10,2024-09-09,17.39,10142
INV642824,S0018,BROCADE RING PURSE,17,2024-10-23,25.66,10291
INV399113,S0013,BATH BUILDING BLOCK WORD,11,2024-07-15,16.27,10237
INV250152,S0005,SET OF 3 CAKE TINS PANTRY DESIGN,2,2024-04-17,21.81,10177
INV703075,S0008,CREAM CUPID HEARTS COAT HANGER,20,2024-06-09,5.42,10141
INV273636,S0009,JAM MAKING SET WITH JARS,4,2024-05-27,14.06,10189
INV334496,S0014,DOORMAT NEW ENGLAND,6,2024-05-27,46.99,10049
INV735615,S0008,CREAM CUPID HEARTS COAT HANGER,4,2024-04-28,33.49,10190
INV200638,S0004,LUNCH BAG RED RETROSPOT,7,2024-10-09,42.02,10136
INV128678,S0005,SET OF 3 CAKE TINS PANTRY DESIGN,20,2024-01-21,48.01,10043
INV664045,S0017,PAPER CHAIN KIT 50S CHRISTMAS,7,2024-01-04,24.67,10090
INV487491,S0000,WHITE HANGING HEART T-LIGHT HOLDER,7,2024-05-24,47.12,10295
INV547220,S0018,BROCADE RING PURSE,15,2024-09-23,6.75,10245
INV409268,S0014,DOORMAT NEW ENGLAND,4,2024-12-27,46.0,10192
INV565992,S0003,PARTY BUNTING,14,2024-09-09,13.52,10106
INV391979,S0004,LUNCH BAG RED RETROSPOT,4,2024-06-30,40.28,10233
INV862693,S0007,KNITTED UNION FLAG HOT WATER BOTTLE,3,2024-06-16,8.26,10265
INV389520,S0010,RED WOOLLY HOTTIE WHITE HEART,15,2024-11-18,36.91,10037
INV841143,S0002,JUMBO BAG RED RETROSPOT,11,2024-01-20,21.95,10041
INV432951,S0016,VINTAGE BILLBOARD DRINK ME MUG,7,2024-10-12,33.23,10017
INV765318,S0001,REGENCY CAKESTAND 3 TIER,1,2024-05-05,7.28,10277
INV330906,S0012,SPOTTY BUNTING,7,2024-05-15,23.77,10059
INV953403,S0015,SET 2 TEA TOWELS I LOVE LONDON,6,2024-09-11,14.49,10183
INV765607,S0006,WOODEN PICTURE FRAME WHITE FINISH,3,2024-09-21,42.93,10041
INV103353,S0006,WOODEN PICTURE FRAME WHITE FINISH,14,2024-02-04,24.79,10039
INV318677,S0019,MINI PAINT SET VINTAGE,6,2024-01-20,21.2,10192
INV743173,S0008,CREAM CUPID HEARTS COAT HANGER,13,2024-11-19,29.4,10267
INV607755,S0011,ALARM CLOCK BAKELIKE GREEN,17,2024-12-02,47.74,10147
INV981529,S0009,JAM MAKING SET WITH JARS,8,2024-05-29,33.56,10127
INV935448,S0015,SET 2 TEA TOWELS I LOVE LONDON,13,2024-11-02,18.18,10046
INV409767,S0015,SET 2 TEA TOWELS I LOVE LONDON,4,2024-04-22,6.06,10045
INV539976,S0009,JAM MAKING SET WITH JARS,15,2024-06-15,12.75,10001
INV221445,S0013,BATH BUILDING BLOCK WORD,6,2024-08-25,47.84,10168
INV464462,S0003,PARTY BUNTING,13,2024-12-26,6.84,10108
INV980930,S0015,SET 2 TEA TOWELS I LOVE LONDON,16,2024-11-03,20.89,10019
INV130369,S0007,KNITTED UNION FLAG HOT WATER BOTTLE,10,2024-05-17,25.62,10072
INV163756,S0013,BATH BUILDING BLOCK WORD,18,2024-06-14,13.45,10109
INV531204,S0010,RED WOOLLY HOTTIE WHITE HEART,13,2024-08-14,21.55,10268
INV157287,S0008,CREAM CUPID HEARTS COAT HANGER,9,2024-09-05,36.55,10240
INV767173,S0010,RED WOOLLY HOTTIE WHITE HEART,2,2024-06-06,22.66,10090
INV700315,S0007,KNITTED UNION FLAG HOT WATER BOTTLE,6,2024-10-01,10.71,10103
INV743095,S0003,PARTY BUNTING,20,2024-06-17,6.9,10250
INV120887,S0017,PAPER CHAIN KIT 50S CHRISTMAS,1,2024-07-13,4.97,10008
INV469833,S0010,RED WOOLLY HOTTIE WHITE HEART,18,2024-02-02,32.92,10153
INV320686,S0016,VINTAGE BILLBOARD DRINK ME MUG,12,2024-10-01,10.32,10174
INV978862,S0005,SET OF 3 CAKE TINS PANTRY DESIGN,18,2024-07-21,43.06,10158
INV404283,S0007,KNITTED UNION FLAG HOT WATER BOTTLE,6,2024-07-10,16.91,10215
INV679811,S0006,WOODEN PICTURE FRAME WHITE FINISH,8,2024-01-07,2.29,10177
INV891802,S0000,WHITE HANGING HEART T-LIGHT HOLDER,17,2024-02-22,25.32,10175
INV144339,S0015,SET 2 TEA TOWELS I LOVE LONDON,6,2024-05-24,15.42,10146
INV762233,S0007,KNITTED UNION FLAG HOT WATER BOTTLE,8,2024-01-18,13.99,10161
INV952487,S0003,PARTY BUNTING,13,2024-12-01,20.34,10127
INV189041,S0008,CREAM CUPID HEARTS COAT HANGER,3,2024-02-07,25.47,10082
INV121133,S0013,BATH BUILDING BLOCK WORD,1,2024-10-04,30.44,10147
INV200198,S0004,LUNCH BAG RED RETROSPOT,19,2024-07-19,10.12,10239
INV427354,S0019,MINI PAINT SET VINTAGE,11,2024-08-05,25.86,10084
INV416831,S0000,WHITE HANGING HEART T-LIGHT HOLDER,9,2024-08-22,10.53,10113
INV787919,S0008,CREAM CUPID HEARTS COAT HANGER,19,2024-08-29,19.14,10225
INV197582,S0013,BATH BUILDING BLOCK WORD,8,2024-07-27,28.27,10243
INV398239,S0015,SET 2 TEA TOWELS I LOVE LONDON,18,2024-09-16,12.61,10143
INV621178,S0000,WHITE HANGING HEART T-LIGHT HOLDER,13,2024-07-09,38.25,10041
INV574239,S0003,PARTY BUNTING,8,2024-10-22,48.77,10258
INV908667,S0012,SPOTTY BUNTING,8,2024-08-16,18.81,10285
INV214240,S0018,BROCADE RING PURSE,10,2024-06-19,7.62,10105
INV200022,S0002,JUMBO BAG RED RETROSPOT,18,2024-03-27,10.78,10202
INV722234,S0015,SET 2 TEA TOWELS I LOVE LONDON,8,2024-02-12,7.5,10266
INV978780,S0019,MINI PAINT SET VINTAGE,16,2024-09-24,36.29,10210
INV897527,S0018,BROCADE RING PURSE,8,2024-01-31,38.49,10051
INV531865,S0008,CREAM CUPID HEARTS COAT HANGER,10,2024-06-21,41.8,10118
INV437057,S0001,REGENCY CAKESTAND 3 TIER,19,2024-11-02,20.62,10201
INV381170,S0000,WHITE HANGING HEART T-LIGHT HOLDER,7,2024-10-14,39.84,10039
INV624094,S0017,PAPER CHAIN KIT 50S CHRISTMAS,11,2024-11-29,12.17,10028
INV843302,S0014,DOORMAT NEW ENGLAND,16,2024-09-20,27.96,10259
INV210146,S0002,JUMBO BAG RED RETROSPOT,14,2024-12-24,4.34,10084
INV893653,S0004,LUNCH BAG RED RETROSPOT,1,2024-03-23,26.24,10155
INV274270,S0003,PARTY BUNTING,7,2024-08-12,43.55,10117
INV140959,S0003,PARTY BUNTING,14,2024-09-10,8.95,10002
INV610859,S0016,VINTAGE BILLBOARD DRINK ME MUG,5,2024-10-07,21.2,10093
INV411166,S0000,WHITE HANGING HEART T-LIGHT HOLDER,4,2024-08-10,49.79,10166
INV647860,S0008,CREAM CUPID HEARTS COAT HANGER,11,2024-11-10,44.53,10296
INV781805,S0018,BROCADE RING PURSE,6,2024-03-13,14.86,10258
INV941811,S0006,WOODEN PICTURE FRAME WHITE FINISH,20,2024-07-09,26.21,10081
INV595043,S0008,CREAM CUPID HEARTS COAT HANGER,15,2024-04-17,46.84,10268
INV272216,S0004,LUNCH BAG RED RETROSPOT,17,2024-08-30,0.99,10235
INV287931,S0013,BATH BUILDING BLOCK WORD,5,2024-08-28,3.82,10213
INV426988,S0000,WHITE HANGING HEART T-LIGHT HOLDER,7,2024-04-12,34.86,10062
INV580870,S0017,PAPER CHAIN KIT 50S CHRISTMAS,11,2024-02-18,3.52,10049
INV723330,S0014,DOORMAT NEW ENGLAND,6,2024-02-04,17.85,10127
INV337009,S0017,PAPER CHAIN KIT 50S CHRISTMAS,12,2024-11-17,1.2,10223
INV387918,S0006,WOODEN PICTURE FRAME WHITE FINISH,10,2024-08-06,29.43,10279
INV485115,S0009,JAM MAKING SET WITH JARS,20,2024-07-25,46.75,10294
INV667297,S0017,PAPER CHAIN KIT 50S CHRISTMAS,7,2024-02-09,29.84,10284
INV866150,S0003,PARTY BUNTING,7,2024-05-23,9.33,10277
INV207292,S0018,BROCADE RING PURSE,5,2024-09-24,29.57,10107
INV446198,S0012,SPOTTY BUNTING,19,2024-10-30,30.44,10146
INV800969,S0019,MINI PAINT SET VINTAGE,16,2024-04-17,8.82,10099
INV326957,S0007,KNITTED UNION FLAG HOT WATER BOTTLE,3,2024-11-10,7.75,10073
INV598560,S0005,SET OF 3 CAKE TINS PANTRY DESIGN,1,2024-06-14,4.35,10122
INV243628,S0001,REGENCY CAKESTAND 3 TIER,17,2024-08-13,21.56,10030
INV442978,S0015,SET 2 TEA TOWELS I LOVE LONDON,10,2024-09-13,38.12,10188
INV687354,S0007,KNITTED UNION FLAG HOT WATER BOTTLE,13,2024-07-12,38.81,10288
INV472235,S0015,SET 2 TEA TOWELS I LOVE LONDON,10,2024-09-24,16.19,10195
INV734787,S0002,JUMBO BAG RED RETROSPOT,7,2024-03-26,47.3,10156
INV845902,S0008,CREAM CUPID HEARTS COAT HANGER,5,2024-08-11,28.24,10172
INV828864,S0015,SET 2 TEA TOWELS I LOVE LONDON,9,2024-12-16,6.45,10041
INV783768,S0013,BATH BUILDING BLOCK WORD,12,2024-04-01,1.75,10063
INV996922,S0011,ALARM CLOCK BAKELIKE GREEN,15,2024-12-09,17.63,10023
INV324164,S0013,BATH BUILDING BLOCK WORD,20,2024-10-13,43.88,10075
INV501035,S0006,WOODEN PICTURE FRAME WHITE FINISH,12,2024-04-01,46.69,10048
INV305349,S0000,WHITE HANGING HEART T-LIGHT HOLDER,15,2024-07-03,26.54,10160
INV714663,S0000,WHITE HANGING HEART T-LIGHT HOLDER,10,2024-06-17,5.16,10118
INV366086,S0011,ALARM CLOCK BAKELIKE GREEN,17,2024-01-07,30.54,10100
INV778657,S0001,REGENCY CAKESTAND 3 TIER,9,2024-11-24,24.2,10167
INV829283,S0001,REGENCY CAKESTAND 3 TIER,9,2024-05-20,31.45,10290
INV963319,S0018,BROCADE RING PURSE,1,2024-08-29,49.86,10156
INV614117,S0014,DOORMAT NEW ENGLAND,6,2024-08-30,37.62,10007
INV946652,S0017,PAPER CHAIN KIT 50S CHRISTMAS,4,2024-01-20,18.79,10196
INV847960,S0019,MINI PAINT SET VINTAGE,5,2024-12-27,36.94,10056
INV186847,S0004,LUNCH BAG RED RETROSPOT,14,2024-03-02,3.27,10193
INV429500,S0001,REGENCY CAKESTAND 3 TIER,4,2024-10-05,14.24,10047
INV786927,S0006,WOODEN PICTURE FRAME WHITE FINISH,20,2024-01-09,16.97,10148
INV843764,S0010,RED WOOLLY HOTTIE WHITE HEART,6,2024-10-27,36.25,10275
INV641422,S0011,ALARM CLOCK BAKELIKE GREEN,1,2024-12-06,20.46,10157
INV168110,S0001,REGENCY CAKESTAND 3 TIER,7,2024-09-13,7.8,10202
INV188047,S0008,CREAM CUPID HEARTS COAT HANGER,6,2024-08-15,2.7,10126
INV308334,S0019,MINI PAINT SET VINTAGE,17,2024-07-28,9.06,10294
INV426279,S0000,WHITE HANGING HEART T-LIGHT HOLDER,9,2024-10-14,17.86,10064
INV588900,S0010,RED WOOLLY HOTTIE WHITE HEART,19,2024-12-22,4.76,10176
INV192444,S0014,DOORMAT NEW ENGLAND,4,2024-02-16,9.53,10116
INV294677,S0002,JUMBO BAG RED RETROSPOT,11,2024-10-29,31.52,10204
INV903966,S0000,WHITE HANGING HEART T-LIGHT HOLDER,6,2024-01-06,11.27,10031
INV582711,S0011,ALARM CLOCK BAKELIKE GREEN,3,2024-05-06,15.74,10113
INV883714,S0006,WOODEN PICTURE FRAME WHITE FINISH,5,2024-06-07,3.14,10067
INV286650,S0009,JAM MAKING SET WITH JARS,9,2024-03-12,28.47,10075
INV336936,S0013,BATH BUILDING BLOCK WORD,7,2024-05-19,44.24,10045
INV409258,S0005,SET OF 3 CAKE TINS PANTRY DESIGN,9,2024-12-23,22.26,10260
INV613682,S0002,JUMBO BAG RED RETROSPOT,12,2024-10-23,18.5,10154
INV571516,S0016,VINTAGE BILLBOARD DRINK ME MUG,6,2024-01-19,47.51,10155
INV504415,S0018,BROCADE RING PURSE,5,2024-10-02,28.65,10234
INV463773,S0013,BATH BUILDING BLOCK WORD,10,2024-04-16,17.44,10051
INV678406,S0016,VINTAGE BILLBOARD DRINK ME MUG,9,2024-02-16,25.91,10262
INV370756,S0006,WOODEN PICTURE FRAME WHITE FINISH,7,2024-08-27,13.41,10125
INV642145,S0003,PARTY BUNTING,6,2024-08-31,7.42,10245
INV438680,S0018,BROCADE RING PURSE,12,2024-10-15,19.21,10030
INV135494,S0018,BROCADE RING PURSE,11,2024-12-25,5.68,10122
INV108281,S0011,ALARM CLOCK BAKELIKE GREEN,6,2024-08-03,24.04,10125
INV779352,S0010,RED WOOLLY HOTTIE WHITE HEART,4,2024-04-05,45.7,10037
INV270651,S0009,JAM MAKING SET WITH JARS,15,2024-10-06,9.71,10170
INV560333,S0000,WHITE HANGING HEART T-LIGHT HOLDER,20,2024-08-21,29.88,10124
INV866461,S0013,BATH BUILDING BLOCK WORD,13,2024-08-30,41.79,10035
INV858510,S0008,CREAM CUPID HEARTS COAT HANGER,12,2024-11-03,17.22,10087
INV414754,S0012,SPOTTY BUNTING,2,2024-04-29,38.28,10134
INV213094,S0016,VINTAGE BILLBOARD DRINK ME MUG,14,2024-08-06,38.82,10196
INV520216,S0018,BROCADE RING PURSE,19,2024-01-15,8.62,10274
INV415183,S0005,SET OF 3 CAKE TINS PANTRY DESIGN,20,2024-12-23,47.17,10201
INV695578,S0006,WOODEN PICTURE FRAME WHITE FINISH,5,2024-03-07,33.34,10285
INV194789,S0001,REGENCY CAKESTAND 3 TIER,10,2024-03-13,40.17,10077
INV515229,S0014,DOORMAT NEW ENGLAND,6,2024-08-23,0.54,10059
INV310141,S0004,LUNCH BAG RED RETROSPOT,6,2024-06-03,15.72,10126
INV347656,S0005,SET OF 3 CAKE TINS PANTRY DESIGN,7,2024-08-11,4.96,10109
INV261625,S0007,KNITTED UNION FLAG HOT WATER BOTTLE,18,2024-07-10,0.74,10224
INV461456,S0005,SET OF 3 CAKE TINS PANTRY DESIGN,4,2024-08-29,27.72,10278
INV832723,S0012,SPOTTY BUNTING,7,2024-08-29,33.59,10068
INV840529,S0014,DOORMAT NEW ENGLAND,8,2024-02-19,19.68,10069
INV900109,S0010,RED WOOLLY HOTTIE WHITE HEART,5,2024-07-23,38.78,10165
INV959613,S0009,JAM MAKING SET WITH JARS,14,2024-11-01,20.0,10162
INV463716,S0002,JUMBO BAG RED RETROSPOT,16,2024-12-08,37.15,10042
INV128202,S0018,BROCADE RING PURSE,8,2024-11-07,9.32,10109
INV487063,S0007,KNITTED UNION FLAG HOT WATER BOTTLE,12,2024-06-23,25.32,10051
INV740225,S0000,WHITE HANGING HEART T-LIGHT HOLDER,20,2024-07-22,45.77,10250
INV244787,S0007,KNITTED UNION FLAG HOT WATER BOTTLE,16,2024-04-06,2.69,10021
INV556550,S0009,JAM MAKING SET WITH JARS,3,2024-06-22,19.51,10300
INV546390,S0005,SET OF 3 CAKE TINS PANTRY DESIGN,5,2024-05-25,15.9,10139
INV136518,S0015,SET 2 TEA TOWELS I LOVE LONDON,9,2024-08-03,9.39,10092
INV815485,S0012,SPOTTY BUNTING,17,2024-02-24,23.51,10280
INV463108,S0002,JUMBO BAG RED RETROSPOT,4,2024-12-01,43.19,10125
INV268698,S0000,WHITE HANGING HEART T-LIGHT HOLDER,11,2024-03-06,28.95,10111
INV819636,S0012,SPOTTY BUNTING,15,2024-01-06,24.56,10139
INV542978,S0012,SPOTTY BUNTING,2,2024-06-04,21.54,10273
INV732958,S0003,PARTY BUNTING,15,2024-09-14,18.95,10099
INV846610,S0015,SET 2 TEA TOWELS I LOVE LONDON,11,2024-09-30,48.6,10252
INV923650,S0003,PARTY BUNTING,6,2024-08-05,26.82,10104
INV807494,S0012,SPOTTY BUNTING,3,2024-03-17,0.84,10214
INV370361,S0018,BROCADE RING PURSE,7,2024-09-20,40.74,10249
INV556013,S0014,DOORMAT NEW ENGLAND,2,2024-08-25,14.44,10152
INV613405,S0003,PARTY BUNTING,15,2024-07-06,2.98,10250
INV819729,S0019,MINI PAINT SET VINTAGE,12,2024-05-09,21.57,10275
INV904083,S0009,JAM MAKING SET WITH JARS,1,2024-10-04,13.73,10165
INV474221,S0009,JAM MAKING SET WITH JARS,14,2024-01-09,22.62,10008
INV766876,S0009,JAM MAKING SET WITH JARS,2,2024-11-01,6.03,10284
INV657075,S0001,REGENCY CAKESTAND 3 TIER,13,2024-05-07,9.17,10005
INV199166,S0017,PAPER CHAIN KIT 50S CHRISTMAS,5,2024-03-15,31.83,10145
INV388039,S0013,BATH BUILDING BLOCK WORD,12,2024-08-22,34.61,10101
INV965674,S0007,KNITTED UNION FLAG HOT WATER BOTTLE,17,2024-10-18,23.19,10164
INV442452,S0002,JUMBO BAG RED RETROSPOT,12,2024-01-20,7.76,10147
INV500464,S0003,PARTY BUNTING,17,2024-02-10,17.22,10064
INV543054,S0009,JAM MAKING SET WITH JARS,13,2024-01-12,9.6,10091
INV856646,S0008,CREAM CUPID HEARTS COAT HANGER,3,2024-08-09,48.28,10117
INV698626,S0006,WOODEN PICTURE FRAME WHITE FINISH,9,2024-06-04,30.97,10267
INV995739,S0017,PAPER CHAIN KIT 50S CHRISTMAS,8,2024-12-21,40.05,10173
INV701186,S0011,ALARM CLOCK BAKELIKE GREEN,16,2024-04-20,38.16,10047
INV388134,S0013,BATH BUILDING BLOCK WORD,6,2024-05-21,25.33,10140
INV733992,S0001,REGENCY CAKESTAND 3 TIER,13,2024-04-02,34.07,10246
INV105296,S0008,CREAM CUPID HEARTS COAT HANGER,14,2024-04-16,1.43,10149
INV789137,S0013,BATH BUILDING BLOCK WORD,5,2024-05-20,13.72,10246
INV928645,S0019,MINI PAINT SET VINTAGE,11,2024-02-19,11.46,10005
INV843449,S0000,WHITE HANGING HEART T-LIGHT HOLDER,11,2024-04-23,3.65,10184
INV863535,S0009,JAM MAKING SET WITH JARS,20,2024-08-23,29.6,10020
INV444721,S0019,MINI PAINT SET VINTAGE,18,2024-07-18,24.04,10046
INV113177,S0017,PAPER CHAIN KIT 50S CHRISTMAS,11,2024-06-23,16.32,10012
INV259151,S0014,DOORMAT NEW ENGLAND,15,2024-09-12,10.93,10070
INV805676,S0005,SET OF 3 CAKE TINS PANTRY DESIGN,13,2024-05-10,20.45,10017
INV182427,S0018,BROCADE RING PURSE,16,2024-10-14,49.25,10147
INV317633,S0002,JUMBO BAG RED RETROSPOT,17,2024-07-08,15.55,10154
INV573431,S0010,RED WOOLLY HOTTIE WHITE HEART,15,2024-01-16,8.22,10108
INV274833,S0018,BROCADE RING PURSE,20,2024-06-29,28.46,10236
INV902097,S0013,BATH BUILDING BLOCK WORD,1,2024-05-25,28.04,10070
INV346120,S0015,SET 2 TEA TOWELS I LOVE LONDON,13,2024-10-02,7.02,10183
INV990941,S0019,MINI PAINT SET VINTAGE,4,2024-02-19,20.09,10250
INV216006,S0006,WOODEN PICTURE FRAME WHITE FINISH,19,2024-05-28,9.34,10228
INV904126,S0005,SET OF 3 CAKE TINS PANTRY DESIGN,13,2024-10-08,20.72,10102
INV538493,S0006,WOODEN PICTURE FRAME WHITE FINISH,20,2024-05-22,16.31,10075
INV760891,S0011,ALARM CLOCK BAKELIKE GREEN,4,2024-12-06,44.3,10216
INV626704,S0010,RED WOOLLY HOTTIE WHITE HEART,18,2024-09-29,19.91,10203
INV618870,S0012,SPOTTY BUNTING,15,2024-05-26,41.39,10192
INV264592,S0014,DOORMAT NEW ENGLAND,6,2024-07-23,14.78,10249
INV970177,S0017,PAPER CHAIN KIT 50S CHRISTMAS,11,2024-08-25,32.98,10242
INV501975,S0003,PARTY BUNTING,19,2024-11-30,21.2,10179
INV530224,S0013,BATH BUILDING BLOCK WORD,7,2024-11-21,1.94,10219
INV245303,S0007,KNITTED UNION FLAG HOT WATER BOTTLE,20,2024-11-13,25.42,10082
INV728692,S0002,JUMBO BAG RED RETROSPOT,19,2024-07-28,47.3,10092
INV739434,S0010,RED WOOLLY HOTTIE WHITE HEART,8,2024-03-26,28.68,10175
INV817606,S0015,SET 2 TEA TOWELS I LOVE LONDON,3,2024-07-08,1.62,10239
INV928249,S0019,MINI PAINT SET VINTAGE,13,2024-10-09,25.81,10260
INV991613,S0006,WOODEN PICTURE FRAME WHITE FINISH,6,2024-08-22,18.77,10163
INV283722,S0007,KNITTED UNION FLAG HOT WATER BOTTLE,16,2024-12-30,46.11,10048
INV239093,S0010,RED WOOLLY HOTTIE WHITE HEART,10,2024-02-03,44.78,10116
INV705659,S0006,WOODEN PICTURE FRAME WHITE FINISH,15,2024-08-23,12.63,10225
INV565204,S0019,MINI PAINT SET VINTAGE,8,2024-03-31,48.65,10147
INV772534,S0016,VINTAGE BILLBOARD DRINK ME MUG,4,2024-11-05,41.97,10063
INV356757,S0005,SET OF 3 CAKE TINS PANTRY DESIGN,15,2024-02-05,0.84,10294
INV815153,S0001,REGENCY CAKESTAND 3 TIER,14,2024-09-23,49.78,10013
INV173783,S0012,SPOTTY BUNTING,14,2024-05-13,44.23,10189
INV226858,S0017,PAPER CHAIN KIT 50S CHRISTMAS,20,2024-11-27,49.47,10287
INV559822,S0000,WHITE HANGING HEART T-LIGHT HOLDER,16,2024-01-31,15.0,10208
INV968543,S0012,SPOTTY BUNTING,2,2024-07-05,20.27,10114
INV759835,S0016,VINTAGE BILLBOARD DRINK ME MUG,15,2024-08-07,39.48,10022
INV253075,S0003,PARTY BUNTING,9,2024-10-23,37.8,10214
INV857065,S0003,PARTY BUNTING,6,2024-07-06,20.94,10171
INV248845,S0010,RED WOOLLY HOTTIE WHITE HEART,8,2024-09-04,10.9,10054
INV446057,S0003,PARTY BUNTING,3,2024-08-22,45.01,10298
INV889056,S0015,SET 2 TEA TOWELS I LOVE LONDON,8,2024-05-13,17.45,10126
INV446723,S0014,DOORMAT NEW ENGLAND,15,2024-12-24,13.27,10277
INV723303,S0008,CREAM CUPID HEARTS COAT HANGER,2,2024-03-12,7.83,10204
INV127200,S0009,JAM MAKING SET WITH JARS,8,2024-07-08,28.4,10194
INV421559,S0009,JAM MAKING SET WITH JARS,6,2024-10-17,31.88,10169
INV847717,S0015,SET 2 TEA TOWELS I LOVE LONDON,15,2024-12-10,15.1,10152
INV253643,S0004,LUNCH BAG RED RETROSPOT,20,2024-05-29,43.03,10035
INV767693,S0008,CREAM CUPID HEARTS COAT HANGER,8,2024-01-15,42.62,10184
INV417672,S0018,BROCADE RING PURSE,5,2024-10-26,1.1,10286
INV856169,S0011,ALARM CLOCK BAKELIKE GREEN,17,2024-09-21,20.59,10057
INV278687,S0019,MINI PAINT SET VINTAGE,12,2024-11-25,8.22,10222
INV429563,S0016,VINTAGE BILLBOARD DRINK ME MUG,17,2024-07-10,19.21,10163
INV779872,S0015,SET 2 TEA TOWELS I LOVE LONDON,6,2024-09-25,24.36,10019
INV498325,S0015,SET 2 TEA TOWELS I LOVE LONDON,1,2024-12-08,47.37,10264
INV335746,S0010,RED WOOLLY HOTTIE WHITE HEART,10,2024-04-15,11.6,10282
INV738206,S0008,CREAM CUPID HEARTS COAT HANGER,4,2024-11-28,10.25,10113
INV581633,S0015,SET 2 TEA TOWELS I LOVE LONDON,19,2024-11-22,45.36,10030
INV339464,S0016,VINTAGE BILLBOARD DRINK ME MUG,7,2024-07-05,33.38,10135
INV756830,S0012,SPOTTY BUNTING,4,2024-06-17,25.62,10067
INV680160,S0008,CREAM CUPID HEARTS COAT HANGER,18,2024-10-02,43.69,10065
INV568328,S0001,REGENCY CAKESTAND 3 TIER,19,2024-09-24,12.77,10292
INV935998,S0008,CREAM CUPID HEARTS COAT HANGER,6,2024-12-19,46.85,10025
INV339431,S0007,KNITTED UNION FLAG HOT WATER BOTTLE,15,2024-03-31,2.49,10037
INV378673,S0019,MINI PAINT SET VINTAGE,18,2024-05-22,5.02,10001
INV868959,S0006,WOODEN PICTURE FRAME WHITE FINISH,3,2024-03-08,26.37,10037
INV317822,S0001,REGENCY CAKESTAND 3 TIER,8,2024-05-04,29.49,10141
INV600466,S0018,BROCADE RING PURSE,15,2024-02-20,27.08,10232
INV434347,S0001,REGENCY CAKESTAND 3 TIER,3,2024-04-10,24.18,10136
INV187436,S0014,DOORMAT NEW ENGLAND,16,2024-04-11,5.44,10188
INV325437,S0018,BROCADE RING PURSE,20,2024-09-06,15.35,10128
INV709970,S0000,WHITE HANGING HEART T-LIGHT HOLDER,14,2024-02-27,36.14,10201
INV915158,S0014,DOORMAT NEW ENGLAND,7,2024-10-28,40.39,10127
INV892244,S0019,MINI PAINT SET VINTAGE,15,2024-01-01,12.96,10257
INV730565,S0013,BATH BUILDING BLOCK WORD,9,2024-09-09,31.74,10164
INV631935,S0010,RED WOOLLY HOTTIE WHITE HEART,16,2024-09-20,14.55,10035
INV377033,S0009,JAM MAKING SET WITH JARS,18,2024-05-07,17.39,10194
INV627499,S0017,PAPER CHAIN KIT 50S CHRISTMAS,10,2024-11-16,22.28,10191
INV611265,S0005,SET OF 3 CAKE TINS PANTRY DESIGN,1,2024-06-12,44.72,10104
INV593361,S0016,VINTAGE BILLBOARD DRINK ME MUG,16,2024-03-24,9.35,10023
INV805666,S0013,BATH BUILDING BLOCK WORD,10,2024-02-18,46.3,10265
INV459065,S0014,DOORMAT NEW ENGLAND,18,2024-04-03,10.08,10290
INV899908,S0003,PARTY BUNTING,8,2024-04-19,15.71,10260
INV435560,S0009,JAM MAKING SET WITH JARS,17,2024-08-29,5.59,10075
INV739135,S0009,JAM MAKING SET WITH JARS,7,2024-10-19,33.76,10072
INV263984,S0010,RED WOOLLY HOTTIE WHITE HEART,7,2024-07-21,39.4,10259
INV739760,S0005,SET OF 3 CAKE TINS PANTRY DESIGN,6,2024-06-15,47.86,10188
INV785234,S0015,SET 2 TEA TOWELS I LOVE LONDON,20,2024-08-01,39.1,10173
INV339834,S0008,CREAM CUPID HEARTS COAT HANGER,9,2024-08-29,46.75,10290
INV488802,S0009,JAM MAKING SET WITH JARS,5,2024-06-05,17.02,10045
INV969512,S0011,ALARM CLOCK BAKELIKE GREEN,11,2024-08-18,15.75,10061
INV512658,S0018,BROCADE RING PURSE,14,2024-01-03,38.23,10083
INV157994,S0012,SPOTTY BUNTING,14,2024-06-30,32.47,10123
INV579083,S0004,LUNCH BAG RED RETROSPOT,9,2024-01-10,41.02,10016
INV318742,S0006,WOODEN PICTURE FRAME WHITE FINISH,9,2024-05-30,41.71,10066
INV437479,S0000,WHITE HANGING HEART T-LIGHT HOLDER,14,2024-07-14,16.62,10145
INV874915,S0017,PAPER CHAIN KIT 50S CHRISTMAS,7,2024-04-20,31.07,10162
INV998004,S0014,DOORMAT NEW ENGLAND,9,2024-02-24,4.18,10234
INV441293,S0005,SET OF 3 CAKE TINS PANTRY DESIGN,16,2024-10-30,23.76,10144
INV919176,S0001,REGENCY CAKESTAND 3 TIER,13,2024-12-18,48.01,10188
INV361982,S0015,SET 2 TEA TOWELS I LOVE LONDON,9,2024-11-06,29.51,10013
INV206367,S0001,REGENCY CAKESTAND 3 TIER,2,2024-11-23,17.46,10184
INV487395,S0017,PAPER CHAIN KIT 50S CHRISTMAS,15,2024-05-25,6.0,10111
INV886249,S0004,LUNCH BAG RED RETROSPOT,3,2024-06-15,48.87,10290
INV964352,S0013,BATH BUILDING BLOCK WORD,5,2024-03-18,29.7,10295
INV309709,S0018,BROCADE RING PURSE,18,2024-02-15,22.19,10215
INV700554,S0010,RED WOOLLY HOTTIE WHITE HEART,18,2024-12-04,13.41,10120
INV957011,S0016,VINTAGE BILLBOARD DRINK ME MUG,10,2024-12-19,1.58,10055
INV924076,S0002,JUMBO BAG RED RETROSPOT,11,2024-07-03,45.3,10027
INV883572,S0014,DOORMAT NEW ENGLAND,7,2024-04-04,16.4,10118
INV583187,S0007,KNITTED UNION FLAG HOT WATER BOTTLE,12,2024-06-19,10.35,10221
INV367762,S0008,CREAM CUPID HEARTS COAT HANGER,20,2024-01-12,7.44,10231
INV548088,S0013,BATH BUILDING BLOCK WORD,13,2024-09-06,40.01,10053
INV163214,S0016,VINTAGE BILLBOARD DRINK ME MUG,17,2024-07-10,1.3,10295
INV133642,S0013,BATH BUILDING BLOCK WORD,17,2024-06-16,39.61,10233
INV396376,S0015,SET 2 TEA TOWELS I LOVE LONDON,19,2024-06-19,31.9,10158
INV692767,S0002,JUMBO BAG RED RETROSPOT,3,2024-10-12,39.14,10269
INV265909,S0017,PAPER CHAIN KIT 50S CHRISTMAS,17,2024-02-14,28.91,10021
INV739664,S0014,DOORMAT NEW ENGLAND,7,2024-02-07,38.47,10053
INV957479,S0013,BATH BUILDING BLOCK WORD,9,2024-08-26,22.84,10275
INV782039,S0004,LUNCH BAG RED RETROSPOT,11,2024-02-07,9.49,10281
INV456316,S0018,BROCADE RING PURSE,15,2024-09-27,39.17,10214
INV122527,S0013,BATH BUILDING BLOCK WORD,13,2024-10-21,15.04,10031
INV968454,S0019,MINI PAINT SET VINTAGE,13,2024-01-10,0.92,10183
INV547898,S0010,RED WOOLLY HOTTIE WHITE HEART,5,2024-05-12,42.85,10023
INV807304,S0018,BROCADE RING PURSE,11,2024-09-29,23.16,10032
INV907327,S0006,WOODEN PICTURE FRAME WHITE FINISH,19,2024-06-30,44.72,10074
INV260017,S0018,BROCADE RING PURSE,7,2024-03-16,10.7,10010
INV205797,S0005,SET OF 3 CAKE TINS PANTRY DESIGN,1,2024-09-30,30.3,10054
INV917326,S0001,REGENCY CAKESTAND 3 TIER,5,2024-10-03,17.75,10052
INV443367,S0002,JUMBO BAG RED RETROSPOT,11,2024-04-27,33.08,10148
INV417644,S0006,WOODEN PICTURE FRAME WHITE FINISH,6,2024-08-05,49.55,10160
INV327788,S0007,KNITTED UNION FLAG HOT WATER BOTTLE,12,2024-01-14,7.3,10014
INV229090,S0014,DOORMAT NEW ENGLAND,13,2024-01-14,22.48,10178
INV498895,S0006,WOODEN PICTURE FRAME WHITE FINISH,2,2024-08-16,22.21,10053
INV315621,S0006,WOODEN PICTURE FRAME WHITE FINISH,13,2024-10-29,40.82,10022
INV283602,S0002,JUMBO BAG RED RETROSPOT,17,2024-10-23,36.36,10030
INV270795,S0003,PARTY BUNTING,7,2024-03-02,47.06,10191
INV475799,S0019,MINI PAINT SET VINTAGE,11,2024-07-31,9.95,10260
INV938641,S0002,JUMBO BAG RED RETROSPOT,17,2024-07-03,24.16,10205
INV217432,S0016,VINTAGE BILLBOARD DRINK ME MUG,15,2024-01-09,0.86,10059
INV519753,S0013,BATH BUILDING BLOCK WORD,4,2024-06-30,18.34,10264
INV977170,S0009,JAM MAKING SET WITH JARS,3,2024-08-10,47.32,10012
INV340500,S0009,JAM MAKING SET WITH JARS,3,2024-11-29,32.36,10119
INV594258,S0012,SPOTTY BUNTING,1,2024-05-20,36.62,10290
INV147573,S0010,RED WOOLLY HOTTIE WHITE HEART,5,2024-05-07,9.28,10248
INV234163,S0000,WHITE HANGING HEART T-LIGHT HOLDER,17,2024-03-20,7.44,10127
INV899316,S0015,SET 2 TEA TOWELS I LOVE LONDON,2,2024-02-01,30.01,10075
INV875788,S0006,WOODEN PICTURE FRAME WHITE FINISH,10,2024-07-09,31.07,10204
INV539604,S0005,SET OF 3 CAKE TINS PANTRY DESIGN,6,2024-03-30,46.85,10049
INV878008,S0004,LUNCH BAG RED RETROSPOT,6,2024-07-05,44.01,10079
INV924764,S0003,PARTY BUNTING,6,2024-01-16,25.13,10241
INV523262,S0009,JAM MAKING SET WITH JARS,12,2024-05-15,31.28,10154
INV921316,S0000,WHITE HANGING HEART T-LIGHT HOLDER,1,2024-06-18,1.91,10274
INV135885,S0015,SET 2 TEA TOWELS I LOVE LONDON,5,2024-07-27,2.8,10096
INV899541,S0012,SPOTTY BUNTING,20,2024-09-25,8.9,10214
INV115664,S0003,PARTY BUNTING,12,2024-04-24,5.06,10294
INV217871,S0002,JUMBO BAG RED RETROSPOT,16,2024-08-25,49.18,10209
INV561809,S0017,PAPER CHAIN KIT 50S CHRISTMAS,5,2024-11-04,40.57,10088
INV426558,S0000,WHITE HANGING HEART T-LIGHT HOLDER,16,2024-08-28,45.03,10264
INV234425,S0008,CREAM CUPID HEARTS COAT HANGER,11,2024-12-02,27.23,10157
INV800901,S0019,MINI PAINT SET VINTAGE,4,2024-09-01,24.89,10156
INV305821,S0018,BROCADE RING PURSE,5,2024-04-22,25.98,10139
INV336508,S0004,LUNCH BAG RED RETROSPOT,3,2024-02-18,36.0,10121
INV744889,S0009,JAM MAKING SET WITH JARS,4,2024-05-07,11.7,10065
INV865492,S0005,SET OF 3 CAKE TINS PANTRY DESIGN,10,2024-06-17,35.67,10107
INV800822,S0014,DOORMAT NEW ENGLAND,19,2024-09-23,26.09,10147
INV896806,S0008,CREAM CUPID HEARTS COAT HANGER,5,2024-06-16,21.39,10137
INV707511,S0004,LUNCH BAG RED RETROSPOT,2,2024-07-16,31.78,10162
INV291021,S0006,WOODEN PICTURE FRAME WHITE FINISH,1,2024-03-14,31.91,10100
INV269748,S0007,KNITTED UNION FLAG HOT WATER BOTTLE,13,2024-06-14,1.08,10141
INV607348,S0015,SET 2 TEA TOWELS I LOVE LONDON,12,2024-04-06,31.62,10083
INV525362,S0018,BROCADE RING PURSE,15,2024-04-19,22.93,10177
INV672396,S0008,CREAM CUPID HEARTS COAT HANGER,15,2024-03-01,37.38,10198
INV453737,S0016,VINTAGE BILLBOARD DRINK ME MUG,11,2024-04-05,13.14,10112
INV909508,S0015,SET 2 TEA TOWELS I LOVE LONDON,18,2024-08-21,33.33,10056
INV900345,S0010,RED WOOLLY HOTTIE WHITE HEART,17,2024-05-14,3.62,10179
INV547232,S0011,ALARM CLOCK BAKELIKE GREEN,1,2024-10-05,6.75,10186
INV579653,S0007,KNITTED UNION FLAG HOT WATER BOTTLE,4,2024-03-02,27.75,10218
INV232434,S0009,JAM MAKING SET WITH JARS,12,2024-06-06,22.9,10217
INV186997,S0017,PAPER CHAIN KIT 50S CHRISTMAS,17,2024-04-03,20.18,10120
INV304344,S0016,VINTAGE BILLBOARD DRINK ME MUG,5,2024-12-14,11.48,10175
INV308328,S0000,WHITE HANGING HEART T-LIGHT HOLDER,12,2024-09-26,30.25,10023
INV690225,S0004,LUNCH BAG RED RETROSPOT,17,2024-09-25,2.83,10213
INV480272,S0017,PAPER CHAIN KIT 50S CHRISTMAS,18,2024-04-27,34.84,10235
INV274853,S0016,VINTAGE BILLBOARD DRINK ME MUG,12,2024-03-22,5.46,10013
INV765748,S0005,SET OF 3 CAKE TINS PANTRY DESIGN,20,2024-04-25,42.24,10101
INV667092,S0004,LUNCH BAG RED RETROSPOT,20,2024-08-05,42.99,10024
INV151288,S0008,CREAM CUPID HEARTS COAT HANGER,13,2024-05-31,19.79,10011
INV541727,S0016,VINTAGE BILLBOARD DRINK ME MUG,16,2024-08-27,16.44,10273
INV100370,S0009,JAM MAKING SET WITH JARS,3,2024-05-08,35.56,10281
INV318895,S0009,JAM MAKING SET WITH JARS,20,2024-10-31,47.98,10094
INV891852,S0001,REGENCY CAKESTAND 3 TIER,14,2024-03-12,7.62,10201
INV901733,S0005,SET OF 3 CAKE TINS PANTRY DESIGN,8,2024-07-19,39.42,10021
INV509992,S0013,BATH BUILDING BLOCK WORD,19,2024-04-09,12.8,10211
INV173957,S0011,ALARM CLOCK BAKELIKE GREEN,8,2024-05-21,7.45,10140
INV229469,S0012,SPOTTY BUNTING,19,2024-12-10,8.02,10293
INV249326,S0014,DOORMAT NEW ENGLAND,9,2024-06-16,1.03,10298
INV645909,S0003,PARTY BUNTING,10,2024-09-25,5.58,10101
INV593993,S0019,MINI PAINT SET VINTAGE,8,2024-12-04,22.19,10028
INV667551,S0003,PARTY BUNTING,20,2024-08-20,8.11,10041
INV385320,S0010,RED WOOLLY HOTTIE WHITE HEART,2,2024-07-14,41.98,10146
INV218318,S0008,CREAM CUPID HEARTS COAT HANGER,15,2024-08-06,29.46,10256
INV895302,S0015,SET 2 TEA TOWELS I LOVE LONDON,10,2024-04-25,26.38,10227
INV867305,S0002,JUMBO BAG RED RETROSPOT,20,2024-11-02,43.32,10236
INV991253,S0007,KNITTED UNION FLAG HOT WATER BOTTLE,16,2024-12-25,48.18,10013
INV159404,S0013,BATH BUILDING BLOCK WORD,4,2024-05-23,42.2,10210
INV363895,S0008,CREAM CUPID HEARTS COAT HANGER,17,2024-06-17,21.27,10229
INV473986,S0008,CREAM CUPID HEARTS COAT HANGER,3,2024-01-07,5.51,10100
INV354535,S0015,SET 2 TEA TOWELS I LOVE LONDON,19,2024-09-10,11.46,10031
INV797962,S0013,BATH BUILDING BLOCK WORD,9,2024-02-23,49.87,10016
INV687905,S0015,SET 2 TEA TOWELS I LOVE LONDON,20,2024-10-16,19.1,10137
INV799984,S0016,VINTAGE BILLBOARD DRINK ME MUG,13,2024-01-22,30.28,10166
INV978922,S0018,BROCADE RING PURSE,4,2024-10-21,5.2,10100
INV478222,S0007,KNITTED UNION FLAG HOT WATER BOTTLE,19,2024-12-10,35.61,10109
INV542320,S0019,MINI PAINT SET VINTAGE,13,2024-01-21,17.69,10173
INV993631,S0014,DOORMAT NEW ENGLAND,15,2024-10-20,43.24,10237
INV518059,S0001,REGENCY CAKESTAND 3 TIER,14,2024-12-08,45.45,10162
INV694469,S0006,WOODEN PICTURE FRAME WHITE FINISH,6,2024-01-13,31.71,10216
INV203603,S0010,RED WOOLLY HOTTIE WHITE HEART,10,2024-07-30,40.19,10264
INV990691,S0014,DOORMAT NEW ENGLAND,9,2024-07-02,41.01,10263
INV469495,S0011,ALARM CLOCK BAKELIKE GREEN,8,2024-05-21,22.58,10292
INV440275,S0001,REGENCY CAKESTAND 3 TIER,15,2024-12-23,49.55,10274
INV905947,S0008,CREAM CUPID HEARTS COAT HANGER,6,2024-04-17,28.14,10003
INV779778,S0017,PAPER CHAIN KIT 50S CHRISTMAS,11,2024-07-24,37.79,10028
INV985752,S0005,SET OF 3 CAKE TINS PANTRY DESIGN,16,2024-02-15,17.02,10149
INV664380,S0019,MINI PAINT SET VINTAGE,8,2024-06-11,41.52,10028
INV857009,S0003,PARTY BUNTING,3,2024-11-23,20.6,10065
INV621344,S0019,MINI PAINT SET VINTAGE,6,2024-07-14,10.51,10021
INV467624,S0015,SET 2 TEA TOWELS I LOVE LONDON,11,2024-08-12,44.84,10252
INV276730,S0005,SET OF 3 CAKE TINS PANTRY DESIGN,11,2024-01-09,6.02,10235
INV425611,S0018,BROCADE RING PURSE,17,2024-12-24,32.29,10227
INV893531,S0009,JAM MAKING SET WITH JARS,18,2024-10-02,9.31,10013
INV829427,S0019,MINI PAINT SET VINTAGE,3,2024-04-11,5.12,10049
INV795405,S0019,MINI PAINT SET VINTAGE,13,2024-05-14,7.72,10118
INV658710,S0010,RED WOOLLY HOTTIE WHITE HEART,12,2024-07-22,7.09,10054
INV208659,S0012,SPOTTY BUNTING,10,2024-11-10,28.72,10138
INV439566,S0002,JUMBO BAG RED RETROSPOT,8,2024-08-14,41.39,10053
INV674606,S0007,KNITTED UNION FLAG HOT WATER BOTTLE,5,2024-12-07,49.64,10044
INV618513,S0000,WHITE HANGING HEART T-LIGHT HOLDER,8,2024-12-21,49.17,10053
INV336802,S0007,KNITTED UNION FLAG HOT WATER BOTTLE,15,2024-11-27,40.67,10074
INV113021,S0004,LUNCH BAG RED RETROSPOT,10,2024-05-04,48.25,10046
INV606748,S0019,MINI PAINT SET VINTAGE,15,2024-07-31,28.04,10013
INV301577,S0018,BROCADE RING PURSE,14,2024-04-05,42.47,10165
INV519028,S0018,BROCADE RING PURSE,19,2024-07-17,37.47,10102
INV942453,S0011,ALARM CLOCK BAKELIKE GREEN,9,2024-08-08,18.83,10280
INV435706,S0007,KNITTED UNION FLAG HOT WATER BOTTLE,18,2024-07-01,4.31,10258
INV437287,S0004,LUNCH BAG RED RETROSPOT,8,2024-10-02,29.16,10138
INV922312,S0003,PARTY BUNTING,17,2024-12-28,24.05,10163
INV209898,S0010,RED WOOLLY HOTTIE WHITE HEART,20,2024-04-26,36.15,10111
INV960962,S0017,PAPER CHAIN KIT 50S CHRISTMAS,8,2024-08-26,13.82,10102
INV582595,S0001,REGENCY CAKESTAND 3 TIER,20,2024-08-12,25.11,10017
INV167798,S0013,BATH BUILDING BLOCK WORD,6,2024-01-12,28.22,10268
INV781865,S0017,PAPER CHAIN KIT 50S CHRISTMAS,2,2024-06-26,24.09,10182
INV166874,S0004,LUNCH BAG RED RETROSPOT,12,2024-02-03,47.76,10024
INV697429,S0008,CREAM CUPID HEARTS COAT HANGER,9,2024-01-15,35.82,10029
INV551758,S0015,SET 2 TEA TOWELS I LOVE LONDON,5,2024-07-21,11.15,10171
INV424875,S0014,DOORMAT NEW ENGLAND,18,2024-12-22,33.9,10228
INV343861,S0010,RED WOOLLY HOTTIE WHITE HEART,19,2024-09-17,47.34,10188
INV903524,S0004,LUNCH BAG RED RETROSPOT,18,2024-12-14,29.55,10230
INV739206,S0000,WHITE HANGING HEART T-LIGHT HOLDER,2,2024-12-30,37.85,10119
INV225497,S0018,BROCADE RING PURSE,3,2024-11-10,3.65,10156
INV865859,S0013,BATH BUILDING BLOCK WORD,6,2024-04-09,12.82,10272
INV911319,S0019,MINI PAINT SET VINTAGE,6,2024-04-02,1.96,10175
INV864062,S0015,SET 2 TEA TOWELS I LOVE LONDON,4,2024-06-18,4.91,10104
INV701885,S0012,SPOTTY BUNTING,13,2024-07-27,19.37,10092
INV245237,S0015,SET 2 TEA TOWELS I LOVE LONDON,11,2024-04-03,5.25,10186
INV286028,S0011,ALARM CLOCK BAKELIKE GREEN,14,2024-05-09,25.23,10283
INV373159,S0005,SET OF 3 CAKE TINS PANTRY DESIGN,13,2024-04-12,11.72,10181
INV456222,S0002,JUMBO BAG RED RETROSPOT,15,2024-02-18,26.43,10170
INV735604,S0000,WHITE HANGING HEART T-LIGHT HOLDER,2,2024-10-12,3.43,10187
INV200128,S0011,ALARM CLOCK BAKELIKE GREEN,6,2024-01-01,48.2,10175
INV113189,S0016,VINTAGE BILLBOARD DRINK ME MUG,1,2024-06-16,19.55,10222
INV938900,S0000,WHITE HANGING HEART T-LIGHT HOLDER,19,2024-10-15,19.05,10233
INV280767,S0002,JUMBO BAG RED RETROSPOT,7,2024-11-21,31.23,10162
INV661212,S0005,SET OF 3 CAKE TINS PANTRY DESIGN,7,2024-06-25,5.3,10134
INV728850,S0004,LUNCH BAG RED RETROSPOT,12,2024-10-20,9.26,10224
INV840680,S0014,DOORMAT NEW ENGLAND,6,2024-09-16,7.87,10153
INV131815,S0014,DOORMAT NEW ENGLAND,20,2024-01-20,46.8,10033
INV946415,S0003,PARTY BUNTING,10,2024-05-29,5.83,10055
INV718771,S0005,SET OF 3 CAKE TINS PANTRY DESIGN,17,2024-03-26,45.06,10007
INV302542,S0015,SET 2 TEA TOWELS I LOVE LONDON,20,2024-03-20,49.87,10244
INV576752,S0010,RED WOOLLY HOTTIE WHITE HEART,18,2024-07-18,39.31,10126
INV801188,S0003,PARTY BUNTING,18,2024-02-03,17.25,10012
INV248249,S0011,ALARM CLOCK BAKELIKE GREEN,8,2024-09-08,9.82,10016
INV143610,S0012,SPOTTY BUNTING,12,2024-01-31,45.87,10208
INV950297,S0015,SET 2 TEA TOWELS I LOVE LONDON,19,2024-02-20,42.46,10043
INV795743,S0002,JUMBO BAG RED RETROSPOT,11,2024-09-26,28.37,10135
INV647013,S0017,PAPER CHAIN KIT 50S CHRISTMAS,13,2024-10-06,32.34,10228
INV435876,S0009,JAM MAKING SET WITH JARS,5,2024-08-17,38.29,10111
INV756764,S0009,JAM MAKING SET WITH JARS,14,2024-07-25,22.04,10160
INV614290,S0002,JUMBO BAG RED RETROSPOT,1,2024-09-08,5.66,10264
INV607620,S0017,PAPER CHAIN KIT 50S CHRISTMAS,20,2024-07-18,15.64,10225
INV908287,S0009,JAM MAKING SET WITH JARS,2,2024-09-27,41.65,10217
INV193519,S0006,WOODEN PICTURE FRAME WHITE FINISH,10,2024-10-27,37.52,10045
INV669153,S0018,BROCADE RING PURSE,6,2024-11-24,16.03,10214
INV660245,S0001,REGENCY CAKESTAND 3 TIER,1,2024-01-25,48.36,10059
INV297382,S0012,SPOTTY BUNTING,12,2024-10-02,3.1,10132
INV874415,S0013,BATH BUILDING BLOCK WORD,17,2024-09-25,42.54,10104
INV488837,S0016,VINTAGE BILLBOARD DRINK ME MUG,2,2024-04-19,5.38,10195
INV332329,S0005,SET OF 3 CAKE TINS PANTRY DESIGN,11,2024-02-07,35.84,10157
INV316779,S0015,SET 2 TEA TOWELS I LOVE LONDON,19,2024-11-23,30.84,10098
INV500019,S0001,REGENCY CAKESTAND 3 TIER,7,2024-12-18,6.26,10226
INV104968,S0009,JAM MAKING SET WITH JARS,8,2024-12-03,40.78,10205
INV285658,S0010,RED WOOLLY HOTTIE WHITE HEART,13,2024-04-26,18.9,10079
INV146930,S0012,SPOTTY BUNTING,5,2024-03-13,30.14,10124
INV801007,S0019,MINI PAINT SET VINTAGE,9,2024-08-04,34.18,10218
INV314828,S0009,JAM MAKING SET WITH JARS,9,2024-07-28,34.67,10004
INV963559,S0013,BATH BUILDING BLOCK WORD,14,2024-07-12,14.27,10090
INV956397,S0006,WOODEN PICTURE FRAME WHITE FINISH,16,2024-05-09,30.21,10104
INV143829,S0012,SPOTTY BUNTING,15,2024-03-06,33.32,10119
INV173950,S0007,KNITTED UNION FLAG HOT WATER BOTTLE,4,2024-02-29,8.37,10133
INV169730,S0015,SET 2 TEA TOWELS I LOVE LONDON,6,2024-10-01,16.71,10096
INV813981,S0008,CREAM CUPID HEARTS COAT HANGER,13,2024-05-25,27.04,10143
INV997065,S0009,JAM MAKING SET WITH JARS,19,2024-05-13,5.87,10288
INV514089,S0003,PARTY BUNTING,7,2024-02-14,27.96,10028
INV310541,S0015,SET 2 TEA TOWELS I LOVE LONDON,5,2024-09-22,49.78,10278
INV602078,S0015,SET 2 TEA TOWELS I LOVE LONDON,4,2024-02-27,11.82,10233
INV293439,S0012,SPOTTY BUNTING,3,2024-12-21,40.42,10017
INV557125,S0007,KNITTED UNION FLAG HOT WATER BOTTLE,20,2024-07-08,22.19,10059
INV563495,S0004,LUNCH BAG RED RETROSPOT,20,2024-01-22,33.31,10090
INV904037,S0016,VINTAGE BILLBOARD DRINK ME MUG,7,2024-04-17,36.38,10199
INV696431,S0001,REGENCY CAKESTAND 3 TIER,1,2024-03-19,17.4,10026
INV284055,S0008,CREAM CUPID HEARTS COAT HANGER,12,2024-08-24,10.43,10025
INV510320,S0001,REGENCY CAKESTAND 3 TIER,13,2024-03-19,47.37,10267
INV166741,S0016,VINTAGE BILLBOARD DRINK ME MUG,8,2024-04-04,31.55,10181
INV789975,S0010,RED WOOLLY HOTTIE WHITE HEART,15,2024-01-13,43.63,10068
INV984392,S0002,JUMBO BAG RED RETROSPOT,8,2024-11-04,26.66,10049
INV268923,S0017,PAPER CHAIN KIT 50S CHRISTMAS,5,2024-10-07,48.23,10175
INV216775,S0001,REGENCY CAKESTAND 3 TIER,3,2024-07-28,26.14,10052
INV748634,S0000,WHITE HANGING HEART T-LIGHT HOLDER,6,2024-06-13,18.83,10102
INV208834,S0004,LUNCH BAG RED RETROSPOT,8,2024-01-04,19.37,10216
INV161255,S0018,BROCADE RING PURSE,13,2024-10-17,6.42,10188
INV899199,S0007,KNITTED UNION FLAG HOT WATER BOTTLE,2,2024-10-15,27.51,10057
INV780381,S0000,WHITE HANGING HEART T-LIGHT HOLDER,16,2024-10-19,32.42,10047
INV818914,S0009,JAM MAKING SET WITH JARS,20,2024-07-17,22.76,10159
INV816052,S0007,KNITTED UNION FLAG HOT WATER BOTTLE,16,2024-11-09,12.88,10174
INV602403,S0014,DOORMAT NEW ENGLAND,5,2024-08-20,27.05,10242
INV334713,S0011,ALARM CLOCK BAKELIKE GREEN,5,2024-05-26,32.04,10282
INV507321,S0005,SET OF 3 CAKE TINS PANTRY DESIGN,9,2024-03-23,18.72,10241
INV552708,S0000,WHITE HANGING HEART T-LIGHT HOLDER,10,2024-03-14,2.61,10005
INV845208,S0013,BATH BUILDING BLOCK WORD,18,2024-04-26,49.38,10084
INV980945,S0004,LUNCH BAG RED RETROSPOT,12,2024-04-16,47.12,10248
INV538017,S0013,BATH BUILDING BLOCK WORD,15,2024-08-19,22.47,10054
INV586032,S0012,SPOTTY BUNTING,12,2024-06-21,16.64,10161
INV239580,S0012,SPOTTY BUNTING,17,2024-04-15,12.68,10226
INV695996,S0006,WOODEN PICTURE FRAME WHITE FINISH,7,2024-12-03,39.31,10015
INV585884,S0011,ALARM CLOCK BAKELIKE GREEN,18,2024-07-28,19.05,10224
INV323885,S0009,JAM MAKING SET WITH JARS,13,2024-03-13,23.78,10061
INV783920,S0017,PAPER CHAIN KIT 50S CHRISTMAS,15,2024-06-02,45.28,10122
INV532136,S0019,MINI PAINT SET VINTAGE,2,2024-04-12,11.25,10277
INV264332,S0017,PAPER CHAIN KIT 50S CHRISTMAS,13,2024-09-21,21.87,10046
INV124993,S0014,DOORMAT NEW ENGLAND,7,2024-07-16,28.59,10294
INV386596,S0005,SET OF 3 CAKE TINS PANTRY DESIGN,19,2024-03-20,32.24,10062
INV919838,S0018,BROCADE RING PURSE,7,2024-03-18,20.86,10086
INV357633,S0014,DOORMAT NEW ENGLAND,5,2024-09-06,16.15,10210
INV656361,S0019,MINI PAINT SET VINTAGE,2,2024-12-12,5.3,10078
INV189915,S0002,JUMBO BAG RED RETROSPOT,1,2024-01-05,46.05,10202
INV447611,S0001,REGENCY CAKESTAND 3 TIER,3,2024-06-09,46.61,10223
INV312868,S0011,ALARM CLOCK BAKELIKE GREEN,5,2024-04-19,15.72,10222
INV480570,S0002,JUMBO BAG RED RETROSPOT,20,2024-06-10,29.38,10003
INV598165,S0014,DOORMAT NEW ENGLAND,11,2024-12-26,9.17,10006
INV206429,S0009,JAM MAKING SET WITH JARS,18,2024-03-22,45.09,10093
INV271187,S0004,LUNCH BAG RED RETROSPOT,14,2024-03-01,26.85,10008
INV529580,S0019,MINI PAINT SET VINTAGE,6,2024-10-14,27.84,10235
INV833859,S0015,SET 2 TEA TOWELS I LOVE LONDON,9,2024-12-19,42.48,10108
INV218867,S0007,KNITTED UNION FLAG HOT WATER BOTTLE,5,2024-08-15,5.3,10161
INV242185,S0001,REGENCY CAKESTAND 3 TIER,13,2024-08-30,19.28,10209
INV904402,S0005,SET OF 3 CAKE TINS PANTRY DESIGN,1,2024-10-27,34.56,10240
INV562355,S0011,ALARM CLOCK BAKELIKE GREEN,19,2024-10-19,9.5,10050
INV615655,S0000,WHITE HANGING HEART T-LIGHT HOLDER,19,2024-06-25,44.34,10011
INV487939,S0002,JUMBO BAG RED RETROSPOT,3,2024-03-31,7.18,10156
INV810277,S0009,JAM MAKING SET WITH JARS,13,2024-03-17,5.99,10070
INV765030,S0006,WOODEN PICTURE FRAME WHITE FINISH,11,2024-05-29,35.71,10169
INV471942,S0002,JUMBO BAG RED RETROSPOT,20,2024-09-10,1.29,10272
INV538030,S0018,BROCADE RING PURSE,6,2024-07-05,42.64,10068
INV638362,S0006,WOODEN PICTURE FRAME WHITE FINISH,9,2024-09-23,45.26,10252
INV613392,S0000,WHITE HANGING HEART T-LIGHT HOLDER,11,2024-03-26,3.07,10048
INV834543,S0007,KNITTED UNION FLAG HOT WATER BOTTLE,10,2024-05-14,22.72,10184
INV453913,S0013,BATH BUILDING BLOCK WORD,2,2024-05-19,37.62,10187
INV791442,S0014,DOORMAT NEW ENGLAND,3,2024-06-19,27.79,10090
INV754489,S0004,LUNCH BAG RED RETROSPOT,1,2024-10-20,1.45,10139
INV309340,S0012,SPOTTY BUNTING,16,2024-07-13,19.73,10089
INV830706,S0008,CREAM CUPID HEARTS COAT HANGER,13,2024-06-20,18.66,10274
INV995092,S0016,VINTAGE BILLBOARD DRINK ME MUG,14,2024-07-27,35.51,10019
INV463058,S0004,LUNCH BAG RED RETROSPOT,9,2024-10-09,10.05,10154
INV379626,S0009,JAM MAKING SET WITH JARS,3,2024-08-18,45.98,10260
INV944601,S0002,JUMBO BAG RED RETROSPOT,11,2024-09-17,44.84,10108
INV950138,S0000,WHITE HANGING HEART T-LIGHT HOLDER,5,2024-02-24,12.53,10285
INV491526,S0005,SET OF 3 CAKE TINS PANTRY DESIGN,3,2024-03-19,28.81,10059
INV916711,S0007,KNITTED UNION FLAG HOT WATER BOTTLE,3,2024-02-08,0.98,10125
INV872279,S0000,WHITE HANGING HEART T-LIGHT HOLDER,11,2024-11-12,3.98,10273
INV756541,S0018,BROCADE RING PURSE,15,2024-11-19,43.73,10107
INV742321,S0003,PARTY BUNTING,4,2024-01-29,35.36,10299
INV882304,S0006,WOODEN PICTURE FRAME WHITE FINISH,3,2024-04-05,5.04,10245
INV104027,S0002,JUMBO BAG RED RETROSPOT,14,2024-12-17,12.04,10247
INV851807,S0001,REGENCY CAKESTAND 3 TIER,3,2024-07-17,16.36,10008
INV301996,S0016,VINTAGE BILLBOARD DRINK ME MUG,16,2024-04-11,35.56,10141
INV734868,S0015,SET 2 TEA TOWELS I LOVE LONDON,6,2024-08-28,14.76,10008
INV164242,S0018,BROCADE RING PURSE,15,2024-04-04,25.63,10094
INV284393,S0002,JUMBO BAG RED RETROSPOT,7,2024-05-14,7.62,10039
INV703386,S0017,PAPER CHAIN KIT 50S CHRISTMAS,7,2024-12-24,6.64,10081
INV297340,S0002,JUMBO BAG RED RETROSPOT,6,2024-06-13,37.94,10187
INV270313,S0007,KNITTED UNION FLAG HOT WATER BOTTLE,13,2024-11-21,41.88,10084
INV730775,S0009,JAM MAKING SET WITH JARS,14,2024-09-16,32.21,10088
INV547242,S0006,WOODEN PICTURE FRAME WHITE FINISH,9,2024-06-25,36.9,10242
INV107322,S0016,VINTAGE BILLBOARD DRINK ME MUG,9,2024-05-24,37.84,10093
INV164612,S0002,JUMBO BAG RED RETROSPOT,3,2024-09-09,17.54,10086
INV749954,S0001,REGENCY CAKESTAND 3 TIER,14,2024-02-10,33.86,10044
INV112581,S0014,DOORMAT NEW ENGLAND,3,2024-06-12,29.61,10137
INV831985,S0011,ALARM CLOCK BAKELIKE GREEN,20,2024-12-13,47.99,10074
INV375185,S0018,BROCADE RING PURSE,11,2024-08-18,18.23,10036
INV488438,S0015,SET 2 TEA TOWELS I LOVE LONDON,16,2024-06-02,38.29,10101
INV672435,S0010,RED WOOLLY HOTTIE WHITE HEART,7,2024-04-26,29.57,10156
INV824424,S0001,REGENCY CAKESTAND 3 TIER,12,2024-07-28,23.51,10255
INV440124,S0014,DOORMAT NEW ENGLAND,13,2024-08-25,43.5,10171
INV574141,S0014,DOORMAT NEW ENGLAND,5,2024-03-13,37.02,10216
INV539979,S0012,SPOTTY BUNTING,1,2024-03-12,39.52,10170
INV762902,S0012,SPOTTY BUNTING,5,2024-07-23,18.6,10252
INV929816,S0013,BATH BUILDING BLOCK WORD,6,2024-03-18,29.85,10055
INV327534,S0005,SET OF 3 CAKE TINS PANTRY DESIGN,4,2024-01-09,19.87,10091
INV384048,S0004,LUNCH BAG RED RETROSPOT,11,2024-04-11,1.57,10278
INV266006,S0012,SPOTTY BUNTING,10,2024-10-08,14.24,10101
INV610168,S0006,WOODEN PICTURE FRAME WHITE FINISH,20,2024-09-12,21.93,10155
INV611015,S0005,SET OF 3 CAKE TINS PANTRY DESIGN,2,2024-06-29,48.09,10141
INV438986,S0002,JUMBO BAG RED RETROSPOT,16,2024-11-07,14.82,10173
INV643962,S0007,KNITTED UNION FLAG HOT WATER BOTTLE,16,2024-04-20,21.11,10010
INV422969,S0000,WHITE HANGING HEART T-LIGHT HOLDER,6,2024-06-22,31.71,10228
INV549836,S0019,MINI PAINT SET VINTAGE,20,2024-03-03,30.16,10265
INV395590,S0016,VINTAGE BILLBOARD DRINK ME MUG,11,2024-07-10,40.45,10248
INV487519,S0004,LUNCH BAG RED RETROSPOT,19,2024-08-30,3.62,10247
INV487982,S0014,DOORMAT NEW ENGLAND,14,2024-05-06,10.87,10155
INV821715,S0010,RED WOOLLY HOTTIE WHITE HEART,8,2024-06-09,31.88,10034
INV925026,S0015,SET 2 TEA TOWELS I LOVE LONDON,9,2024-10-11,17.37,10129
INV832251,S0010,RED WOOLLY HOTTIE WHITE HEART,7,2024-03-06,48.29,10160
INV340047,S0018,BROCADE RING PURSE,19,2024-11-08,12.23,10089
INV612321,S0007,KNITTED UNION FLAG HOT WATER BOTTLE,19,2024-08-28,44.58,10093
INV635780,S0010,RED WOOLLY HOTTIE WHITE HEART,4,2024-07-15,37.63,10241
INV437279,S0019,MINI PAINT SET VINTAGE,3,2024-09-27,24.8,10117
INV863181,S0019,MINI PAINT SET VINTAGE,9,2024-02-04,22.75,10094
INV929718,S0006,WOODEN PICTURE FRAME WHITE FINISH,9,2024-12-30,7.58,10163
INV596759,S0001,REGENCY CAKESTAND 3 TIER,8,2024-04-24,31.84,10099
INV473470,S0010,RED WOOLLY HOTTIE WHITE HEART,20,2024-09-04,28.31,10113
INV435581,S0008,CREAM CUPID HEARTS COAT HANGER,16,2024-06-09,30.44,10091
INV309776,S0017,PAPER CHAIN KIT 50S CHRISTMAS,7,2024-11-01,30.45,10206
INV869046,S0009,JAM MAKING SET WITH JARS,2,2024-04-09,26.41,10017
INV396176,S0016,VINTAGE BILLBOARD DRINK ME MUG,8,2024-07-11,21.44,10274
INV412661,S0000,WHITE HANGING HEART T-LIGHT HOLDER,9,2024-04-14,7.63,10173
INV130221,S0000,WHITE HANGING HEART T-LIGHT HOLDER,14,2024-02-10,18.75,10116
INV568383,S0004,LUNCH BAG RED RETROSPOT,13,2024-10-11,8.27,10181
INV895304,S0014,DOORMAT NEW ENGLAND,11,2024-02-25,46.88,10091
INV389353,S0014,DOORMAT NEW ENGLAND,7,2024-12-27,30.52,10082
INV270814,S0009,JAM MAKING SET WITH JARS,19,2024-03-06,16.48,10114
INV229934,S0000,WHITE HANGING HEART T-LIGHT HOLDER,2,2024-06-16,27.85,10257
INV248638,S0011,ALARM CLOCK BAKELIKE GREEN,11,2024-07-11,27.73,10058
INV777724,S0013,BATH BUILDING BLOCK WORD,11,2024-07-21,9.31,10154
INV976686,S0019,MINI PAINT SET VINTAGE,2,2024-11-25,14.5,10116
INV893238,S0018,BROCADE RING PURSE,19,2024-01-21,44.22,10266
INV857886,S0001,REGENCY CAKESTAND 3 TIER,5,2024-09-11,3.66,10203
INV246707,S0002,JUMBO BAG RED RETROSPOT,5,2024-02-22,26.38,10041
INV196321,S0007,KNITTED UNION FLAG HOT WATER BOTTLE,12,2024-07-01,17.24,10105
INV460262,S0013,BATH BUILDING BLOCK WORD,3,2024-09-09,20.33,10193
INV650166,S0001,REGENCY CAKESTAND 3 TIER,14,2024-11-24,39.59,10278
INV674721,S0004,LUNCH BAG RED RETROSPOT,3,2024-04-16,22.7,10237
INV899816,S0003,PARTY BUNTING,9,2024-04-26,12.34,10221
INV125401,S0017,PAPER CHAIN KIT 50S CHRISTMAS,2,2024-11-25,42.22,10068
INV601946,S0007,KNITTED UNION FLAG HOT WATER BOTTLE,2,2024-01-22,11.34,10197
INV260044,S0007,KNITTED UNION FLAG HOT WATER BOTTLE,5,2024-09-13,16.31,10256
INV892684,S0012,SPOTTY BUNTING,13,2024-01-10,25.76,10139
INV616137,S0009,JAM MAKING SET WITH JARS,1,2024-12-08,35.88,10149
INV676749,S0013,BATH BUILDING BLOCK WORD,3,2024-01-21,10.41,10099
INV318981,S0001,REGENCY CAKESTAND 3 TIER,8,2024-10-25,24.83,10076
INV835916,S0011,ALARM CLOCK BAKELIKE GREEN,3,2024-10-24,44.14,10282
INV969307,S0016,VINTAGE BILLBOARD DRINK ME MUG,6,2024-07-22,11.03,10109
INV107706,S0017,PAPER CHAIN KIT 50S CHRISTMAS,20,2024-05-24,13.65,10188
INV635696,S0011,ALARM CLOCK BAKELIKE GREEN,13,2024-03-22,41.82,10199
INV368727,S0019,MINI PAINT SET VINTAGE,11,2024-04-10,16.69,10154
INV511704,S0008,CREAM CUPID HEARTS COAT HANGER,4,2024-11-29,14.63,10040
INV567186,S0000,WHITE HANGING HEART T-LIGHT HOLDER,20,2024-11-29,33.76,10133
INV314528,S0012,SPOTTY BUNTING,6,2024-02-27,2.56,10132
INV878896,S0003,PARTY BUNTING,7,2024-04-12,38.11,10279
INV973390,S0009,JAM MAKING SET WITH JARS,7,2024-10-30,40.98,10084
INV586308,S0011,ALARM CLOCK BAKELIKE GREEN,2,2024-11-27,31.49,10242
INV984539,S0018,BROCADE RING PURSE,9,2024-04-21,25.8,10116
INV112960,S0009,JAM MAKING SET WITH JARS,7,2024-04-02,43.09,10109
INV623860,S0006,WOODEN PICTURE FRAME WHITE FINISH,13,2024-06-16,23.17,10221
INV731046,S0012,SPOTTY BUNTING,6,2024-09-08,24.27,10041
INV399203,S0019,MINI PAINT SET VINTAGE,8,2024-02-09,31.01,10147
INV994101,S0000,WHITE HANGING HEART T-LIGHT HOLDER,1,2024-11-13,2.98,10112
INV387552,S0000,WHITE HANGING HEART T-LIGHT HOLDER,1,2024-06-04,22.53,10103
INV267234,S0018,BROCADE RING PURSE,4,2024-01-28,18.72,10046
INV543721,S0006,WOODEN PICTURE FRAME WHITE FINISH,12,2024-02-08,14.36,10271
INV411919,S0000,WHITE HANGING HEART T-LIGHT HOLDER,2,2024-03-02,15.45,10195
INV579123,S0008,CREAM CUPID HEARTS COAT HANGER,7,2024-03-02,46.01,10280
INV599651,S0000,WHITE HANGING HEART T-LIGHT HOLDER,6,2024-01-08,6.07,10283
INV577358,S0007,KNITTED UNION FLAG HOT WATER BOTTLE,19,2024-12-21,28.09,10040
INV123654,S0008,CREAM CUPID HEARTS COAT HANGER,19,2024-09-02,3.63,10189
INV325942,S0004,LUNCH BAG RED RETROSPOT,3,2024-07-22,34.06,10164
INV138966,S0000,WHITE HANGING HEART T-LIGHT HOLDER,16,2024-08-09,41.61,10024
INV283524,S0013,BATH BUILDING BLOCK WORD,1,2024-10-22,44.92,10024
INV906913,S0002,JUMBO BAG RED RETROSPOT,9,2024-12-29,14.44,10004
INV312544,S0015,SET 2 TEA TOWELS I LOVE LONDON,9,2024-01-13,33.73,10290
INV346225,S0006,WOODEN PICTURE FRAME WHITE FINISH,15,2024-01-01,49.79,10181
INV690570,S0001,REGENCY CAKESTAND 3 TIER,14,2024-10-13,47.63,10248
INV930434,S0015,SET 2 TEA TOWELS I LOVE LONDON,8,2024-01-25,14.68,10116
INV727099,S0002,JUMBO BAG RED RETROSPOT,12,2024-08-21,41.13,10279
INV271856,S0017,PAPER CHAIN KIT 50S CHRISTMAS,12,2024-12-03,45.14,10069
INV667035,S0017,PAPER CHAIN KIT 50S CHRISTMAS,5,2024-06-13,36.89,10254
INV526772,S0011,ALARM CLOCK BAKELIKE GREEN,6,2024-10-24,20.39,10181
INV464314,S0014,DOORMAT NEW ENGLAND,10,2024-03-16,40.8,10169
INV808534,S0015,SET 2 TEA TOWELS I LOVE LONDON,18,2024-07-27,18.34,10249
INV190644,S0013,BATH BUILDING BLOCK WORD,20,2024-05-09,44.3,10188
INV476091,S0010,RED WOOLLY HOTTIE WHITE HEART,15,2024-08-18,37.81,10054
INV144832,S0005,SET OF 3 CAKE TINS PANTRY DESIGN,11,2024-09-16,45.96,10138
INV727879,S0004,LUNCH BAG RED RETROSPOT,11,2024-10-03,31.82,10168
INV992440,S0005,SET OF 3 CAKE TINS PANTRY DESIGN,19,2024-03-12,48.87,10103
INV964745,S0006,WOODEN PICTURE FRAME WHITE FINISH,13,2024-02-11,41.26,10085
INV625738,S0003,PARTY BUNTING,18,2024-01-22,26.22,10212
INV104236,S0018,BROCADE RING PURSE,9,2024-10-08,33.4,10003
INV875643,S0005,SET OF 3 CAKE TINS PANTRY DESIGN,8,2024-12-16,35.63,10179
INV612942,S0010,RED WOOLLY HOTTIE WHITE HEART,4,2024-06-15,36.73,10038
INV675092,S0011,ALARM CLOCK BAKELIKE GREEN,13,2024-09-24,33.02,10239
INV329713,S0012,SPOTTY BUNTING,19,2024-06-28,37.62,10169
INV336783,S0003,PARTY BUNTING,15,2024-03-20,41.8,10030
INV850992,S0006,WOODEN PICTURE FRAME WHITE FINISH,1,2024-09-15,40.1,10190
INV251367,S0015,SET 2 TEA TOWELS I LOVE LONDON,3,2024-12-21,47.53,10025
INV892514,S0007,KNITTED UNION FLAG HOT WATER BOTTLE,13,2024-06-04,41.35,10112
INV769252,S0017,PAPER CHAIN KIT 50S CHRISTMAS,4,2024-04-07,1.66,10206
INV410152,S0000,WHITE HANGING HEART T-LIGHT HOLDER,4,2024-04-16,9.69,10185
INV170277,S0002,JUMBO BAG RED RETROSPOT,9,2024-08-19,47.58,10047
INV474880,S0013,BATH BUILDING BLOCK WORD,13,2024-01-06,35.04,10228
INV459839,S0009,JAM MAKING SET WITH JARS,13,2024-07-10,10.82,10039
INV749338,S0013,BATH BUILDING BLOCK WORD,19,2024-09-01,31.94,10016
INV143908,S0018,BROCADE RING PURSE,16,2024-01-17,25.25,10022
INV132548,S0011,ALARM CLOCK BAKELIKE GREEN,9,2024-12-24,23.94,10213
INV889491,S0012,SPOTTY BUNTING,18,2024-02-20,21.42,10149
INV750360,S0018,BROCADE RING PURSE,12,2024-12-16,24.77,10241
INV498424,S0000,WHITE HANGING HEART T-LIGHT HOLDER,2,2024-09-06,38.07,10272
INV597939,S0002,JUMBO BAG RED RETROSPOT,9,2024-10-05,5.06,10059
INV859461,S0007,KNITTED UNION FLAG HOT WATER BOTTLE,4,2024-08-20,19.3,10287
INV353103,S0010,RED WOOLLY HOTTIE WHITE HEART,20,2024-08-28,2.2,10202
INV679470,S0009,JAM MAKING SET WITH JARS,15,2024-04-20,30.88,10032
INV110793,S0003,PARTY BUNTING,5,2024-10-30,43.2,10162
INV630888,S0000,WHITE HANGING HEART T-LIGHT HOLDER,15,2024-02-05,25.35,10255
INV388086,S0014,DOORMAT NEW ENGLAND,19,2024-07-17,40.16,10254
INV785456,S0017,PAPER CHAIN KIT 50S CHRISTMAS,2,2024-05-09,29.49,10009
INV614954,S0016,VINTAGE BILLBOARD DRINK ME MUG,6,2024-08-19,15.02,10139
INV141750,S0005,SET OF 3 CAKE TINS PANTRY DESIGN,10,2024-11-03,16.91,10010
INV820169,S0003,PARTY BUNTING,5,2024-02-09,10.36,10214
INV361140,S0015,SET 2 TEA TOWELS I LOVE LONDON,1,2024-07-17,38.9,10273
INV909985,S0005,SET OF 3 CAKE TINS PANTRY DESIGN,13,2024-01-23,15.46,10048
INV456589,S0007,KNITTED UNION FLAG HOT WATER BOTTLE,19,2024-09-09,11.82,10111
INV947688,S0014,DOORMAT NEW ENGLAND,4,2024-02-21,8.64,10153
INV876319,S0004,LUNCH BAG RED RETROSPOT,20,2024-10-15,1.67,10123
INV484487,S0015,SET 2 TEA TOWELS I LOVE LONDON,14,2024-01-11,35.57,10102
INV765669,S0011,ALARM CLOCK BAKELIKE GREEN,18,2024-02-24,21.22,10241
INV392450,S0001,REGENCY CAKESTAND 3 TIER,14,2024-10-12,35.25,10191
INV168341,S0002,JUMBO BAG RED RETROSPOT,3,2024-05-14,43.95,10217
INV597680,S0011,ALARM CLOCK BAKELIKE GREEN,13,2024-09-16,46.0,10051
INV226889,S0004,LUNCH BAG RED RETROSPOT,1,2024-03-23,4.78,10292
INV796926,S0005,SET OF 3 CAKE TINS PANTRY DESIGN,7,2024-08-16,33.16,10081
INV491451,S0017,PAPER CHAIN KIT 50S CHRISTMAS,18,2024-05-14,24.16,10088
INV710397,S0005,SET OF 3 CAKE TINS PANTRY DESIGN,14,2024-02-29,28.2,10194
INV312281,S0007,KNITTED UNION FLAG HOT WATER BOTTLE,5,2024-06-02,7.09,10104
INV111737,S0012,SPOTTY BUNTING,12,2024-01-31,25.75,10271
INV218229,S0000,WHITE HANGING HEART T-LIGHT HOLDER,17,2024-12-06,13.66,10096
INV109287,S0016,VINTAGE BILLBOARD DRINK ME MUG,10,2024-03-11,16.32,10198
INV603724,S0007,KNITTED UNION FLAG HOT WATER BOTTLE,7,2024-04-06,33.37,10001
INV601989,S0015,SET 2 TEA TOWELS I LOVE LONDON,7,2024-02-20,9.03,10167
INV764164,S0017,PAPER CHAIN KIT 50S CHRISTMAS,18,2024-02-06,7.73,10126
INV999516,S0004,LUNCH BAG RED RETROSPOT,17,2024-03-15,43.13,10081
INV600892,S0002,JUMBO BAG RED RETROSPOT,17,2024-02-07,28.52,10251
INV757395,S0007,KNITTED UNION FLAG HOT WATER BOTTLE,14,2024-11-16,18.41,10169
INV968195,S0007,KNITTED UNION FLAG HOT WATER BOTTLE,9,2024-07-27,3.45,10073
INV144993,S0013,BATH BUILDING BLOCK WORD,11,2024-07-21,1.87,10141
INV509758,S0011,ALARM CLOCK BAKELIKE GREEN,15,2024-11-06,41.9,10070
INV884972,S0007,KNITTED UNION FLAG HOT WATER BOTTLE,5,2024-09-02,30.94,10262
INV526279,S0016,VINTAGE BILLBOARD DRINK ME MUG,6,2024-05-03,30.15,10245
INV621282,S0009,JAM MAKING SET WITH JARS,3,2024-08-09,30.19,10003
INV169556,S0013,BATH BUILDING BLOCK WORD,18,2024-02-13,35.37,10063
INV910463,S0004,LUNCH BAG RED RETROSPOT,2,2024-07-08,14.23,10049
INV587070,S0008,CREAM CUPID HEARTS COAT HANGER,11,2024-06-04,41.9,10076
INV442976,S0019,MINI PAINT SET VINTAGE,10,2024-08-28,25.82,10175
INV894210,S0012,SPOTTY BUNTING,19,2024-12-21,28.23,10109
INV728455,S0019,MINI PAINT SET VINTAGE,19,2024-03-11,23.73,10183
INV825010,S0002,JUMBO BAG RED RETROSPOT,16,2024-06-24,26.87,10192
INV762035,S0019,MINI PAINT SET VINTAGE,3,2024-05-08,31.64,10065
INV402982,S0008,CREAM CUPID HEARTS COAT HANGER,20,2024-09-19,11.78,10271
INV351044,S0010,RED WOOLLY HOTTIE WHITE HEART,19,2024-04-07,17.75,10100
INV301165,S0009,JAM MAKING SET WITH JARS,11,2024-09-22,33.97,10032
INV376729,S0008,CREAM CUPID HEARTS COAT HANGER,20,2024-08-05,33.65,10128
INV905635,S0006,WOODEN PICTURE FRAME WHITE FINISH,20,2024-03-12,40.21,10043
INV299193,S0009,JAM MAKING SET WITH JARS,12,2024-12-30,27.37,10078
INV314396,S0010,RED WOOLLY HOTTIE WHITE HEART,15,2024-10-24,26.25,10289
INV859790,S0003,PARTY BUNTING,10,2024-11-22,12.73,10270
INV928317,S0019,MINI PAINT SET VINTAGE,11,2024-04-03,44.42,10162
INV493214,S0015,SET 2 TEA TOWELS I LOVE LONDON,8,2024-07-19,24.47,10189
INV695789,S0008,CREAM CUPID HEARTS COAT HANGER,15,2024-10-02,17.4,10247
INV735420,S0008,CREAM CUPID HEARTS COAT HANGER,3,2024-05-09,6.66,10216
INV952612,S0012,SPOTTY BUNTING,18,2024-07-20,0.66,10168
INV951434,S0006,WOODEN PICTURE FRAME WHITE FINISH,9,2024-09-10,23.01,10193
INV711931,S0017,PAPER CHAIN KIT 50S CHRISTMAS,9,2024-09-18,28.59,10283
INV378607,S0006,WOODEN PICTURE FRAME WHITE FINISH,2,2024-08-06,31.59,10013
INV724187,S0015,SET 2 TEA TOWELS I LOVE LONDON,4,2024-08-31,22.14,10240
INV225246,S0010,RED WOOLLY HOTTIE WHITE HEART,5,2024-04-02,6.58,10147
INV143027,S0001,REGENCY CAKESTAND 3 TIER,3,2024-05-22,5.82,10204
INV381452,S0017,PAPER CHAIN KIT 50S CHRISTMAS,5,2024-02-19,46.32,10080
INV314845,S0013,BATH BUILDING BLOCK WORD,2,2024-12-04,28.55,10043
INV216844,S0000,WHITE HANGING HEART T-LIGHT HOLDER,11,2024-11-15,36.12,10089
INV550680,S0009,JAM MAKING SET WITH JARS,8,2024-04-28,11.41,10148
INV698335,S0019,MINI PAINT SET VINTAGE,9,2024-10-09,18.0,10095
INV259072,S0007,KNITTED UNION FLAG HOT WATER BOTTLE,1,2024-10-10,29.41,10151
INV280189,S0007,KNITTED UNION FLAG HOT WATER BOTTLE,13,2024-04-14,27.31,10002
INV268187,S0000,WHITE HANGING HEART T-LIGHT HOLDER,3,2024-10-19,37.15,10022
INV948875,S0008,CREAM CUPID HEARTS COAT HANGER,16,2024-03-04,5.24,10007
INV331707,S0013,BATH BUILDING BLOCK WORD,8,2024-08-23,30.68,10206
INV331044,S0005,SET OF 3 CAKE TINS PANTRY DESIGN,9,2024-02-24,0.66,10114
INV556333,S0009,JAM MAKING SET WITH JARS,19,2024-11-03,42.55,10272
INV323753,S0014,DOORMAT NEW ENGLAND,8,2024-02-21,42.44,10083
INV847031,S0013,BATH BUILDING BLOCK WORD,15,2024-08-14,7.94,10179
INV991904,S0012,SPOTTY BUNTING,20,2024-07-13,1.64,10210
INV315093,S0008,CREAM CUPID HEARTS COAT HANGER,16,2024-08-11,39.58,10124
INV458915,S0016,VINTAGE BILLBOARD DRINK ME MUG,11,2024-01-11,25.2,10113
INV506743,S0019,MINI PAINT SET VINTAGE,15,2024-11-06,10.67,10012
INV837627,S0004,LUNCH BAG RED RETROSPOT,3,2024-11-03,41.93,10126
INV276560,S0012,SPOTTY BUNTING,13,2024-04-16,11.29,10053
INV524780,S0011,ALARM CLOCK BAKELIKE GREEN,9,2024-05-07,35.89,10283
INV497875,S0007,KNITTED UNION FLAG HOT WATER BOTTLE,20,2024-08-28,48.05,10140
INV355928,S0018,BROCADE RING PURSE,3,2024-08-19,35.8,10097
INV507759,S0000,WHITE HANGING HEART T-LIGHT HOLDER,19,2024-06-25,18.3,10005
INV614806,S0000,WHITE HANGING HEART T-LIGHT HOLDER,14,2024-08-16,45.5,10057
INV558607,S0002,JUMBO BAG RED RETROSPOT,9,2024-06-27,11.81,10069
INV372482,S0011,ALARM CLOCK BAKELIKE GREEN,16,2024-03-21,8.84,10118
INV776340,S0018,BROCADE RING PURSE,17,2024-11-02,26.78,10059
INV986993,S0006,WOODEN PICTURE FRAME WHITE FINISH,2,2024-07-14,18.55,10033
INV194343,S0007,KNITTED UNION FLAG HOT WATER BOTTLE,6,2024-02-17,30.96,10050
INV152497,S0017,PAPER CHAIN KIT 50S CHRISTMAS,9,2024-02-10,26.5,10019
INV575110,S0008,CREAM CUPID HEARTS COAT HANGER,5,2024-05-30,7.51,10214
INV392042,S0013,BATH BUILDING BLOCK WORD,6,2024-04-27,20.77,10197
INV645792,S0005,SET OF 3 CAKE TINS PANTRY DESIGN,3,2024-04-28,43.65,10047
INV154679,S0019,MINI PAINT SET VINTAGE,19,2024-12-01,39.26,10167
INV402244,S0005,SET OF 3 CAKE TINS PANTRY DESIGN,18,2024-08-28,47.13,10289
INV347721,S0005,SET OF 3 CAKE TINS PANTRY DESIGN,1,2024-04-10,30.33,10141
INV170655,S0002,JUMBO BAG RED RETROSPOT,4,2024-05-17,40.96,10084
INV659890,S0005,SET OF 3 CAKE TINS PANTRY DESIGN,4,2024-08-24,27.9,10182
INV858339,S0011,ALARM CLOCK BAKELIKE GREEN,6,2024-03-19,26.92,10079
INV357579,S0005,SET OF 3 CAKE TINS PANTRY DESIGN,1,2024-06-15,42.84,10215
INV638177,S0008,CREAM CUPID HEARTS COAT HANGER,1,2024-09-13,25.47,10014
INV512935,S0001,REGENCY CAKESTAND 3 TIER,5,2024-03-26,2.89,10215
INV987658,S0004,LUNCH BAG RED RETROSPOT,5,2024-05-03,43.15,10128
INV701740,S0011,ALARM CLOCK BAKELIKE GREEN,9,2024-08-24,12.67,10248
INV844708,S0005,SET OF 3 CAKE TINS PANTRY DESIGN,4,2024-05-07,8.52,10029
INV891164,S0019,MINI PAINT SET VINTAGE,2,2024-02-04,49.15,10280
INV100601,S0004,LUNCH BAG RED RETROSPOT,10,2024-08-23,26.68,10202
INV810436,S0015,SET 2 TEA TOWELS I LOVE LONDON,13,2024-10-08,27.3,10057
INV650555,S0012,SPOTTY BUNTING,15,2024-11-27,47.19,10218
INV924584,S0011,ALARM CLOCK BAKELIKE GREEN,20,2024-10-22,36.06,10062
INV888142,S0012,SPOTTY BUNTING,9,2024-09-25,46.88,10157
INV627593,S0005,SET OF 3 CAKE TINS PANTRY DESIGN,16,2024-03-05,40.34,10202
INV176983,S0006,WOODEN PICTURE FRAME WHITE FINISH,20,2024-07-07,42.18,10017
INV733754,S0003,PARTY BUNTING,14,2024-07-14,19.11,10006
INV125035,S0011,ALARM CLOCK BAKELIKE GREEN,11,2024-09-06,10.34,10058
INV326041,S0000,WHITE HANGING HEART T-LIGHT HOLDER,14,2024-11-22,37.64,10169
INV719110,S0014,DOORMAT NEW ENGLAND,5,2024-11-28,39.79,10082
INV356368,S0012,SPOTTY BUNTING,5,2024-01-09,45.07,10219
INV365205,S0014,DOORMAT NEW ENGLAND,16,2024-07-23,23.58,10177
INV489616,S0014,DOORMAT NEW ENGLAND,7,2024-08-25,6.96,10204
INV357284,S0001,REGENCY CAKESTAND 3 TIER,5,2024-11-23,46.18,10071
INV492204,S0009,JAM MAKING SET WITH JARS,2,2024-06-28,23.52,10266
INV785173,S0012,SPOTTY BUNTING,14,2024-02-09,30.11,10098
INV960979,S0011,ALARM CLOCK BAKELIKE GREEN,17,2024-10-09,24.12,10291
INV171046,S0015,SET 2 TEA TOWELS I LOVE LONDON,12,2024-06-18,10.08,10208
INV274006,S0016,VINTAGE BILLBOARD DRINK ME MUG,1,2024-02-21,7.72,10002
INV382705,S0017,PAPER CHAIN KIT 50S CHRISTMAS,2,2024-01-13,25.72,10124
INV489301,S0016,VINTAGE BILLBOARD DRINK ME MUG,1,2024-08-17,20.47,10280
INV582650,S0019,MINI PAINT SET VINTAGE,12,2024-11-14,16.66,10074
INV153389,S0011,ALARM CLOCK BAKELIKE GREEN,17,2024-10-26,6.6,10166
INV895337,S0014,DOORMAT NEW ENGLAND,16,2024-08-09,38.3,10022
INV798687,S0001,REGENCY CAKESTAND 3 TIER,18,2024-10-16,25.54,10154
INV964774,S0004,LUNCH BAG RED RETROSPOT,13,2024-06-18,33.2,10295
INV866980,S0014,DOORMAT NEW ENGLAND,9,2024-03-14,7.54,10219
INV197716,S0006,WOODEN PICTURE FRAME WHITE FINISH,20,2024-07-15,14.15,10157
INV143926,S0007,KNITTED UNION FLAG HOT WATER BOTTLE,2,2024-06-04,1.1,10230
INV303941,S0004,LUNCH BAG RED RETROSPOT,14,2024-10-18,10.09,10020
INV547649,S0004,LUNCH BAG RED RETROSPOT,18,2024-10-17,13.13,10041
INV100594,S0006,WOODEN PICTURE FRAME WHITE FINISH,3,2024-03-24,43.01,10148
INV862564,S0008,CREAM CUPID HEARTS COAT HANGER,16,2024-02-03,11.35,10108
INV805284,S0005,SET OF 3 CAKE TINS PANTRY DESIGN,16,2024-02-28,4.46,10084
INV951118,S0014,DOORMAT NEW ENGLAND,11,2024-11-11,36.53,10290
INV991912,S0011,ALARM CLOCK BAKELIKE GREEN,16,2024-05-12,29.06,10134
INV953939,S0017,PAPER CHAIN KIT 50S CHRISTMAS,11,2024-11-19,33.41,10207
INV263156,S0016,VINTAGE BILLBOARD DRINK ME MUG,19,2024-09-23,34.29,10283
INV916102,S0019,MINI PAINT SET VINTAGE,8,2024-04-25,40.84,10266
INV606877,S0013,BATH BUILDING BLOCK WORD,9,2024-06-17,47.03,10073
INV623107,S0009,JAM MAKING SET WITH JARS,13,2024-01-27,47.63,10048
INV940615,S0009,JAM MAKING SET WITH JARS,9,2024-02-24,41.29,10233
INV334488,S0017,PAPER CHAIN KIT 50S CHRISTMAS,8,2024-05-07,23.49,10100
INV203386,S0004,LUNCH BAG RED RETROSPOT,18,2024-09-15,18.47,10059
INV539659,S0012,SPOTTY BUNTING,19,2024-06-18,15.3,10258
INV270336,S0007,KNITTED UNION FLAG HOT WATER BOTTLE,20,2024-09-03,47.45,10065
INV912610,S0002,JUMBO BAG RED RETROSPOT,11,2024-01-30,22.06,10083
INV261528,S0013,BATH BUILDING BLOCK WORD,14,2024-08-30,48.93,10154
INV488371,S0010,RED WOOLLY HOTTIE WHITE HEART,4,2024-06-06,12.17,10266
INV515597,S0015,SET 2 TEA TOWELS I LOVE LONDON,19,2024-04-19,20.56,10079
INV400383,S0007,KNITTED UNION FLAG HOT WATER BOTTLE,8,2024-11-08,40.32,10150
INV266924,S0010,RED WOOLLY HOTTIE WHITE HEART,20,2024-06-16,29.88,10048
INV205549,S0002,JUMBO BAG RED RETROSPOT,3,2024-02-12,39.91,10248
INV257334,S0000,WHITE HANGING HEART T-LIGHT HOLDER,18,2024-08-07,24.89,10278
INV932138,S0002,JUMBO BAG RED RETROSPOT,5,2024-01-27,0.6,10098
INV134272,S0005,SET OF 3 CAKE TINS PANTRY DESIGN,5,2024-05-29,49.19,10025
INV811710,S0011,ALARM CLOCK BAKELIKE GREEN,12,2024-12-07,28.81,10284
INV273247,S0001,REGENCY CAKESTAND 3 TIER,10,2024-06-18,5.45,10068
INV186345,S0018,BROCADE RING PURSE,2,2024-11-10,0.51,10007
INV927895,S0006,WOODEN PICTURE FRAME WHITE FINISH,6,2024-07-19,41.3,10137
INV212762,S0015,SET 2 TEA TOWELS I LOVE LONDON,9,2024-10-30,14.93,10164
INV175165,S0016,VINTAGE BILLBOARD DRINK ME MUG,20,2024-05-25,7.36,10083
INV735612,S0014,DOORMAT NEW ENGLAND,9,2024-03-21,32.35,10138
INV200789,S0016,VINTAGE BILLBOARD DRINK ME MUG,16,2024-11-06,11.58,10073
INV133589,S0009,JAM MAKING SET WITH JARS,13,2024-06-22,33.42,10237
INV949630,S0015,SET 2 TEA TOWELS I LOVE LONDON,15,2024-07-02,47.61,10046
INV407917,S0009,JAM MAKING SET WITH JARS,13,2024-08-02,40.44,10106
INV932839,S0007,KNITTED UNION FLAG HOT WATER BOTTLE,10,2024-12-07,16.67,10288
INV583694,S0007,KNITTED UNION FLAG HOT WATER BOTTLE,5,2024-12-26,8.18,10262
INV161601,S0002,JUMBO BAG RED RETROSPOT,19,2024-03-01,7.81,10176
INV232235,S0014,DOORMAT NEW ENGLAND,5,2024-02-07,14.48,10166
INV821132,S0010,RED WOOLLY HOTTIE WHITE HEART,11,2024-10-23,12.34,10145
INV556481,S0015,SET 2 TEA TOWELS I LOVE LONDON,14,2024-03-03,46.53,10283
INV864810,S0017,PAPER CHAIN KIT 50S CHRISTMAS,19,2024-06-03,46.9,10054
INV596215,S0006,WOODEN PICTURE FRAME WHITE FINISH,2,2024-07-05,8.25,10178
INV461848,S0006,WOODEN PICTURE FRAME WHITE FINISH,3,2024-01-26,2.05,10244
INV508482,S0008,CREAM CUPID HEARTS COAT HANGER,6,2024-09-11,23.44,10127
INV921794,S0012,SPOTTY BUNTING,11,2024-08-18,7.08,10271
INV881484,S0010,RED WOOLLY HOTTIE WHITE HEART,14,2024-12-03,16.08,10132
INV833851,S0018,BROCADE RING PURSE,6,2024-01-04,43.52,10093
INV362773,S0005,SET OF 3 CAKE TINS PANTRY DESIGN,14,2024-02-17,24.6,10073
INV255365,S0010,RED WOOLLY HOTTIE WHITE HEART,2,2024-03-12,12.38,10248
INV619420,S0019,MINI PAINT SET VINTAGE,9,2024-04-13,36.18,10273
INV140316,S0013,BATH BUILDING BLOCK WORD,1,2024-11-19,18.36,10043
INV939079,S0010,RED WOOLLY HOTTIE WHITE HEART,20,2024-07-09,17.19,10041
INV606250,S0003,PARTY BUNTING,17,2024-04-13,10.95,10170
INV813404,S0010,RED WOOLLY HOTTIE WHITE HEART,17,2024-05-20,26.78,10212
INV719171,S0016,VINTAGE BILLBOARD DRINK ME MUG,20,2024-11-09,10.23,10168
INV577052,S0001,REGENCY CAKESTAND 3 TIER,19,2024-10-07,14.86,10039
INV146675,S0014,DOORMAT NEW ENGLAND,10,2024-06-19,1.39,10245
INV757501,S0018,BROCADE RING PURSE,3,2024-08-30,41.56,10151
INV586060,S0013,BATH BUILDING BLOCK WORD,20,2024-10-19,11.93,10111
INV975353,S0010,RED WOOLLY HOTTIE WHITE HEART,19,2024-04-24,22.74,10047
INV783728,S0009,JAM MAKING SET WITH JARS,2,2024-04-27,33.59,10063
INV366487,S0018,BROCADE RING PURSE,13,2024-05-15,0.71,10225
INV142513,S0007,KNITTED UNION FLAG HOT WATER BOTTLE,8,2024-08-18,12.33,10069
INV550898,S0000,WHITE HANGING HEART T-LIGHT HOLDER,2,2024-02-08,40.22,10299
INV661258,S0008,CREAM CUPID HEARTS COAT HANGER,18,2024-08-01,1.31,10290
INV906250,S0009,JAM MAKING SET WITH JARS,20,2024-12-05,3.03,10296
INV323781,S0018,BROCADE RING PURSE,18,2024-12-04,27.84,10203
INV996777,S0003,PARTY BUNTING,8,2024-07-18,28.26,10061
INV285846,S0010,RED WOOLLY HOTTIE WHITE HEART,18,2024-12-01,10.41,10161
INV183547,S0013,BATH BUILDING BLOCK WORD,11,2024-11-27,12.66,10016
INV121695,S0015,SET 2 TEA TOWELS I LOVE LONDON,4,2024-03-07,46.59,10094
INV277233,S0008,CREAM CUPID HEARTS COAT HANGER,10,2024-12-09,13.23,10138
INV547164,S0005,SET OF 3 CAKE TINS PANTRY DESIGN,7,2024-03-24,18.39,10038
INV424526,S0009,JAM MAKING SET WITH JARS,18,2024-12-20,27.66,10127
INV179928,S0002,JUMBO BAG RED RETROSPOT,5,2024-03-03,42.72,10275
INV351187,S0000,WHITE HANGING HEART T-LIGHT HOLDER,3,2024-05-18,48.27,10164
INV902056,S0003,PARTY BUNTING,15,2024-06-21,6.51,10077
INV587899,S0017,PAPER CHAIN KIT 50S CHRISTMAS,17,2024-03-03,24.32,10174
INV391819,S0019,MINI PAINT SET VINTAGE,3,2024-07-01,39.56,10091
INV284967,S0011,ALARM CLOCK BAKELIKE GREEN,13,2024-04-06,27.49,10238
INV860548,S0008,CREAM CUPID HEARTS COAT HANGER,1,2024-11-13,40.32,10264
INV166514,S0002,JUMBO BAG RED RETROSPOT,6,2024-03-15,17.43,10179
INV954817,S0016,VINTAGE BILLBOARD DRINK ME MUG,18,2024-04-09,24.2,10209
INV131236,S0011,ALARM CLOCK BAKELIKE GREEN,11,2024-07-18,39.74,10073
INV208600,S0013,BATH BUILDING BLOCK WORD,17,2024-07-25,11.01,10107
INV751244,S0006,WOODEN PICTURE FRAME WHITE FINISH,16,2024-10-27,37.51,10295
INV880823,S0002,JUMBO BAG RED RETROSPOT,8,2024-12-02,46.72,10284
INV684536,S0015,SET 2 TEA TOWELS I LOVE LONDON,15,2024-07-17,16.45,10182
INV308785,S0011,ALARM CLOCK BAKELIKE GREEN,2,2024-01-19,22.92,10037
INV698673,S0000,WHITE HANGING HEART T-LIGHT HOLDER,12,2024-01-09,49.39,10137
INV780228,S0011,ALARM CLOCK BAKELIKE GREEN,11,2024-07-31,37.61,10056
INV430479,S0000,WHITE HANGING HEART T-LIGHT HOLDER,15,2024-02-13,7.14,10187
INV723534,S0003,PARTY BUNTING,17,2024-10-14,38.42,10258
INV242365,S0018,BROCADE RING PURSE,16,2024-09-10,27.9,10058
INV861165,S0017,PAPER CHAIN KIT 50S CHRISTMAS,11,2024-03-02,31.43,10123
INV924334,S0001,REGENCY CAKESTAND 3 TIER,11,2024-05-05,15.95,10188
INV407706,S0013,BATH BUILDING BLOCK WORD,2,2024-02-24,3.22,10230
INV797118,S0009,JAM MAKING SET WITH JARS,5,2024-12-22,13.28,10168
INV260470,S0012,SPOTTY BUNTING,9,2024-06-23,42.56,10114
INV656754,S0002,JUMBO BAG RED RETROSPOT,12,2024-02-08,25.17,10252
INV526635,S0009,JAM MAKING SET WITH JARS,1,2024-01-14,49.07,10107
INV293751,S0010,RED WOOLLY HOTTIE WHITE HEART,3,2024-03-11,46.6,10037
INV728669,S0019,MINI PAINT SET VINTAGE,4,2024-07-04,6.11,10092
INV905305,S0008,CREAM CUPID HEARTS COAT HANGER,11,2024-06-11,44.48,10018
INV704411,S0005,SET OF 3 CAKE TINS PANTRY DESIGN,7,2024-10-25,40.12,10063
INV151462,S0007,KNITTED UNION FLAG HOT WATER BOTTLE,9,2024-06-08,42.15,10150
INV891507,S0017,PAPER CHAIN KIT 50S CHRISTMAS,18,2024-02-10,40.67,10139
INV705407,S0017,PAPER CHAIN KIT 50S CHRISTMAS,18,2024-06-01,45.36,10186
INV205314,S0009,JAM MAKING SET WITH JARS,13,2024-01-21,15.94,10185
INV197483,S0013,BATH BUILDING BLOCK WORD,11,2024-05-17,37.18,10205
INV172087,S0004,LUNCH BAG RED RETROSPOT,4,2024-10-28,0.7,10260
INV144590,S0015,SET 2 TEA TOWELS I LOVE LONDON,16,2024-07-03,20.6,10214
INV377120,S0003,PARTY BUNTING,6,2024-10-29,47.01,10256
INV185992,S0007,KNITTED UNION FLAG HOT WATER BOTTLE,11,2024-03-27,9.66,10135
INV834734,S0018,BROCADE RING PURSE,4,2024-11-18,40.71,10061
INV329027,S0015,SET 2 TEA TOWELS I LOVE LONDON,5,2024-03-27,37.02,10088
INV350176,S0016,VINTAGE BILLBOARD DRINK ME MUG,14,2024-01-03,34.23,10207
INV704704,S0008,CREAM CUPID HEARTS COAT HANGER,7,2024-09-09,27.6,10129
INV550597,S0001,REGENCY CAKESTAND 3 TIER,7,2024-11-09,33.51,10003
INV965101,S0006,WOODEN PICTURE FRAME WHITE FINISH,17,2024-05-29,17.54,10242
INV719467,S0012,SPOTTY BUNTING,14,2024-10-23,14.74,10121
INV746326,S0007,KNITTED UNION FLAG HOT WATER BOTTLE,4,2024-12-27,21.3,10102
INV621852,S0019,MINI PAINT SET VINTAGE,1,2024-02-28,20.57,10038
INV883061,S0006,WOODEN PICTURE FRAME WHITE FINISH,9,2024-12-19,6.85,10133
INV954008,S0005,SET OF 3 CAKE TINS PANTRY DESIGN,19,2024-03-02,48.38,10202
INV238882,S0007,KNITTED UNION FLAG HOT WATER BOTTLE,2,2024-04-28,49.91,10021
INV866773,S0001,REGENCY CAKESTAND 3 TIER,3,2024-12-16,20.04,10242
INV389982,S0006,WOODEN PICTURE FRAME WHITE FINISH,4,2024-10-21,0.64,10109
INV852076,S0006,WOODEN PICTURE FRAME WHITE FINISH,4,2024-12-22,1.18,10084
INV457938,S0003,PARTY BUNTING,7,2024-08-16,7.65,10083
INV486669,S0003,PARTY BUNTING,11,2024-07-29,19.25,10291
INV813361,S0016,VINTAGE BILLBOARD DRINK ME MUG,9,2024-08-15,33.32,10069
INV316826,S0004,LUNCH BAG RED RETROSPOT,13,2024-06-29,9.81,10129
INV613711,S0007,KNITTED UNION FLAG HOT WATER BOTTLE,16,2024-05-20,22.15,10196
INV103205,S0008,CREAM CUPID HEARTS COAT HANGER,14,2024-08-25,8.35,10140
INV884674,S0001,REGENCY CAKESTAND 3 TIER,15,2024-09-25,14.81,10283
INV215780,S0013,BATH BUILDING BLOCK WORD,10,2024-03-13,14.53,10234
INV546853,S0005,SET OF 3 CAKE TINS PANTRY DESIGN,1,2024-08-30,39.39,10023
INV168466,S0016,VINTAGE BILLBOARD DRINK ME MUG,19,2024-08-20,17.72,10153
INV571170,S0007,KNITTED UNION FLAG HOT WATER BOTTLE,7,2024-12-18,43.26,10277
INV509568,S0015,SET 2 TEA TOWELS I LOVE LONDON,9,2024-03-23,24.28,10061
INV239970,S0014,DOORMAT NEW ENGLAND,1,2024-04-30,32.44,10052
INV329504,S0012,SPOTTY BUNTING,18,2024-09-17,32.27,10153
INV215159,S0004,LUNCH BAG RED RETROSPOT,9,2024-07-08,26.34,10237
INV385015,S0003,PARTY BUNTING,17,2024-06-07,37.45,10032
INV166026,S0000,WHITE HANGING HEART T-LIGHT HOLDER,19,2024-02-24,12.44,10055
INV364344,S0009,JAM MAKING SET WITH JARS,8,2024-12-08,46.6,10036
INV702316,S0019,MINI PAINT SET VINTAGE,17,2024-04-03,31.56,10110
INV103534,S0016,VINTAGE BILLBOARD DRINK ME MUG,5,2024-01-11,16.71,10177
INV540114,S0017,PAPER CHAIN KIT 50S CHRISTMAS,19,2024-06-23,0.57,10295
INV296473,S0006,WOODEN PICTURE FRAME WHITE FINISH,4,2024-06-05,36.18,10097
INV363368,S0013,BATH BUILDING BLOCK WORD,9,2024-10-27,10.37,10213
INV802374,S0012,SPOTTY BUNTING,20,2024-10-16,28.42,10137
INV498376,S0003,PARTY BUNTING,16,2024-11-15,10.22,10006
INV440488,S0007,KNITTED UNION FLAG HOT WATER BOTTLE,2,2024-06-21,18.17,10109
INV658352,S0007,KNITTED UNION FLAG HOT WATER BOTTLE,11,2024-09-09,11.77,10035
INV117229,S0017,PAPER CHAIN KIT 50S CHRISTMAS,3,2024-02-22,28.48,10039
INV342540,S0004,LUNCH BAG RED RETROSPOT,14,2024-01-23,10.65,10150
INV660967,S0013,BATH BUILDING BLOCK WORD,3,2024-02-22,34.21,10118
INV562716,S0017,PAPER CHAIN KIT 50S CHRISTMAS,5,2024-04-23,37.03,10261
INV488892,S0006,WOODEN PICTURE FRAME WHITE FINISH,4,2024-01-19,13.19,10087
INV529012,S0018,BROCADE RING PURSE,4,2024-05-23,32.33,10076
INV319240,S0014,DOORMAT NEW ENGLAND,3,2024-06-23,46.22,10214
INV224548,S0019,MINI PAINT SET VINTAGE,3,2024-05-08,39.66,10285
INV882675,S0017,PAPER CHAIN KIT 50S CHRISTMAS,8,2024-01-23,24.06,10239
INV667358,S0008,CREAM CUPID HEARTS COAT HANGER,6,2024-12-02,37.99,10165
INV982950,S0000,WHITE HANGING HEART T-LIGHT HOLDER,16,2024-04-20,39.89,10087
INV204955,S0010,RED WOOLLY HOTTIE WHITE HEART,3,2024-09-14,29.35,10141
INV391158,S0018,BROCADE RING PURSE,1,2024-08-06,34.97,10160
INV889921,S0011,ALARM CLOCK BAKELIKE GREEN,15,2024-10-11,34.95,10046
INV874793,S0000,WHITE HANGING HEART T-LIGHT HOLDER,4,2024-11-17,28.8,10112
INV301897,S0008,CREAM CUPID HEARTS COAT HANGER,6,2024-03-21,12.09,10045
INV868019,S0001,REGENCY CAKESTAND 3 TIER,6,2024-04-10,41.45,10247
INV239070,S0006,WOODEN PICTURE FRAME WHITE FINISH,10,2024-08-23,3.53,10104
INV336585,S0014,DOORMAT NEW ENGLAND,20,2024-03-09,2.06,10085
INV484452,S0006,WOODEN PICTURE FRAME WHITE FINISH,10,2024-12-17,21.88,10134
INV974113,S0002,JUMBO BAG RED RETROSPOT,6,2024-08-30,19.22,10108
INV492729,S0005,SET OF 3 CAKE TINS PANTRY DESIGN,2,2024-09-29,9.17,10018
INV213796,S0013,BATH BUILDING BLOCK WORD,3,2024-03-21,10.98,10094
INV535214,S0004,LUNCH BAG RED RETROSPOT,4,2024-08-10,11.85,10150
INV379068,S0005,SET OF 3 CAKE TINS PANTRY DESIGN,17,2024-10-11,44.25,10246
INV720424,S0016,VINTAGE BILLBOARD DRINK ME MUG,19,2024-06-17,44.38,10289
INV969034,S0005,SET OF 3 CAKE TINS PANTRY DESIGN,20,2024-09-29,33.2,10209
INV570872,S0006,WOODEN PICTURE FRAME WHITE FINISH,14,2024-03-29,30.74,10126
INV392736,S0014,DOORMAT NEW ENGLAND,11,2024-05-13,30.51,10235
INV305803,S0000,WHITE HANGING HEART T-LIGHT HOLDER,13,2024-05-31,19.09,10122
INV587449,S0017,PAPER CHAIN KIT 50S CHRISTMAS,3,2024-10-24,6.21,10138
INV156405,S0004,LUNCH BAG RED RETROSPOT,8,2024-12-24,26.91,10115
INV687270,S0003,PARTY BUNTING,16,2024-07-21,45.51,10162
INV847056,S0018,BROCADE RING PURSE,5,2024-01-28,26.14,10201
INV343060,S0017,PAPER CHAIN KIT 50S CHRISTMAS,5,2024-05-03,45.45,10234
INV999996,S0016,VINTAGE BILLBOARD DRINK ME MUG,20,2024-10-05,44.28,10028
INV665185,S0007,KNITTED UNION FLAG HOT WATER BOTTLE,18,2024-02-12,17.29,10011
INV198080,S0017,PAPER CHAIN KIT 50S CHRISTMAS,9,2024-05-13,16.94,10206
INV968336,S0004,LUNCH BAG RED RETROSPOT,6,2024-01-23,21.67,10167
INV246499,S0006,WOODEN PICTURE FRAME WHITE FINISH,8,2024-12-23,31.99,10247
INV255002,S0016,VINTAGE BILLBOARD DRINK ME MUG,20,2024-08-14,4.04,10047
INV184050,S0017,PAPER CHAIN KIT 50S CHRISTMAS,11,2024-08-23,8.65,10246
INV988380,S0008,CREAM CUPID HEARTS COAT HANGER,11,2024-01-16,2.14,10127
INV917939,S0000,WHITE HANGING HEART T-LIGHT HOLDER,1,2024-12-06,34.7,10147
INV187696,S0000,WHITE HANGING HEART T-LIGHT HOLDER,11,2024-03-25,38.0,10118
INV185000,S0018,BROCADE RING PURSE,3,2024-12-18,9.93,10152
INV560302,S0003,PARTY BUNTING,18,2024-11-27,18.89,10072
INV127096,S0019,MINI PAINT SET VINTAGE,5,2024-06-29,15.99,10137
INV933292,S0003,PARTY BUNTING,17,2024-11-26,14.85,10175
INV373472,S0009,JAM MAKING SET WITH JARS,6,2024-02-13,27.52,10289
INV729510,S0004,LUNCH BAG RED RETROSPOT,19,2024-10-03,24.1,10019
INV647589,S0015,SET 2 TEA TOWELS I LOVE LONDON,3,2024-03-18,9.2,10195
INV625772,S0009,JAM MAKING SET WITH JARS,20,2024-01-22,16.05,10175
INV142344,S0015,SET 2 TEA TOWELS I LOVE LONDON,17,2024-08-10,23.63,10141
INV728318,S0001,REGENCY CAKESTAND 3 TIER,2,2024-01-02,33.27,10246
INV496252,S0007,KNITTED UNION FLAG HOT WATER BOTTLE,12,2024-11-21,17.4,10093
INV859063,S0011,ALARM CLOCK BAKELIKE GREEN,17,2024-05-20,26.74,10239
INV496069,S0012,SPOTTY BUNTING,19,2024-03-03,12.17,10205
INV936449,S0004,LUNCH BAG RED RETROSPOT,9,2024-09-18,11.78,10048
INV487518,S0010,RED WOOLLY HOTTIE WHITE HEART,2,2024-07-06,15.85,10245
INV923278,S0005,SET OF 3 CAKE TINS PANTRY DESIGN,19,2024-07-11,36.62,10295
INV848985,S0017,PAPER CHAIN KIT 50S CHRISTMAS,2,2024-11-16,23.75,10128
INV318016,S0013,BATH BUILDING BLOCK WORD,8,2024-07-29,30.3,10282
INV685380,S0019,MINI PAINT SET VINTAGE,15,2024-11-12,18.08,10017
INV909884,S0000,WHITE HANGING HEART T-LIGHT HOLDER,20,2024-11-21,47.68,10071
INV293741,S0016,VINTAGE BILLBOARD DRINK ME MUG,5,2024-02-03,3.51,10269
INV228356,S0001,REGENCY CAKESTAND 3 TIER,13,2024-05-09,41.83,10282
INV682791,S0003,PARTY BUNTING,17,2024-01-03,13.45,10007
INV998572,S0008,CREAM CUPID HEARTS COAT HANGER,6,2024-10-07,47.45,10103
INV361111,S0015,SET 2 TEA TOWELS I LOVE LONDON,17,2024-04-09,19.22,10193
INV653985,S0006,WOODEN PICTURE FRAME WHITE FINISH,3,2024-07-23,13.76,10241
INV805691,S0004,LUNCH BAG RED RETROSPOT,3,2024-03-13,34.98,10062
INV810832,S0019,MINI PAINT SET VINTAGE,10,2024-03-28,26.33,10017
INV527442,S0009,JAM MAKING SET WITH JARS,10,2024-03-22,1.53,10171
INV893226,S0013,BATH BUILDING BLOCK WORD,5,2024-07-07,36.25,10025
INV551819,S0016,VINTAGE BILLBOARD DRINK ME MUG,7,2024-02-23,15.82,10251
INV186159,S0008,CREAM CUPID HEARTS COAT HANGER,15,2024-01-21,41.19,10253
INV762314,S0009,JAM MAKING SET WITH JARS,13,2024-03-21,18.06,10207
INV894462,S0011,ALARM CLOCK BAKELIKE GREEN,10,2024-01-22,9.74,10029
INV856153,S0007,KNITTED UNION FLAG HOT WATER BOTTLE,12,2024-06-23,27.4,10117
INV408106,S0005,SET OF 3 CAKE TINS PANTRY DESIGN,7,2024-01-12,33.6,10282
INV495597,S0015,SET 2 TEA TOWELS I LOVE LONDON,10,2024-07-29,39.71,10144
INV637898,S0009,JAM MAKING SET WITH JARS,19,2024-09-28,25.51,10025
INV909539,S0000,WHITE HANGING HEART T-LIGHT HOLDER,8,2024-02-25,18.73,10156
INV831283,S0017,PAPER CHAIN KIT 50S CHRISTMAS,17,2024-09-22,9.33,10073
INV447656,S0008,CREAM CUPID HEARTS COAT HANGER,5,2024-08-26,30.7,10120
INV806402,S0001,REGENCY CAKESTAND 3 TIER,11,2024-01-20,14.84,10093
INV994399,S0001,REGENCY CAKESTAND 3 TIER,10,2024-05-02,10.63,10086
INV319086,S0006,WOODEN PICTURE FRAME WHITE FINISH,12,2024-04-09,41.51,10118
INV715641,S0008,CREAM CUPID HEARTS COAT HANGER,11,2024-12-28,6.55,10233
INV945891,S0007,KNITTED UNION FLAG HOT WATER BOTTLE,5,2024-02-22,4.96,10199
INV576833,S0019,MINI PAINT SET VINTAGE,17,2024-08-26,36.2,10206
INV670821,S0003,PARTY BUNTING,2,2024-11-06,48.79,10147
INV722138,S0007,KNITTED UNION FLAG HOT WATER BOTTLE,3,2024-11-19,34.1,10271
INV327312,S0015,SET 2 TEA TOWELS I LOVE LONDON,5,2024-07-26,32.38,10139
INV141115,S0007,KNITTED UNION FLAG HOT WATER BOTTLE,14,2024-01-18,36.31,10181
INV886476,S0002,JUMBO BAG RED RETROSPOT,20,2024-09-15,25.08,10030
INV508253,S0010,RED WOOLLY HOTTIE WHITE HEART,4,2024-08-24,48.06,10057
INV916749,S0013,BATH BUILDING BLOCK WORD,18,2024-09-25,44.65,10232
INV293807,S0000,WHITE HANGING HEART T-LIGHT HOLDER,7,2024-01-14,49.86,10146
INV714560,S0000,WHITE HANGING HEART T-LIGHT HOLDER,4,2024-06-20,39.04,10048
INV676444,S0003,PARTY BUNTING,5,2024-11-01,26.43,10194
INV356257,S0000,WHITE HANGING HEART T-LIGHT HOLDER,13,2024-06-19,23.88,10224
INV376705,S0015,SET 2 TEA TOWELS I LOVE LONDON,10,2024-11-01,6.43,10136
INV103223,S0013,BATH BUILDING BLOCK WORD,20,2024-12-14,11.08,10022
INV739361,S0011,ALARM CLOCK BAKELIKE GREEN,12,2024-03-09,44.35,10006
INV426346,S0002,JUMBO BAG RED RETROSPOT,20,2024-02-06,40.52,10204
INV770342,S0016,VINTAGE BILLBOARD DRINK ME MUG,19,2024-05-26,5.89,10239
INV336814,S0009,JAM MAKING SET WITH JARS,8,2024-07-22,26.73,10185
INV978775,S0010,RED WOOLLY HOTTIE WHITE HEART,1,2024-10-27,7.4,10292
INV304163,S0013,BATH BUILDING BLOCK WORD,6,2024-03-21,47.11,10220
INV731205,S0019,MINI PAINT SET VINTAGE,17,2024-03-16,4.14,10116
INV388379,S0014,DOORMAT NEW ENGLAND,11,2024-06-21,21.2,10049
INV367541,S0002,JUMBO BAG RED RETROSPOT,2,2024-12-22,37.43,10173
INV236369,S0009,JAM MAKING SET WITH JARS,17,2024-10-01,20.66,10082
INV969880,S0001,REGENCY CAKESTAND 3 TIER,12,2024-11-18,1.55,10045
INV349192,S0010,RED WOOLLY HOTTIE WHITE HEART,16,2024-07-21,21.72,10020
INV644566,S0001,REGENCY CAKESTAND 3 TIER,4,2024-02-29,37.44,10221
INV918210,S0013,BATH BUILDING BLOCK WORD,1,2024-01-22,47.22,10123
INV645528,S0001,REGENCY CAKESTAND 3 TIER,7,2024-07-03,19.83,10234
INV192672,S0019,MINI PAINT SET VINTAGE,1,2024-07-16,8.12,10221
INV176209,S0014,DOORMAT NEW ENGLAND,11,2024-04-18,5.45,10003
INV904881,S0005,SET OF 3 CAKE TINS PANTRY DESIGN,7,2024-05-10,44.93,10182
INV154580,S0011,ALARM CLOCK BAKELIKE GREEN,14,2024-09-17,27.74,10206
INV699828,S0013,BATH BUILDING BLOCK WORD,4,2024-09-05,31.51,10040
INV545092,S0015,SET 2 TEA TOWELS I LOVE LONDON,18,2024-11-25,45.17,10059
INV321101,S0019,MINI PAINT SET VINTAGE,17,2024-05-15,14.87,10062
INV221455,S0001,REGENCY CAKESTAND 3 TIER,8,2024-06-04,44.87,10132
INV932371,S0000,WHITE HANGING HEART T-LIGHT HOLDER,17,2024-08-17,39.12,10060
INV412937,S0010,RED WOOLLY HOTTIE WHITE HEART,8,2024-09-01,43.21,10122
INV872442,S0017,PAPER CHAIN KIT 50S CHRISTMAS,17,2024-03-10,20.67,10107
INV345101,S0006,WOODEN PICTURE FRAME WHITE FINISH,12,2024-11-10,36.33,10096
INV207452,S0001,REGENCY CAKESTAND 3 TIER,12,2024-08-19,34.71,10235
INV735103,S0000,WHITE HANGING HEART T-LIGHT HOLDER,2,2024-09-16,18.73,10062
INV709058,S0018,BROCADE RING PURSE,3,2024-05-28,14.65,10256
INV116539,S0005,SET OF 3 CAKE TINS PANTRY DESIGN,15,2024-05-10,29.35,10049
INV522424,S0005,SET OF 3 CAKE TINS PANTRY DESIGN,20,2024-12-27,28.85,10159
INV903868,S0013,BATH BUILDING BLOCK WORD,20,2024-10-20,40.5,10124
INV970613,S0009,JAM MAKING SET WITH JARS,18,2024-11-24,30.43,10207
INV882257,S0019,MINI PAINT SET VINTAGE,15,2024-02-15,44.51,10048
INV252233,S0009,JAM MAKING SET WITH JARS,18,2024-07-06,29.17,10136
INV360257,S0018,BROCADE RING PURSE,5,2024-06-18,28.48,10201
INV122306,S0009,JAM MAKING SET WITH JARS,17,2024-06-07,28.69,10250
INV283630,S0006,WOODEN PICTURE FRAME WHITE FINISH,7,2024-02-25,9.66,10295
INV408733,S0007,KNITTED UNION FLAG HOT WATER BOTTLE,5,2024-08-08,20.51,10209
INV157433,S0017,PAPER CHAIN KIT 50S CHRISTMAS,14,2024-11-14,35.13,10211
INV595952,S0017,PAPER CHAIN KIT 50S CHRISTMAS,5,2024-07-22,32.19,10192
INV900893,S0014,DOORMAT NEW ENGLAND,14,2024-01-16,32.28,10044
INV885673,S0005,SET OF 3 CAKE TINS PANTRY DESIGN,7,2024-06-07,28.3,10029
INV645252,S0007,KNITTED UNION FLAG HOT WATER BOTTLE,20,2024-04-22,16.63,10059
INV479376,S0019,MINI PAINT SET VINTAGE,8,2024-09-23,7.36,10071
INV893784,S0017,PAPER CHAIN KIT 50S CHRISTMAS,1,2024-05-25,41.49,10092
INV527265,S0011,ALARM CLOCK BAKELIKE GREEN,4,2024-03-13,45.16,10265
INV739638,S0018,BROCADE RING PURSE,14,2024-06-23,1.98,10220
INV525964,S0004,LUNCH BAG RED RETROSPOT,19,2024-07-02,27.45,10215
INV555234,S0004,LUNCH BAG RED RETROSPOT,9,2024-02-17,39.29,10277
INV700743,S0012,SPOTTY BUNTING,13,2024-06-25,20.64,10064
INV969494,S0002,JUMBO BAG RED RETROSPOT,7,2024-01-08,28.31,10292
INV203025,S0013,BATH BUILDING BLOCK WORD,5,2024-04-07,40.46,10245
INV699268,S0010,RED WOOLLY HOTTIE WHITE HEART,11,2024-03-02,12.97,10062
INV914972,S0006,WOODEN PICTURE FRAME WHITE FINISH,9,2024-07-23,27.3,10170
INV716155,S0007,KNITTED UNION FLAG HOT WATER BOTTLE,10,2024-09-17,13.96,10269
INV996151,S0001,REGENCY CAKESTAND 3 TIER,1,2024-03-25,24.18,10267
INV101025,S0007,KNITTED UNION FLAG HOT WATER BOTTLE,1,2024-12-07,42.68,10054
INV729557,S0013,BATH BUILDING BLOCK WORD,13,2024-07-18,3.6,10016
INV222456,S0001,REGENCY CAKESTAND 3 TIER,13,2024-09-14,10.5,10008
INV800779,S0002,JUMBO BAG RED RETROSPOT,7,2024-11-09,17.07,10104
INV150243,S0000,WHITE HANGING HEART T-LIGHT HOLDER,3,2024-07-11,26.63,10059
INV779776,S0019,MINI PAINT SET VINTAGE,9,2024-02-11,15.01,10040
INV176716,S0019,MINI PAINT SET VINTAGE,11,2024-01-28,22.93,10237
INV760117,S0005,SET OF 3 CAKE TINS PANTRY DESIGN,17,2024-04-10,43.66,10094
INV773262,S0014,DOORMAT NEW ENGLAND,14,2024-11-17,7.61,10222
INV331222,S0011,ALARM CLOCK BAKELIKE GREEN,9,2024-05-18,1.33,10204
INV562054,S0015,SET 2 TEA TOWELS I LOVE LONDON,15,2024-11-02,14.43,10138
INV161008,S0005,SET OF 3 CAKE TINS PANTRY DESIGN,15,2024-03-12,36.44,10300
INV804007,S0013,BATH BUILDING BLOCK WORD,5,2024-11-01,7.29,10207
INV682446,S0000,WHITE HANGING HEART T-LIGHT HOLDER,3,2024-09-08,36.39,10081
INV503149,S0015,SET 2 TEA TOWELS I LOVE LONDON,2,2024-03-23,28.49,10218
INV170038,S0019,MINI PAINT SET VINTAGE,9,2024-01-12,20.17,10002
INV807403,S0016,VINTAGE BILLBOARD DRINK ME MUG,18,2024-05-14,3.82,10178
INV308078,S0006,WOODEN PICTURE FRAME WHITE FINISH,7,2024-08-20,11.99,10279
INV429462,S0004,LUNCH BAG RED RETROSPOT,12,2024-03-28,10.53,10146
INV213994,S0012,SPOTTY BUNTING,15,2024-10-05,46.39,10224
INV111158,S0014,DOORMAT NEW ENGLAND,7,2024-03-25,34.06,10062
INV732214,S0002,JUMBO BAG RED RETROSPOT,6,2024-01-01,19.3,10294
INV886786,S0007,KNITTED UNION FLAG HOT WATER BOTTLE,14,2024-05-01,41.35,10239
INV238785,S0010,RED WOOLLY HOTTIE WHITE HEART,15,2024-09-10,27.53,10195
INV494244,S0011,ALARM CLOCK BAKELIKE GREEN,4,2024-04-07,11.3,10166
INV800318,S0002,JUMBO BAG RED RETROSPOT,18,2024-05-31,15.7,10222
INV151573,S0018,BROCADE RING PURSE,6,2024-10-23,16.49,10061
INV514804,S0004,LUNCH BAG RED RETROSPOT,10,2024-09-18,2.63,10129
INV552103,S0003,PARTY BUNTING,9,2024-05-25,49.75,10173
INV573682,S0007,KNITTED UNION FLAG HOT WATER BOTTLE,7,2024-12-15,12.88,10156
INV517710,S0003,PARTY BUNTING,16,2024-09-30,5.86,10110
INV585705,S0004,LUNCH BAG RED RETROSPOT,16,2024-12-07,25.91,10269
INV178830,S0005,SET OF 3 CAKE TINS PANTRY DESIGN,1,2024-03-23,32.13,10278
INV960498,S0015,SET 2 TEA TOWELS I LOVE LONDON,19,2024-10-01,41.45,10074
INV758784,S0003,PARTY BUNTING,7,2024-05-13,26.21,10207
INV279956,S0013,BATH BUILDING BLOCK WORD,19,2024-10-06,17.34,10279
INV922497,S0015,SET 2 TEA TOWELS I LOVE LONDON,20,2024-08-12,12.08,10204
INV966473,S0013,BATH BUILDING BLOCK WORD,8,2024-10-03,12.53,10161
INV989272,S0003,PARTY BUNTING,17,2024-03-31,27.4,10028
INV528264,S0010,RED WOOLLY HOTTIE WHITE HEART,1,2024-06-22,11.83,10257
INV874672,S0014,DOORMAT NEW ENGLAND,1,2024-09-09,39.39,10165
INV671052,S0018,BROCADE RING PURSE,14,2024-07-25,34.2,10063
INV575606,S0003,PARTY BUNTING,16,2024-12-24,3.52,10022
INV347411,S0015,SET 2 TEA TOWELS I LOVE LONDON,13,2024-09-22,39.1,10070
INV930895,S0004,LUNCH BAG RED RETROSPOT,1,2024-07-05,38.34,10096
INV666881,S0012,SPOTTY BUNTING,5,2024-02-13,33.12,10163
INV289214,S0005,SET OF 3 CAKE TINS PANTRY DESIGN,8,2024-11-18,17.79,10079
INV190375,S0005,SET OF 3 CAKE TINS PANTRY DESIGN,13,2024-12-13,43.74,10005
INV115552,S0011,ALARM CLOCK BAKELIKE GREEN,11,2024-10-03,49.45,10120
INV820106,S0003,PARTY BUNTING,9,2024-07-26,28.69,10178
INV648234,S0002,JUMBO BAG RED RETROSPOT,6,2024-02-07,49.09,10176
INV443295,S0004,LUNCH BAG RED RETROSPOT,19,2024-07-22,48.46,10217
INV141350,S0019,MINI PAINT SET VINTAGE,18,2024-10-29,26.95,10056
INV346645,S0008,CREAM CUPID HEARTS COAT HANGER,14,2024-11-15,30.64,10187
INV921401,S0009,JAM MAKING SET WITH JARS,18,2024-01-09,47.68,10232
INV139623,S0004,LUNCH BAG RED RETROSPOT,11,2024-01-18,47.59,10255
INV794486,S0007,KNITTED UNION FLAG HOT WATER BOTTLE,18,2024-08-09,48.76,10104
INV851567,S0019,MINI PAINT SET VINTAGE,9,2024-09-16,48.47,10077
INV412619,S0004,LUNCH BAG RED RETROSPOT,20,2024-06-21,42.38,10230
INV637086,S0019,MINI PAINT SET VINTAGE,18,2024-11-18,3.77,10258
INV397340,S0002,JUMBO BAG RED RETROSPOT,12,2024-08-19,31.49,10264
INV580127,S0016,VINTAGE BILLBOARD DRINK ME MUG,2,2024-12-21,32.91,10182
INV474276,S0002,JUMBO BAG RED RETROSPOT,6,2024-04-30,44.81,10256
INV569320,S0012,SPOTTY BUNTING,13,2024-09-01,10.2,10038
INV127491,S0005,SET OF 3 CAKE TINS PANTRY DESIGN,20,2024-08-19,14.11,10176
INV743851,S0002,JUMBO BAG RED RETROSPOT,3,2024-11-17,33.35,10027
INV618938,S0014,DOORMAT NEW ENGLAND,20,2024-09-29,24.88,10276
INV257199,S0017,PAPER CHAIN KIT 50S CHRISTMAS,20,2024-10-21,45.81,10140
INV621379,S0016,VINTAGE BILLBOARD DRINK ME MUG,5,2024-03-07,16.35,10299
INV305681,S0018,BROCADE RING PURSE,16,2024-01-20,39.63,10287
INV433713,S0017,PAPER CHAIN KIT 50S CHRISTMAS,17,2024-01-01,20.23,10091
INV815484,S0005,SET OF 3 CAKE TINS PANTRY DESIGN,8,2024-07-07,3.07,10061
INV131350,S0008,CREAM CUPID HEARTS COAT HANGER,12,2024-07-18,19.36,10163
INV447998,S0019,MINI PAINT SET VINTAGE,15,2024-10-18,2.4,10143
INV276076,S0003,PARTY BUNTING,9,2024-10-04,9.21,10253
INV993891,S0010,RED WOOLLY HOTTIE WHITE HEART,12,2024-05-17,12.93,10269
INV512272,S0016,VINTAGE BILLBOARD DRINK ME MUG,15,2024-10-30,20.01,10291
INV470168,S0004,LUNCH BAG RED RETROSPOT,20,2024-05-30,9.69,10187
INV764743,S0007,KNITTED UNION FLAG HOT WATER BOTTLE,5,2024-12-15,26.87,10291
INV987874,S0018,BROCADE RING PURSE,9,2024-07-19,41.6,10086
INV304019,S0007,KNITTED UNION FLAG HOT WATER BOTTLE,18,2024-10-20,46.76,10166
INV524569,S0010,RED WOOLLY HOTTIE WHITE HEART,6,2024-05-13,4.44,10114
INV295666,S0010,RED WOOLLY HOTTIE WHITE HEART,18,2024-06-21,36.26,10183
INV286540,S0015,SET 2 TEA TOWELS I LOVE LONDON,11,2024-07-18,8.8,10207
INV280205,S0018,BROCADE RING PURSE,13,2024-10-28,11.47,10256
INV460002,S0007,KNITTED UNION FLAG HOT WATER BOTTLE,17,2024-11-07,39.19,10235
INV207186,S0011,ALARM CLOCK BAKELIKE GREEN,8,2024-09-15,5.76,10003
INV487167,S0012,SPOTTY BUNTING,12,2024-01-14,47.61,10208
INV644142,S0015,SET 2 TEA TOWELS I LOVE LONDON,9,2024-07-16,47.5,10197
INV440133,S0017,PAPER CHAIN KIT 50S CHRISTMAS,1,2024-11-08,16.36,10125
INV910552,S0015,SET 2 TEA TOWELS I LOVE LONDON,10,2024-05-13,11.6,10138
INV421513,S0006,WOODEN PICTURE FRAME WHITE FINISH,20,2024-03-02,43.95,10025
INV964371,S0016,VINTAGE BILLBOARD DRINK ME MUG,19,2024-02-08,46.35,10068
INV604592,S0003,PARTY BUNTING,20,2024-09-04,8.66,10061
INV646877,S0006,WOODEN PICTURE FRAME WHITE FINISH,11,2024-10-24,12.18,10029
INV190188,S0001,REGENCY CAKESTAND 3 TIER,12,2024-04-17,20.03,10019
INV441045,S0002,JUMBO BAG RED RETROSPOT,10,2024-08-20,5.82,10171
INV312123,S0010,RED WOOLLY HOTTIE WHITE HEART,4,2024-04-20,36.58,10074
INV749466,S0011,ALARM CLOCK BAKELIKE GREEN,7,2024-08-02,24.05,10061
INV202108,S0016,VINTAGE BILLBOARD DRINK ME MUG,8,2024-08-06,22.64,10153
INV148016,S0010,RED WOOLLY HOTTIE WHITE HEART,1,2024-11-13,13.65,10276
INV830989,S0004,LUNCH BAG RED RETROSPOT,4,2024-05-25,47.54,10048
INV136901,S0002,JUMBO BAG RED RETROSPOT,12,2024-03-31,23.1,10211
INV654919,S0019,MINI PAINT SET VINTAGE,4,2024-12-22,29.79,10139
INV688760,S0015,SET 2 TEA TOWELS I LOVE LONDON,2,2024-11-05,36.76,10110
INV894573,S0004,LUNCH BAG RED RETROSPOT,16,2024-01-04,13.95,10183
INV346425,S0004,LUNCH BAG RED RETROSPOT,17,2024-09-26,28.11,10028
INV521730,S0011,ALARM CLOCK BAKELIKE GREEN,6,2024-03-11,46.79,10197
INV948400,S0017,PAPER CHAIN KIT 50S CHRISTMAS,14,2024-08-01,3.39,10191
INV910471,S0010,RED WOOLLY HOTTIE WHITE HEART,19,2024-09-16,21.07,10051
INV665093,S0014,DOORMAT NEW ENGLAND,15,2024-05-23,15.28,10149
INV244933,S0005,SET OF 3 CAKE TINS PANTRY DESIGN,16,2024-12-27,17.23,10268
INV876787,S0010,RED WOOLLY HOTTIE WHITE HEART,9,2024-10-04,31.79,10050
INV542461,S0018,BROCADE RING PURSE,12,2024-06-11,39.49,10246
INV402024,S0019,MINI PAINT SET VINTAGE,6,2024-09-14,6.88,10113
INV224421,S0019,MINI PAINT SET VINTAGE,3,2024-12-20,21.69,10170
INV126629,S0010,RED WOOLLY HOTTIE WHITE HEART,5,2024-01-04,44.18,10166
INV263518,S0001,REGENCY CAKESTAND 3 TIER,10,2024-07-09,32.14,10014
INV778785,S0018,BROCADE RING PURSE,8,2024-02-07,47.94,10203
INV773867,S0004,LUNCH BAG RED RETROSPOT,4,2024-06-15,43.49,10288
INV318464,S0002,JUMBO BAG RED RETROSPOT,1,2024-06-14,17.33,10189
INV647133,S0001,REGENCY CAKESTAND 3 TIER,7,2024-11-20,31.83,10155
INV874011,S0017,PAPER CHAIN KIT 50S CHRISTMAS,6,2024-12-15,5.47,10055
INV398176,S0009,JAM MAKING SET WITH JARS,17,2024-09-25,31.04,10182
INV714920,S0012,SPOTTY BUNTING,20,2024-09-08,7.63,10210
INV543623,S0007,KNITTED UNION FLAG HOT WATER BOTTLE,15,2024-11-22,39.55,10075
INV774387,S0009,JAM MAKING SET WITH JARS,14,2024-03-17,37.47,10277
INV484087,S0004,LUNCH BAG RED RETROSPOT,17,2024-12-26,8.8,10133
INV401898,S0011,ALARM CLOCK BAKELIKE GREEN,7,2024-02-05,26.53,10059
INV841936,S0005,SET OF 3 CAKE TINS PANTRY DESIGN,18,2024-02-24,36.98,10182
INV976964,S0006,WOODEN PICTURE FRAME WHITE FINISH,3,2024-03-05,10.41,10064
INV982027,S0004,LUNCH BAG RED RETROSPOT,1,2024-11-16,15.59,10260
INV161849,S0002,JUMBO BAG RED RETROSPOT,13,2024-01-05,44.33,10193
INV356637,S0016,VINTAGE BILLBOARD DRINK ME MUG,14,2024-05-14,24.73,10143
INV852400,S0006,WOODEN PICTURE FRAME WHITE FINISH,18,2024-08-25,17.58,10104
INV273077,S0017,PAPER CHAIN KIT 50S CHRISTMAS,16,2024-07-25,26.17,10214
INV797467,S0002,JUMBO BAG RED RETROSPOT,15,2024-03-31,39.45,10242
INV603399,S0011,ALARM CLOCK BAKELIKE GREEN,15,2024-06-13,13.39,10209
INV689343,S0011,ALARM CLOCK BAKELIKE GREEN,9,2024-09-04,7.22,10093
INV698966,S0004,LUNCH BAG RED RETROSPOT,2,2024-06-15,7.55,10142
INV635747,S0002,JUMBO BAG RED RETROSPOT,15,2024-07-14,45.03,10112
INV352800,S0017,PAPER CHAIN KIT 50S CHRISTMAS,4,2024-07-19,3.13,10059
INV853180,S0005,SET OF 3 CAKE TINS PANTRY DESIGN,15,2024-03-02,32.45,10043
INV166397,S0005,SET OF 3 CAKE TINS PANTRY DESIGN,15,2024-12-17,11.15,10207
INV925451,S0014,DOORMAT NEW ENGLAND,7,2024-10-16,32.94,10268
INV978560,S0005,SET OF 3 CAKE TINS PANTRY DESIGN,1,2024-06-15,9.5,10296
INV704659,S0004,LUNCH BAG RED RETROSPOT,19,2024-11-10,11.1,10118
INV279508,S0013,BATH BUILDING BLOCK WORD,4,2024-08-06,40.07,10020
INV179023,S0018,BROCADE RING PURSE,10,2024-04-30,27.88,10222
INV347940,S0004,LUNCH BAG RED RETROSPOT,6,2024-06-15,32.84,10166
INV927695,S0007,KNITTED UNION FLAG HOT WATER BOTTLE,19,2024-10-03,10.56,10131
INV423025,S0017,PAPER CHAIN KIT 50S CHRISTMAS,9,2024-08-01,6.55,10156
INV872921,S0014,DOORMAT NEW ENGLAND,16,2024-04-22,8.5,10184
INV403922,S0012,SPOTTY BUNTING,8,2024-01-11,28.77,10090
INV366229,S0008,CREAM CUPID HEARTS COAT HANGER,19,2024-09-12,30.76,10094
INV289226,S0003,PARTY BUNTING,15,2024-11-05,41.33,10013
INV560110,S0018,BROCADE RING PURSE,1,2024-04-05,28.77,10293
INV173277,S0014,DOORMAT NEW ENGLAND,6,2024-01-29,16.89,10230
INV591269,S0019,MINI PAINT SET VINTAGE,17,2024-09-11,36.08,10292
INV614145,S0006,WOODEN PICTURE FRAME WHITE FINISH,11,2024-03-11,29.19,10026
INV644153,S0017,PAPER CHAIN KIT 50S CHRISTMAS,8,2024-03-07,7.89,10075
INV241260,S0003,PARTY BUNTING,12,2024-07-22,36.6,10299
INV674598,S0001,REGENCY CAKESTAND 3 TIER,7,2024-03-29,2.36,10150
INV378199,S0001,REGENCY CAKESTAND 3 TIER,18,2024-09-07,30.53,10148
INV643816,S0014,DOORMAT NEW ENGLAND,17,2024-09-16,43.25,10008
INV466281,S0014,DOORMAT NEW ENGLAND,7,2024-12-20,37.13,10029
INV799764,S0011,ALARM CLOCK BAKELIKE GREEN,17,2024-07-01,9.64,10296
INV513501,S0017,PAPER CHAIN KIT 50S CHRISTMAS,2,2024-01-21,10.5,10209
INV416778,S0008,CREAM CUPID HEARTS COAT HANGER,8,2024-07-17,32.45,10128
INV996727,S0018,BROCADE RING PURSE,19,2024-06-13,5.92,10116
INV463737,S0002,JUMBO BAG RED RETROSPOT,6,2024-04-17,43.66,10144
INV198114,S0018,BROCADE RING PURSE,1,2024-03-17,32.32,10235
INV917071,S0005,SET OF 3 CAKE TINS PANTRY DESIGN,19,2024-06-27,33.37,10007
INV417499,S0002,JUMBO BAG RED RETROSPOT,7,2024-09-01,14.22,10045
INV302219,S0016,VINTAGE BILLBOARD DRINK ME MUG,2,2024-11-09,41.25,10239
INV704555,S0000,WHITE HANGING HEART T-LIGHT HOLDER,14,2024-08-28,4.59,10155
INV624146,S0018,BROCADE RING PURSE,3,2024-11-07,48.39,10181
INV517143,S0004,LUNCH BAG RED RETROSPOT,2,2024-11-20,7.97,10215
INV221173,S0004,LUNCH BAG RED RETROSPOT,7,2024-03-21,6.34,10088
INV530033,S0014,DOORMAT NEW ENGLAND,15,2024-12-04,7.41,10256
INV735266,S0003,PARTY BUNTING,3,2024-02-29,6.08,10073
INV209581,S0012,SPOTTY BUNTING,5,2024-04-02,2.57,10179
INV856726,S0019,MINI PAINT SET VINTAGE,2,2024-08-16,7.23,10212
INV793861,S0010,RED WOOLLY HOTTIE WHITE HEART,17,2024-08-12,46.65,10293
INV753235,S0006,WOODEN PICTURE FRAME WHITE FINISH,7,2024-01-19,15.03,10234
INV552406,S0006,WOODEN PICTURE FRAME WHITE FINISH,13,2024-06-21,10.82,10239
INV792413,S0000,WHITE HANGING HEART T-LIGHT HOLDER,6,2024-08-21,32.71,10223
INV914375,S0009,JAM MAKING SET WITH JARS,17,2024-02-23,7.91,10119
INV284693,S0009,JAM MAKING SET WITH JARS,4,2024-02-16,14.58,10264
INV816221,S0017,PAPER CHAIN KIT 50S CHRISTMAS,13,2024-11-16,26.48,10207
INV109166,S0010,RED WOOLLY HOTTIE WHITE HEART,19,2024-12-06,16.67,10095
INV257420,S0004,LUNCH BAG RED RETROSPOT,20,2024-05-26,19.09,10222
INV980794,S0000,WHITE HANGING HEART T-LIGHT HOLDER,19,2024-04-09,35.18,10276
INV466975,S0011,ALARM CLOCK BAKELIKE GREEN,13,2024-02-03,40.62,10231
INV944483,S0000,WHITE HANGING HEART T-LIGHT HOLDER,7,2024-12-07,28.66,10119
INV234430,S0011,ALARM CLOCK BAKELIKE GREEN,19,2024-09-11,41.26,10268
INV339980,S0003,PARTY BUNTING,15,2024-03-01,7.52,10273
INV544451,S0006,WOODEN PICTURE FRAME WHITE FINISH,12,2024-10-08,16.67,10064
INV506185,S0011,ALARM CLOCK BAKELIKE GREEN,10,2024-03-07,10.99,10298
INV371955,S0000,WHITE HANGING HEART T-LIGHT HOLDER,3,2024-03-20,1.77,10011
INV156429,S0015,SET 2 TEA TOWELS I LOVE LONDON,14,2024-03-04,18.41,10098
INV602593,S0005,SET OF 3 CAKE TINS PANTRY DESIGN,8,2024-10-12,25.0,10071
INV274432,S0001,REGENCY CAKESTAND 3 TIER,20,2024-11-13,3.55,10058
INV552168,S0002,JUMBO BAG RED RETROSPOT,14,2024-10-29,1.61,10290
INV236301,S0007,KNITTED UNION FLAG HOT WATER BOTTLE,5,2024-05-24,26.79,10251
INV459022,S0003,PARTY BUNTING,11,2024-05-13,47.67,10276
INV967977,S0005,SET OF 3 CAKE TINS PANTRY DESIGN,1,2024-04-23,35.21,10050
INV133956,S0009,JAM MAKING SET WITH JARS,8,2024-01-31,6.67,10216
INV480828,S0019,MINI PAINT SET VINTAGE,13,2024-09-11,28.44,10052
INV486469,S0014,DOORMAT NEW ENGLAND,14,2024-06-06,31.33,10271
INV564322,S0011,ALARM CLOCK BAKELIKE GREEN,19,2024-12-12,39.03,10084
INV490038,S0011,ALARM CLOCK BAKELIKE GREEN,10,2024-08-05,42.25,10293
INV363487,S0007,KNITTED UNION FLAG HOT WATER BOTTLE,16,2024-02-24,7.27,10126
INV584175,S0008,CREAM CUPID HEARTS COAT HANGER,14,2024-01-02,5.97,10296
INV162283,S0017,PAPER CHAIN KIT 50S CHRISTMAS,4,2024-09-20,6.57,10072
INV127939,S0006,WOODEN PICTURE FRAME WHITE FINISH,14,2024-10-10,11.88,10296
INV518002,S0014,DOORMAT NEW ENGLAND,9,2024-02-16,24.7,10236
INV641358,S0013,BATH BUILDING BLOCK WORD,2,2024-10-05,1.15,10056
INV951796,S0003,PARTY BUNTING,12,2024-08-17,5.82,10110
INV131962,S0018,BROCADE RING PURSE,4,2024-06-24,35.36,10192
INV188536,S0014,DOORMAT NEW ENGLAND,7,2024-09-17,2.6,10093
INV206604,S0014,DOORMAT NEW ENGLAND,8,2024-01-28,23.37,10056
INV448273,S0007,KNITTED UNION FLAG HOT WATER BOTTLE,3,2024-01-25,40.74,10060
INV478662,S0009,JAM MAKING SET WITH JARS,17,2024-05-21,24.86,10138
INV939937,S0006,WOODEN PICTURE FRAME WHITE FINISH,13,2024-03-30,6.15,10039
INV125994,S0006,WOODEN PICTURE FRAME WHITE FINISH,1,2024-10-16,22.04,10028
INV657519,S0011,ALARM CLOCK BAKELIKE GREEN,17,2024-12-12,18.09,10049
INV837576,S0013,BATH BUILDING BLOCK WORD,14,2024-11-01,13.06,10125
INV314498,S0000,WHITE HANGING HEART T-LIGHT HOLDER,4,2024-10-14,0.77,10013
INV803647,S0006,WOODEN PICTURE FRAME WHITE FINISH,7,2024-11-06,20.43,10036
INV366570,S0014,DOORMAT NEW ENGLAND,14,2024-07-20,22.12,10101
INV182767,S0004,LUNCH BAG RED RETROSPOT,12,2024-10-26,3.67,10282
INV971044,S0007,KNITTED UNION FLAG HOT WATER BOTTLE,5,2024-12-24,42.76,10086
INV133643,S0000,WHITE HANGING HEART T-LIGHT HOLDER,2,2024-05-16,20.45,10004
INV205032,S0013,BATH BUILDING BLOCK WORD,10,2024-06-18,31.53,10223
INV891775,S0000,WHITE HANGING HEART T-LIGHT HOLDER,3,2024-02-29,3.0,10166
INV609244,S0018,BROCADE RING PURSE,15,2024-03-04,45.74,10278
INV120602,S0001,REGENCY CAKESTAND 3 TIER,9,2024-10-26,12.18,10130
INV171245,S0017,PAPER CHAIN KIT 50S CHRISTMAS,19,2024-12-24,42.97,10031
INV702059,S0008,CREAM CUPID HEARTS COAT HANGER,1,2024-06-10,12.84,10011
INV432048,S0002,JUMBO BAG RED RETROSPOT,6,2024-01-22,13.15,10096
INV626213,S0019,MINI PAINT SET VINTAGE,2,2024-10-28,15.23,10190
INV961627,S0019,MINI PAINT SET VINTAGE,16,2024-07-21,39.27,10192
INV616763,S0016,VINTAGE BILLBOARD DRINK ME MUG,8,2024-11-27,3.72,10266
INV718992,S0014,DOORMAT NEW ENGLAND,15,2024-12-16,6.45,10128
INV500788,S0013,BATH BUILDING BLOCK WORD,20,2024-10-11,37.62,10238
INV530846,S0003,PARTY BUNTING,13,2024-02-20,7.85,10112
INV400579,S0015,SET 2 TEA TOWELS I LOVE LONDON,2,2024-09-05,24.25,10145
INV360300,S0008,CREAM CUPID HEARTS COAT HANGER,8,2024-03-30,38.23,10065
INV291905,S0013,BATH BUILDING BLOCK WORD,7,2024-12-18,48.37,10247
INV724029,S0018,BROCADE RING PURSE,10,2024-10-25,28.64,10223
INV740204,S0003,PARTY BUNTING,15,2024-01-08,3.82,10106
INV273164,S0008,CREAM CUPID HEARTS COAT HANGER,14,2024-12-04,7.41,10181
INV589966,S0006,WOODEN PICTURE FRAME WHITE FINISH,2,2024-09-20,23.31,10184
INV985261,S0017,PAPER CHAIN KIT 50S CHRISTMAS,6,2024-02-24,4.91,10226
INV981881,S0001,REGENCY CAKESTAND 3 TIER,6,2024-12-04,33.44,10265
INV761467,S0000,WHITE HANGING HEART T-LIGHT HOLDER,9,2024-02-18,42.56,10278
INV938007,S0017,PAPER CHAIN KIT 50S CHRISTMAS,3,2024-04-30,18.78,10089
INV699326,S0019,MINI PAINT SET VINTAGE,17,2024-10-31,25.47,10176
INV570370,S0018,BROCADE RING PURSE,5,2024-02-27,4.63,10018
INV123501,S0014,DOORMAT NEW ENGLAND,18,2024-09-14,31.49,10106
INV793618,S0009,JAM MAKING SET WITH JARS,17,2024-01-16,40.86,10271
INV673170,S0002,JUMBO BAG RED RETROSPOT,13,2024-05-13,15.55,10167
INV268523,S0004,LUNCH BAG RED RETROSPOT,4,2024-08-19,47.37,10013
INV647300,S0011,ALARM CLOCK BAKELIKE GREEN,17,2024-04-29,28.77,10032
INV631468,S0014,DOORMAT NEW ENGLAND,12,2024-08-12,46.66,10040
INV280958,S0017,PAPER CHAIN KIT 50S CHRISTMAS,2,2024-01-14,13.35,10148
INV539130,S0001,REGENCY CAKESTAND 3 TIER,16,2024-06-12,23.93,10218
INV969070,S0002,JUMBO BAG RED RETROSPOT,6,2024-04-06,19.32,10219
INV414106,S0002,JUMBO BAG RED RETROSPOT,20,2024-07-25,5.03,10082
INV265497,S0002,JUMBO BAG RED RETROSPOT,17,2024-09-12,33.88,10208
INV383551,S0018,BROCADE RING PURSE,6,2024-11-03,33.69,10201
INV629202,S0017,PAPER CHAIN KIT 50S CHRISTMAS,5,2024-08-25,36.45,10038
INV706701,S0012,SPOTTY BUNTING,16,2024-12-06,31.95,10211
INV145230,S0008,CREAM CUPID HEARTS COAT HANGER,19,2024-06-30,11.85,10249
INV371215,S0003,PARTY BUNTING,3,2024-10-24,21.46,10227
INV547898,S0011,ALARM CLOCK BAKELIKE GREEN,2,2024-09-10,45.03,10048
INV285628,S0007,KNITTED UNION FLAG HOT WATER BOTTLE,16,2024-05-25,33.87,10018
INV685302,S0017,PAPER CHAIN KIT 50S CHRISTMAS,8,2024-06-19,36.28,10295
INV212206,S0011,ALARM CLOCK BAKELIKE GREEN,15,2024-10-24,39.99,10196
INV290552,S0012,SPOTTY BUNTING,10,2024-11-23,2.74,10187
INV542113,S0019,MINI PAINT SET VINTAGE,10,2024-11-08,19.13,10224
INV360733,S0017,PAPER CHAIN KIT 50S CHRISTMAS,9,2024-11-09,21.75,10229
INV575067,S0008,CREAM CUPID HEARTS COAT HANGER,17,2024-06-08,8.01,10077
INV112179,S0014,DOORMAT NEW ENGLAND,5,2024-10-14,17.23,10188
INV249253,S0012,SPOTTY BUNTING,6,2024-07-01,29.21,10270
INV965620,S0007,KNITTED UNION FLAG HOT WATER BOTTLE,14,2024-05-20,27.36,10095
INV100359,S0004,LUNCH BAG RED RETROSPOT,17,2024-10-20,48.03,10132
INV378835,S0007,KNITTED UNION FLAG HOT WATER BOTTLE,18,2024-07-23,26.87,10039
INV339025,S0016,VINTAGE BILLBOARD DRINK ME MUG,20,2024-01-22,44.08,10072
INV371090,S0004,LUNCH BAG RED RETROSPOT,13,2024-09-02,7.99,10281
INV566799,S0016,VINTAGE BILLBOARD DRINK ME MUG,20,2024-10-21,3.87,10160
INV753513,S0000,WHITE HANGING HEART T-LIGHT HOLDER,3,2024-02-15,15.35,10187
INV969999,S0006,WOODEN PICTURE FRAME WHITE FINISH,4,2024-10-27,44.85,10191
INV475125,S0007,KNITTED UNION FLAG HOT WATER BOTTLE,20,2024-11-23,40.84,10120
INV849453,S0006,WOODEN PICTURE FRAME WHITE FINISH,14,2024-02-25,12.02,10220
INV854675,S0015,SET 2 TEA TOWELS I LOVE LONDON,14,2024-01-01,17.42,10053
INV145918,S0007,KNITTED UNION FLAG HOT WATER BOTTLE,9,2024-06-13,28.04,10222
INV520068,S0003,PARTY BUNTING,11,2024-12-24,1.59,10131
INV477818,S0005,SET OF 3 CAKE TINS PANTRY DESIGN,9,2024-06-03,25.03,10237
INV230620,S0008,CREAM CUPID HEARTS COAT HANGER,20,2024-02-19,21.73,10246
INV302635,S0001,REGENCY CAKESTAND 3 TIER,10,2024-05-20,1.9,10226
INV536617,S0018,BROCADE RING PURSE,13,2024-02-02,23.77,10208
INV883833,S0015,SET 2 TEA TOWELS I LOVE LONDON,3,2024-09-21,6.78,10096
INV723427,S0008,CREAM CUPID HEARTS COAT HANGER,18,2024-10-20,37.77,10200
INV673261,S0001,REGENCY CAKESTAND 3 TIER,18,2024-01-02,43.38,10247
INV973807,S0014,DOORMAT NEW ENGLAND,18,2024-03-15,5.3,10072
INV564362,S0002,JUMBO BAG RED RETROSPOT,9,2024-07-30,26.09,10185
INV925519,S0003,PARTY BUNTING,8,2024-06-16,31.32,10006
INV757027,S0012,SPOTTY BUNTING,13,2024-05-15,27.52,10206
INV795381,S0019,MINI PAINT SET VINTAGE,18,2024-11-12,40.34,10032
INV832829,S0007,KNITTED UNION FLAG HOT WATER BOTTLE,19,2024-07-21,34.98,10099
INV561736,S0017,PAPER CHAIN KIT 50S CHRISTMAS,10,2024-09-16,19.37,10256
INV822142,S0009,JAM MAKING SET WITH JARS,3,2024-06-16,17.34,10187
INV428786,S0008,CREAM CUPID HEARTS COAT HANGER,2,2024-02-26,6.64,10076
INV857471,S0004,LUNCH BAG RED RETROSPOT,20,2024-12-13,9.44,10177
INV478867,S0015,SET 2 TEA TOWELS I LOVE LONDON,8,2024-12-22,46.47,10287
INV468323,S0001,REGENCY CAKESTAND 3 TIER,4,2024-02-06,23.99,10255
INV815932,S0013,BATH BUILDING BLOCK WORD,2,2024-04-26,41.71,10190
INV889269,S0017,PAPER CHAIN KIT 50S CHRISTMAS,18,2024-07-21,10.75,10127
INV360626,S0010,RED WOOLLY HOTTIE WHITE HEART,14,2024-12-29,32.56,10287
INV639668,S0003,PARTY BUNTING,19,2024-05-13,16.72,10254
INV158522,S0019,MINI PAINT SET VINTAGE,13,2024-09-05,0.88,10213
INV722977,S0000,WHITE HANGING HEART T-LIGHT HOLDER,19,2024-06-03,40.45,10250
INV656115,S0009,JAM MAKING SET WITH JARS,19,2024-05-08,9.36,10084
INV494616,S0009,JAM MAKING SET WITH JARS,13,2024-12-15,43.33,10013
INV743186,S0017,PAPER CHAIN KIT 50S CHRISTMAS,14,2024-08-08,25.13,10045
INV442752,S0001,REGENCY CAKESTAND 3 TIER,14,2024-05-14,8.51,10127
INV430036,S0009,JAM MAKING SET WITH JARS,14,2024-07-05,24.76,10114
INV456428,S0014,DOORMAT NEW ENGLAND,18,2024-01-15,28.77,10276
INV905312,S0009,JAM MAKING SET WITH JARS,11,2024-04-23,10.02,10205
INV944381,S0016,VINTAGE BILLBOARD DRINK ME MUG,20,2024-01-15,21.54,10273
INV998668,S0007,KNITTED UNION FLAG HOT WATER BOTTLE,12,2024-05-12,40.05,10058
INV921327,S0012,SPOTTY BUNTING,5,2024-11-20,9.62,10219
INV452853,S0013,BATH BUILDING BLOCK WORD,10,2024-01-28,5.87,10109
INV732973,S0010,RED WOOLLY HOTTIE WHITE HEART,20,2024-06-26,11.83,10279
INV109600,S0001,REGENCY CAKESTAND 3 TIER,14,2024-03-23,42.85,10174
INV283404,S0003,PARTY BUNTING,5,2024-05-30,9.46,10264
INV548981,S0014,DOORMAT NEW ENGLAND,16,2024-12-21,33.0,10111
INV520726,S0009,JAM MAKING SET WITH JARS,5,2024-06-10,30.86,10187
INV129096,S0012,SPOTTY BUNTING,4,2024-02-10,9.26,10269
INV196783,S0003,PARTY BUNTING,12,2024-09-14,40.86,10229
INV659319,S0008,CREAM CUPID HEARTS COAT HANGER,17,2024-11-23,19.72,10156
INV106416,S0001,REGENCY CAKESTAND 3 TIER,18,2024-01-08,5.86,10189
INV641348,S0018,BROCADE RING PURSE,13,2024-09-03,35.69,10272
INV234062,S0017,PAPER CHAIN KIT 50S CHRISTMAS,7,2024-02-10,9.06,10002
INV475772,S0019,MINI PAINT SET VINTAGE,15,2024-01-07,46.58,10246
INV567785,S0008,CREAM CUPID HEARTS COAT HANGER,5,2024-07-28,39.73,10210
INV769614,S0005,SET OF 3 CAKE TINS PANTRY DESIGN,14,2024-02-08,7.79,10286
INV272620,S0003,PARTY BUNTING,2,2024-04-14,26.67,10013
INV871139,S0007,KNITTED UNION FLAG HOT WATER BOTTLE,16,2024-06-24,11.78,10096
INV830264,S0011,ALARM CLOCK BAKELIKE GREEN,19,2024-07-16,43.39,10221
INV150429,S0017,PAPER CHAIN KIT 50S CHRISTMAS,15,2024-10-10,17.84,10238
INV486395,S0005,SET OF 3 CAKE TINS PANTRY DESIGN,9,2024-09-20,9.15,10094
INV229400,S0004,LUNCH BAG RED RETROSPOT,18,2024-12-21,37.68,10269
INV440052,S0016,VINTAGE BILLBOARD DRINK ME MUG,9,2024-07-04,39.95,10171
INV149439,S0008,CREAM CUPID HEARTS COAT HANGER,2,2024-12-12,47.26,10094
INV420343,S0008,CREAM CUPID HEARTS COAT HANGER,12,2024-05-26,32.78,10149
INV875702,S0010,RED WOOLLY HOTTIE WHITE HEART,5,2024-04-10,42.35,10112
INV216815,S0002,JUMBO BAG RED RETROSPOT,5,2024-04-09,8.13,10055
INV399332,S0014,DOORMAT NEW ENGLAND,18,2024-11-10,38.38,10116
INV815309,S0015,SET 2 TEA TOWELS I LOVE LONDON,20,2024-02-13,22.81,10143
INV901276,S0012,SPOTTY BUNTING,7,2024-05-04,33.39,10201
INV613052,S0005,SET OF 3 CAKE TINS PANTRY DESIGN,6,2024-01-16,9.99,10180
INV665073,S0017,PAPER CHAIN KIT 50S CHRISTMAS,13,2024-12-16,8.9,10202
INV597793,S0002,JUMBO BAG RED RETROSPOT,12,2024-01-07,32.93,10053
INV940115,S0001,REGENCY CAKESTAND 3 TIER,3,2024-11-06,39.31,10180
INV966859,S0007,KNITTED UNION FLAG HOT WATER BOTTLE,2,2024-05-10,16.78,10137
INV134812,S0006,WOODEN PICTURE FRAME WHITE FINISH,13,2024-11-07,49.72,10182
INV440786,S0007,KNITTED UNION FLAG HOT WATER BOTTLE,18,2024-09-14,41.57,10001
INV754446,S0008,CREAM CUPID HEARTS COAT HANGER,8,2024-06-18,42.46,10044
INV112389,S0009,JAM MAKING SET WITH JARS,2,2024-12-24,39.5,10227
INV639704,S0003,PARTY BUNTING,3,2024-07-21,22.31,10098
INV400527,S0016,VINTAGE BILLBOARD DRINK ME MUG,17,2024-02-04,42.21,10208
INV280617,S0011,ALARM CLOCK BAKELIKE GREEN,9,2024-05-10,13.09,10265
INV374362,S0011,ALARM CLOCK BAKELIKE GREEN,9,2024-08-06,3.15,10288
INV320479,S0017,PAPER CHAIN KIT 50S CHRISTMAS,18,2024-07-04,34.58,10271
INV732047,S0015,SET 2 TEA TOWELS I LOVE LONDON,20,2024-04-21,22.79,10140
INV212358,S0017,PAPER CHAIN KIT 50S CHRISTMAS,1,2024-11-24,34.47,10237
INV352626,S0010,RED WOOLLY HOTTIE WHITE HEART,20,2024-03-04,7.78,10072
INV626740,S0014,DOORMAT NEW ENGLAND,17,2024-12-04,13.15,10155
INV871061,S0017,PAPER CHAIN KIT 50S CHRISTMAS,13,2024-11-14,28.61,10190
INV714807,S0013,BATH BUILDING BLOCK WORD,17,2024-09-20,38.93,10268
INV163880,S0019,MINI PAINT SET VINTAGE,10,2024-06-10,24.32,10107
INV978193,S0004,LUNCH BAG RED RETROSPOT,16,2024-02-23,14.07,10232
INV814105,S0014,DOORMAT NEW ENGLAND,5,2024-05-09,19.15,10042
INV949581,S0001,REGENCY CAKESTAND 3 TIER,3,2024-11-02,27.25,10190
INV844984,S0012,SPOTTY BUNTING,9,2024-03-30,13.76,10139
INV972039,S0006,WOODEN PICTURE FRAME WHITE FINISH,18,2024-11-28,11.71,10103
INV270639,S0014,DOORMAT NEW ENGLAND,17,2024-04-30,12.29,10171
INV258280,S0003,PARTY BUNTING,4,2024-11-26,33.15,10273
INV131544,S0015,SET 2 TEA TOWELS I LOVE LONDON,13,2024-03-21,47.21,10221
INV320295,S0018,BROCADE RING PURSE,6,2024-09-21,43.41,10213
INV846261,S0001,REGENCY CAKESTAND 3 TIER,19,2024-10-12,46.24,10056
INV252783,S0005,SET OF 3 CAKE TINS PANTRY DESIGN,4,2024-01-23,40.9,10102
INV294106,S0000,WHITE HANGING HEART T-LIGHT HOLDER,8,2024-03-30,44.5,10192
INV166092,S0000,WHITE HANGING HEART T-LIGHT HOLDER,17,2024-07-16,23.33,10200
INV220181,S0012,SPOTTY BUNTING,2,2024-01-16,25.64,10233
INV804090,S0019,MINI PAINT SET VINTAGE,18,2024-12-12,24.3,10227
INV227614,S0012,SPOTTY BUNTING,1,2024-10-07,4.64,10139
INV298548,S0009,JAM MAKING SET WITH JARS,12,2024-07-15,39.94,10149
INV164709,S0009,JAM MAKING SET WITH JARS,8,2024-10-10,14.82,10115
INV781444,S0010,RED WOOLLY HOTTIE WHITE HEART,8,2024-11-24,47.2,10063
INV635124,S0018,BROCADE RING PURSE,2,2024-09-04,14.18,10104
INV772676,S0017,PAPER CHAIN KIT 50S CHRISTMAS,5,2024-04-09,16.09,10156
INV717298,S0013,BATH BUILDING BLOCK WORD,11,2024-12-12,39.61,10273
INV103827,S0001,REGENCY CAKESTAND 3 TIER,7,2024-01-09,23.12,10006
INV291238,S0012,SPOTTY BUNTING,1,2024-07-08,40.96,10147
INV445426,S0008,CREAM CUPID HEARTS COAT HANGER,19,2024-07-13,22.16,10184
INV447505,S0002,JUMBO BAG RED RETROSPOT,1,2024-12-18,2.78,10028
INV800912,S0013,BATH BUILDING BLOCK WORD,13,2024-08-04,13.8,10038
INV113675,S0002,JUMBO BAG RED RETROSPOT,13,2024-07-08,15.3,10119
INV843397,S0002,JUMBO BAG RED RETROSPOT,3,2024-12-26,42.12,10293
INV395900,S0007,KNITTED UNION FLAG HOT WATER BOTTLE,1,2024-08-16,27.31,10244
INV518196,S0003,PARTY BUNTING,20,2024-10-29,13.81,10068
INV592236,S0019,MINI PAINT SET VINTAGE,2,2024-09-24,30.95,10214
INV910555,S0011,ALARM CLOCK BAKELIKE GREEN,18,2024-04-09,21.78,10218
INV312129,S0017,PAPER CHAIN KIT 50S CHRISTMAS,10,2024-10-10,7.47,10177
INV860863,S0017,PAPER CHAIN KIT 50S CHRISTMAS,19,2024-10-16,31.28,10299
INV507281,S0005,SET OF 3 CAKE TINS PANTRY DESIGN,20,2024-08-23,39.35,10164
INV345450,S0016,VINTAGE BILLBOARD DRINK ME MUG,18,2024-08-09,28.12,10058
INV766138,S0016,VINTAGE BILLBOARD DRINK ME MUG,19,2024-03-01,23.89,10269
INV919555,S0015,SET 2 TEA TOWELS I LOVE LONDON,20,2024-02-07,18.52,10058
INV941850,S0011,ALARM CLOCK BAKELIKE GREEN,19,2024-08-07,9.44,10288
INV984885,S0014,DOORMAT NEW ENGLAND,3,2024-10-18,23.0,10105
INV124509,S0012,SPOTTY BUNTING,20,2024-05-01,6.76,10228
INV239147,S0002,JUMBO BAG RED RETROSPOT,14,2024-12-25,38.32,10247
INV576632,S0011,ALARM CLOCK BAKELIKE GREEN,17,2024-10-22,28.17,10188
INV498606,S0005,SET OF 3 CAKE TINS PANTRY DESIGN,1,2024-06-03,48.9,10083
INV996302,S0017,PAPER CHAIN KIT 50S CHRISTMAS,1,2024-10-19,18.74,10186
INV176377,S0004,LUNCH BAG RED RETROSPOT,15,2024-07-03,17.11,10252
INV223499,S0010,RED WOOLLY HOTTIE WHITE HEART,15,2024-09-06,23.12,10238
INV803556,S0002,JUMBO BAG RED RETROSPOT,5,2024-09-06,15.19,10184
INV293858,S0019,MINI PAINT SET VINTAGE,3,2024-02-19,27.32,10284
INV251680,S0017,PAPER CHAIN KIT 50S CHRISTMAS,9,2024-02-17,30.62,10210
INV522379,S0018,BROCADE RING PURSE,5,2024-08-11,13.68,10296
INV247758,S0005,SET OF 3 CAKE TINS PANTRY DESIGN,20,2024-09-01,17.05,10097
INV178064,S0018,BROCADE RING PURSE,15,2024-01-28,40.65,10208
INV856029,S0008,CREAM CUPID HEARTS COAT HANGER,12,2024-05-16,45.85,10137
INV963300,S0003,PARTY BUNTING,18,2024-06-26,34.21,10184
INV609719,S0011,ALARM CLOCK BAKELIKE GREEN,2,2024-06-12,22.04,10076
INV232559,S0016,VINTAGE BILLBOARD DRINK ME MUG,1,2024-10-22,7.51,10287
INV621084,S0011,ALARM CLOCK BAKELIKE GREEN,1,2024-12-29,28.94,10142
INV166447,S0001,REGENCY CAKESTAND 3 TIER,13,2024-04-22,46.3,10237
INV529925,S0010,RED WOOLLY HOTTIE WHITE HEART,9,2024-01-28,23.24,10025
INV967466,S0006,WOODEN PICTURE FRAME WHITE FINISH,5,2024-05-22,42.46,10290
INV286253,S0015,SET 2 TEA TOWELS I LOVE LONDON,17,2024-03-24,46.02,10067
INV444036,S0019,MINI PAINT SET VINTAGE,9,2024-01-03,3.39,10250
INV645438,S0015,SET 2 TEA TOWELS I LOVE LONDON,17,2024-04-03,8.47,10118
INV851909,S0008,CREAM CUPID HEARTS COAT HANGER,15,2024-05-03,4.96,10073
INV176009,S0013,BATH BUILDING BLOCK WORD,13,2024-10-04,46.25,10282
INV106550,S0011,ALARM CLOCK BAKELIKE GREEN,16,2024-02-03,3.42,10010
INV689780,S0011,ALARM CLOCK BAKELIKE GREEN,2,2024-02-16,6.25,10211
INV101075,S0011,ALARM CLOCK BAKELIKE GREEN,20,2024-04-01,42.27,10152
INV955933,S0003,PARTY BUNTING,3,2024-06-10,9.7,10005
INV883843,S0002,JUMBO BAG RED RETROSPOT,2,2024-07-04,11.76,10195
INV155826,S0014,DOORMAT NEW ENGLAND,19,2024-03-10,10.38,10283
INV584835,S0001,REGENCY CAKESTAND 3 TIER,3,2024-08-08,29.89,10113
INV104827,S0000,WHITE HANGING HEART T-LIGHT HOLDER,16,2024-05-11,45.35,10271
INV628671,S0002,JUMBO BAG RED RETROSPOT,19,2024-06-08,28.31,10163
INV833087,S0010,RED WOOLLY HOTTIE WHITE HEART,10,2024-04-26,40.63,10105
INV936185,S0004,LUNCH BAG RED RETROSPOT,19,2024-09-24,23.68,10181
INV682308,S0018,BROCADE RING PURSE,19,2024-04-19,43.33,10044
INV461353,S0013,BATH BUILDING BLOCK WORD,5,2024-10-31,13.23,10282
INV903199,S0015,SET 2 TEA TOWELS I LOVE LONDON,4,2024-07-30,41.9,10175
INV754736,S0002,JUMBO BAG RED RETROSPOT,17,2024-03-13,48.88,10162
INV943866,S0006,WOODEN PICTURE FRAME WHITE FINISH,10,2024-10-02,4.59,10140
INV137247,S0002,JUMBO BAG RED RETROSPOT,9,2024-06-19,2.75,10132
INV912314,S0011,ALARM CLOCK BAKELIKE GREEN,18,2024-12-05,30.73,10087
INV817857,S0007,KNITTED UNION FLAG HOT WATER BOTTLE,6,2024-02-05,23.68,10176
INV323698,S0009,JAM MAKING SET WITH JARS,12,2024-08-12,13.17,10183
INV453784,S0007,KNITTED UNION FLAG HOT WATER BOTTLE,5,2024-08-03,26.73,10129
INV386270,S0012,SPOTTY BUNTING,18,2024-08-10,2.43,10246
INV569557,S0013,BATH BUILDING BLOCK WORD,7,2024-10-28,27.62,10089
INV414127,S0008,CREAM CUPID HEARTS COAT HANGER,18,2024-09-14,10.16,10066
INV285468,S0009,JAM MAKING SET WITH JARS,11,2024-04-26,19.44,10158
INV525608,S0009,JAM MAKING SET WITH JARS,5,2024-10-03,2.85,10149
INV155651,S0010,RED WOOLLY HOTTIE WHITE HEART,15,2024-08-15,46.39,10116
INV512586,S0001,REGENCY CAKESTAND 3 TIER,12,2024-08-17,31.18,10214
INV183950,S0011,ALARM CLOCK BAKELIKE GREEN,12,2024-07-22,8.39,10294
INV291650,S0018,BROCADE RING PURSE,1,2024-10-31,2.18,10253
INV902852,S0010,RED WOOLLY HOTTIE WHITE HEART,11,2024-02-24,2.6,10143
INV866110,S0009,JAM MAKING SET WITH JARS,1,2024-12-07,49.51,10250
INV344916,S0003,PARTY BUNTING,4,2024-02-12,49.84,10025
INV916745,S0014,DOORMAT NEW ENGLAND,17,2024-07-17,5.19,10277
INV249237,S0000,WHITE HANGING HEART T-LIGHT HOLDER,11,2024-05-31,35.36,10070
INV815104,S0014,DOORMAT NEW ENGLAND,13,2024-01-28,34.49,10113
INV276360,S0005,SET OF 3 CAKE TINS PANTRY DESIGN,1,2024-07-26,36.0,10112
INV345165,S0011,ALARM CLOCK BAKELIKE GREEN,11,2024-05-17,35.08,10091
INV815745,S0002,JUMBO BAG RED RETROSPOT,6,2024-01-01,44.7,10018
INV291093,S0004,LUNCH BAG RED RETROSPOT,15,2024-06-09,39.35,10149
INV474702,S0018,BROCADE RING PURSE,2,2024-01-06,8.32,10227
INV896442,S0013,BATH BUILDING BLOCK WORD,2,2024-02-10,16.32,10214
INV325023,S0010,RED WOOLLY HOTTIE WHITE HEART,6,2024-06-26,48.35,10151
INV372241,S0018,BROCADE RING PURSE,15,2024-11-20,44.58,10192
INV133544,S0010,RED WOOLLY HOTTIE WHITE HEART,15,2024-05-24,2.67,10040
INV204745,S0015,SET 2 TEA TOWELS I LOVE LONDON,15,2024-12-26,9.97,10242
INV586220,S0004,LUNCH BAG RED RETROSPOT,20,2024-10-08,2.95,10138
INV842703,S0011,ALARM CLOCK BAKELIKE GREEN,19,2024-12-11,18.62,10180
INV341801,S0000,WHITE HANGING HEART T-LIGHT HOLDER,3,2024-01-25,0.98,10200
INV401828,S0012,SPOTTY BUNTING,20,2024-04-20,48.51,10203
INV313137,S0000,WHITE HANGING HEART T-LIGHT HOLDER,19,2024-03-01,0.65,10061
INV232179,S0011,ALARM CLOCK BAKELIKE GREEN,2,2024-04-19,21.71,10192
INV741282,S0016,VINTAGE BILLBOARD DRINK ME MUG,10,2024-02-02,4.06,10005
INV757311,S0009,JAM MAKING SET WITH JARS,20,2024-02-18,47.79,10237
INV745266,S0010,RED WOOLLY HOTTIE WHITE HEART,20,2024-03-30,48.01,10181
INV462920,S0011,ALARM CLOCK BAKELIKE GREEN,8,2024-07-10,34.46,10037
INV253624,S0010,RED WOOLLY HOTTIE WHITE HEART,2,2024-07-04,19.7,10056
INV162206,S0001,REGENCY CAKESTAND 3 TIER,14,2024-09-06,28.69,10237
INV113682,S0018,BROCADE RING PURSE,1,2024-07-22,28.77,10197
INV161645,S0017,PAPER CHAIN KIT 50S CHRISTMAS,3,2024-10-06,19.65,10073
INV600695,S0014,DOORMAT NEW ENGLAND,9,2024-01-23,39.03,10059
INV602249,S0007,KNITTED UNION FLAG HOT WATER BOTTLE,17,2024-05-16,34.87,10240
INV851468,S0004,LUNCH BAG RED RETROSPOT,7,2024-12-05,10.1,10002
INV421657,S0009,JAM MAKING SET WITH JARS,19,2024-12-23,48.18,10188
INV335959,S0011,ALARM CLOCK BAKELIKE GREEN,1,2024-01-02,19.94,10030
INV495288,S0014,DOORMAT NEW ENGLAND,6,2024-06-20,16.74,10267
INV268485,S0006,WOODEN PICTURE FRAME WHITE FINISH,12,2024-01-06,4.11,10108
INV497916,S0006,WOODEN PICTURE FRAME WHITE FINISH,11,2024-05-10,6.94,10090
INV292565,S0012,SPOTTY BUNTING,10,2024-02-24,23.24,10205
INV292697,S0008,CREAM CUPID HEARTS COAT HANGER,19,2024-02-01,31.57,10220
INV836578,S0018,BROCADE RING PURSE,5,2024-04-22,39.57,10094
INV447110,S0009,JAM MAKING SET WITH JARS,4,2024-02-05,1.25,10103
INV699070,S0001,REGENCY CAKESTAND 3 TIER,2,2024-11-25,44.8,10223
INV979682,S0013,BATH BUILDING BLOCK WORD,2,2024-07-01,12.59,10186
INV682783,S0017,PAPER CHAIN KIT 50S CHRISTMAS,14,2024-09-18,13.04,10184
INV258824,S0000,WHITE HANGING HEART T-LIGHT HOLDER,4,2024-02-15,19.51,10162
INV330628,S0014,DOORMAT NEW ENGLAND,5,2024-11-11,46.41,10247
INV811289,S0009,JAM MAKING SET WITH JARS,11,2024-08-21,17.04,10031
INV683515,S0018,BROCADE RING PURSE,18,2024-08-18,16.5,10052
INV295106,S0018,BROCADE RING PURSE,3,2024-03-28,29.87,10076
INV908521,S0018,BROCADE RING PURSE,14,2024-06-08,8.79,10278
INV342163,S0001,REGENCY CAKESTAND 3 TIER,8,2024-08-02,33.72,10040
INV936071,S0005,SET OF 3 CAKE TINS PANTRY DESIGN,1,2024-12-21,7.5,10101
INV470905,S0011,ALARM CLOCK BAKELIKE GREEN,17,2024-04-05,4.35,10111
INV585875,S0014,DOORMAT NEW ENGLAND,1,2024-12-21,29.99,10249
INV566529,S0000,WHITE HANGING HEART T-LIGHT HOLDER,4,2024-02-16,40.16,10191
INV336610,S0005,SET OF 3 CAKE TINS PANTRY DESIGN,18,2024-01-04,9.46,10182
INV834447,S0013,BATH BUILDING BLOCK WORD,6,2024-02-20,32.53,10209
INV860801,S0019,MINI PAINT SET VINTAGE,6,2024-02-04,17.95,10022
INV923841,S0016,VINTAGE BILLBOARD DRINK ME MUG,4,2024-09-24,28.86,10166
INV857899,S0015,SET 2 TEA TOWELS I LOVE LONDON,1,2024-12-17,18.62,10099
INV554803,S0003,PARTY BUNTING,4,2024-02-27,25.41,10208
INV661544,S0006,WOODEN PICTURE FRAME WHITE FINISH,12,2024-06-19,27.74,10008
INV865806,S0002,JUMBO BAG RED RETROSPOT,19,2024-06-09,28.66,10190
INV823797,S0014,DOORMAT NEW ENGLAND,16,2024-03-26,35.35,10175
INV500262,S0003,PARTY BUNTING,18,2024-09-21,2.7,10273
INV886864,S0001,REGENCY CAKESTAND 3 TIER,11,2024-05-01,24.2,10017
INV999762,S0019,MINI PAINT SET VINTAGE,7,2024-02-04,27.6,10090
INV738222,S0012,SPOTTY BUNTING,5,2024-09-17,45.48,10141
INV280751,S0015,SET 2 TEA TOWELS I LOVE LONDON,17,2024-05-21,16.92,10145
INV156015,S0009,JAM MAKING SET WITH JARS,4,2024-09-20,7.34,10166
INV270407,S0015,SET 2 TEA TOWELS I LOVE LONDON,1,2024-01-28,9.29,10078
INV744918,S0006,WOODEN PICTURE FRAME WHITE FINISH,10,2024-10-01,6.81,10262
INV241841,S0007,KNITTED UNION FLAG HOT WATER BOTTLE,5,2024-01-31,12.97,10163
INV392284,S0008,CREAM CUPID HEARTS COAT HANGER,16,2024-05-22,32.91,10014
INV885704,S0004,LUNCH BAG RED RETROSPOT,17,2024-02-26,3.77,10239
INV705316,S0011,ALARM CLOCK BAKELIKE GREEN,20,2024-12-29,10.22,10072
INV805824,S0000,WHITE HANGING HEART T-LIGHT HOLDER,5,2024-11-17,36.87,10143
INV137870,S0004,LUNCH BAG RED RETROSPOT,7,2024-01-26,14.21,10283
INV329656,S0004,LUNCH BAG RED RETROSPOT,5,2024-03-07,35.99,10269
INV476622,S0015,SET 2 TEA TOWELS I LOVE LONDON,5,2024-12-22,43.85,10241
INV491046,S0007,KNITTED UNION FLAG HOT WATER BOTTLE,7,2024-01-22,44.98,10245
INV627788,S0004,LUNCH BAG RED RETROSPOT,3,2024-08-01,17.11,10163
INV526936,S0001,REGENCY CAKESTAND 3 TIER,9,2024-07-21,10.25,10060
INV461165,S0001,REGENCY CAKESTAND 3 TIER,20,2024-04-28,46.78,10006
INV579113,S0014,DOORMAT NEW ENGLAND,15,2024-07-01,20.2,10197
INV200614,S0018,BROCADE RING PURSE,20,2024-10-02,11.6,10058
INV817002,S0002,JUMBO BAG RED RETROSPOT,1,2024-11-29,8.51,10217
INV194014,S0019,MINI PAINT SET VINTAGE,14,2024-12-15,44.23,10026
INV592491,S0002,JUMBO BAG RED RETROSPOT,10,2024-07-12,43.33,10005
INV266850,S0001,REGENCY CAKESTAND 3 TIER,19,2024-09-28,11.3,10020
INV376478,S0000,WHITE HANGING HEART T-LIGHT HOLDER,8,2024-10-04,41.15,10198
INV750210,S0002,JUMBO BAG RED RETROSPOT,13,2024-07-19,8.53,10059
INV185102,S0018,BROCADE RING PURSE,7,2024-03-01,21.28,10242
INV625428,S0000,WHITE HANGING HEART T-LIGHT HOLDER,2,2024-07-06,20.59,10146
INV982102,S0011,ALARM CLOCK BAKELIKE GREEN,14,2024-07-20,23.29,10273
INV501777,S0001,REGENCY CAKESTAND 3 TIER,8,2024-12-24,20.0,10249
INV188198,S0004,LUNCH BAG RED RETROSPOT,19,2024-09-19,40.31,10014
INV479239,S0011,ALARM CLOCK BAKELIKE GREEN,2,2024-06-04,29.27,10013
INV415100,S0008,CREAM CUPID HEARTS COAT HANGER,2,2024-08-13,48.28,10044
INV305884,S0012,SPOTTY BUNTING,10,2024-11-05,38.63,10019
INV695122,S0007,KNITTED UNION FLAG HOT WATER BOTTLE,14,2024-06-25,0.92,10063
INV495238,S0019,MINI PAINT SET VINTAGE,6,2024-08-20,9.89,10239
INV504058,S0005,SET OF 3 CAKE TINS PANTRY DESIGN,5,2024-08-10,44.16,10100
INV192756,S0003,PARTY BUNTING,10,2024-03-16,13.16,10163
INV797790,S0013,BATH BUILDING BLOCK WORD,5,2024-06-24,47.07,10122
INV829207,S0017,PAPER CHAIN KIT 50S CHRISTMAS,11,2024-05-16,33.84,10044
INV812169,S0003,PARTY BUNTING,17,2024-09-19,31.99,10145
INV659730,S0001,REGENCY CAKESTAND 3 TIER,16,2024-10-31,47.54,10050
INV202850,S0019,MINI PAINT SET VINTAGE,20,2024-07-27,7.8,10065
INV859541,S0007,KNITTED UNION FLAG HOT WATER BOTTLE,10,2024-12-30,4.69,10288
INV698625,S0019,MINI PAINT SET VINTAGE,13,2024-05-14,11.42,10164
INV455294,S0017,PAPER CHAIN KIT 50S CHRISTMAS,8,2024-03-09,36.15,10141
INV583323,S0009,JAM MAKING SET WITH JARS,6,2024-07-06,33.5,10128
INV657453,S0011,ALARM CLOCK BAKELIKE GREEN,8,2024-04-25,12.65,10239
INV954837,S0006,WOODEN PICTURE FRAME WHITE FINISH,2,2024-12-19,12.42,10296
INV840720,S0002,JUMBO BAG RED RETROSPOT,12,2024-12-08,26.69,10187
INV129349,S0012,SPOTTY BUNTING,12,2024-05-16,18.8,10208
INV916171,S0014,DOORMAT NEW ENGLAND,13,2024-12-19,28.4,10220
INV623637,S0008,CREAM CUPID HEARTS COAT HANGER,11,2024-08-20,20.37,10190
INV856805,S0008,CREAM CUPID HEARTS COAT HANGER,11,2024-04-12,18.34,10284
INV557793,S0007,KNITTED UNION FLAG HOT WATER BOTTLE,12,2024-10-15,23.87,10237
INV512119,S0008,CREAM CUPID HEARTS COAT HANGER,13,2024-10-31,38.96,10194
INV946088,S0012,SPOTTY BUNTING,3,2024-08-08,10.83,10287
INV232616,S0008,CREAM CUPID HEARTS COAT HANGER,3,2024-03-31,17.49,10259
INV123200,S0011,ALARM CLOCK BAKELIKE GREEN,18,2024-12-23,45.46,10246
INV448169,S0018,BROCADE RING PURSE,20,2024-06-05,25.65,10136
INV294369,S0010,RED WOOLLY HOTTIE WHITE HEART,13,2024-11-01,7.56,10280
INV703682,S0011,ALARM CLOCK BAKELIKE GREEN,13,2024-07-22,15.45,10271
INV290551,S0014,DOORMAT NEW ENGLAND,4,2024-05-02,1.17,10171
INV243349,S0008,CREAM CUPID HEARTS COAT HANGER,8,2024-07-07,38.96,10159
INV224427,S0018,BROCADE RING PURSE,9,2024-04-02,19.55,10201
INV155196,S0009,JAM MAKING SET WITH JARS,9,2024-11-29,27.45,10045
INV359850,S0006,WOODEN PICTURE FRAME WHITE FINISH,6,2024-07-31,40.92,10264
INV914483,S0009,JAM MAKING SET WITH JARS,11,2024-06-07,11.07,10071
INV574800,S0001,REGENCY CAKESTAND 3 TIER,19,2024-07-30,11.39,10103
INV336983,S0014,DOORMAT NEW ENGLAND,4,2024-12-14,45.23,10125
INV660105,S0000,WHITE HANGING HEART T-LIGHT HOLDER,4,2024-09-10,47.04,10286
INV275124,S0011,ALARM CLOCK BAKELIKE GREEN,5,2024-03-02,4.43,10230
INV568329,S0017,PAPER CHAIN KIT 50S CHRISTMAS,3,2024-10-12,14.4,10146
INV319273,S0005,SET OF 3 CAKE TINS PANTRY DESIGN,12,2024-12-02,14.33,10197
INV553976,S0005,SET OF 3 CAKE TINS PANTRY DESIGN,17,2024-08-23,13.36,10221
INV150970,S0015,SET 2 TEA TOWELS I LOVE LONDON,4,2024-09-11,10.1,10060
INV779587,S0005,SET OF 3 CAKE TINS PANTRY DESIGN,1,2024-12-20,26.69,10098
INV878013,S0010,RED WOOLLY HOTTIE WHITE HEART,5,2024-04-23,45.29,10171
INV574969,S0014,DOORMAT NEW ENGLAND,5,2024-10-22,21.78,10173
INV526495,S0010,RED WOOLLY HOTTIE WHITE HEART,7,2024-04-09,23.67,10151
INV392193,S0003,PARTY BUNTING,2,2024-11-26,41.46,10122
INV954894,S0011,ALARM CLOCK BAKELIKE GREEN,5,2024-08-12,46.66,10108
INV125780,S0002,JUMBO BAG RED RETROSPOT,12,2024-06-15,32.63,10004
INV138133,S0001,REGENCY CAKESTAND 3 TIER,1,2024-03-18,24.45,10093
INV864923,S0005,SET OF 3 CAKE TINS PANTRY DESIGN,5,2024-02-03,15.8,10006
INV585610,S0010,RED WOOLLY HOTTIE WHITE HEART,7,2024-03-02,21.56,10288
INV415751,S0019,MINI PAINT SET VINTAGE,8,2024-10-20,34.77,10106
INV906605,S0003,PARTY BUNTING,7,2024-07-22,26.69,10146
INV618391,S0002,JUMBO BAG RED RETROSPOT,6,2024-01-18,10.32,10271
INV496449,S0006,WOODEN PICTURE FRAME WHITE FINISH,20,2024-06-26,17.88,10096
INV643264,S0004,LUNCH BAG RED RETROSPOT,13,2024-03-31,45.37,10229
INV730123,S0000,WHITE HANGING HEART T-LIGHT HOLDER,6,2024-10-21,36.45,10202
INV922181,S0015,SET 2 TEA TOWELS I LOVE LONDON,8,2024-06-25,6.83,10212
INV745262,S0011,ALARM CLOCK BAKELIKE GREEN,12,2024-12-03,34.3,10006
INV255565,S0007,KNITTED UNION FLAG HOT WATER BOTTLE,6,2024-03-18,32.18,10112
INV337858,S0014,DOORMAT NEW ENGLAND,20,2024-04-07,44.73,10106
INV737454,S0019,MINI PAINT SET VINTAGE,6,2024-01-01,14.72,10139
INV824765,S0015,SET 2 TEA TOWELS I LOVE LONDON,8,2024-06-30,11.66,10299
INV543785,S0007,KNITTED UNION FLAG HOT WATER BOTTLE,14,2024-02-14,25.61,10096
INV592350,S0001,REGENCY CAKESTAND 3 TIER,13,2024-02-16,45.42,10297
INV581416,S0017,PAPER CHAIN KIT 50S CHRISTMAS,2,2024-09-18,9.78,10214
INV622016,S0019,MINI PAINT SET VINTAGE,4,2024-09-15,40.44,10291
INV499646,S0006,WOODEN PICTURE FRAME WHITE FINISH,2,2024-02-20,1.2,10022
INV263547,S0003,PARTY BUNTING,13,2024-02-21,18.03,10193
INV333057,S0017,PAPER CHAIN KIT 50S CHRISTMAS,18,2024-12-13,28.23,10150
INV840385,S0005,SET OF 3 CAKE TINS PANTRY DESIGN,3,2024-09-09,33.48,10247
INV841816,S0013,BATH BUILDING BLOCK WORD,9,2024-09-30,43.05,10267
INV601718,S0012,SPOTTY BUNTING,7,2024-06-15,22.41,10251
INV237388,S0008,CREAM CUPID HEARTS COAT HANGER,5,2024-04-17,48.99,10003
INV824410,S0006,WOODEN PICTURE FRAME WHITE FINISH,5,2024-03-13,47.64,10076
INV117707,S0016,VINTAGE BILLBOARD DRINK ME MUG,4,2024-11-07,14.96,10087
INV462918,S0004,LUNCH BAG RED RETROSPOT,18,2024-12-09,42.97,10270
INV261777,S0018,BROCADE RING PURSE,6,2024-04-01,36.85,10225
INV524701,S0011,ALARM CLOCK BAKELIKE GREEN,2,2024-07-12,9.56,10018
INV453929,S0019,MINI PAINT SET VINTAGE,7,2024-07-09,32.98,10113
INV354010,S0012,SPOTTY BUNTING,16,2024-05-05,3.8,10251
INV657394,S0003,PARTY BUNTING,2,2024-05-19,20.14,10233
INV389175,S0015,SET 2 TEA TOWELS I LOVE LONDON,4,2024-04-30,0.81,10279
INV340244,S0010,RED WOOLLY HOTTIE WHITE HEART,18,2024-06-05,38.72,10202
INV439695,S0017,PAPER CHAIN KIT 50S CHRISTMAS,5,2024-01-07,44.48,10083
INV330426,S0002,JUMBO BAG RED RETROSPOT,13,2024-03-30,20.36,10125
INV633429,S0001,REGENCY CAKESTAND 3 TIER,10,2024-12-05,20.27,10175
INV968401,S0018,BROCADE RING PURSE,16,2024-12-02,18.59,10069
INV429075,S0002,JUMBO BAG RED RETROSPOT,9,2024-08-31,2.73,10047
INV363640,S0010,RED WOOLLY HOTTIE WHITE HEART,19,2024-02-07,40.06,10256
INV486177,S0002,JUMBO BAG RED RETROSPOT,3,2024-08-07,48.88,10215
INV175519,S0008,CREAM CUPID HEARTS COAT HANGER,3,2024-10-16,38.44,10030
INV445975,S0010,RED WOOLLY HOTTIE WHITE HEART,14,2024-05-19,1.34,10281
INV704223,S0002,JUMBO BAG RED RETROSPOT,13,2024-10-30,49.25,10237
INV436635,S0018,BROCADE RING PURSE,15,2024-10-07,25.08,10248
INV163122,S0005,SET OF 3 CAKE TINS PANTRY DESIGN,16,2024-01-01,40.65,10025
INV365940,S0000,WHITE HANGING HEART T-LIGHT HOLDER,6,2024-08-10,48.83,10074
INV174575,S0000,WHITE HANGING HEART T-LIGHT HOLDER,20,2024-11-29,25.06,10206
INV864374,S0004,LUNCH BAG RED RETROSPOT,3,2024-03-17,15.72,10094
INV699338,S0006,WOODEN PICTURE FRAME WHITE FINISH,8,2024-08-08,45.34,10127
INV523135,S0019,MINI PAINT SET VINTAGE,15,2024-09-29,28.54,10025
INV525704,S0014,DOORMAT NEW ENGLAND,2,2024-10-16,47.77,10116
INV326093,S0015,SET 2 TEA TOWELS I LOVE LONDON,3,2024-03-25,21.6,10048
INV342561,S0015,SET 2 TEA TOWELS I LOVE LONDON,3,2024-11-04,49.26,10226
INV238256,S0005,SET OF 3 CAKE TINS PANTRY DESIGN,15,2024-11-29,19.78,10266
INV582745,S0000,WHITE HANGING HEART T-LIGHT HOLDER,11,2024-12-22,29.05,10099
INV660741,S0016,VINTAGE BILLBOARD DRINK ME MUG,20,2024-08-31,32.61,10011
INV469535,S0013,BATH BUILDING BLOCK WORD,8,2024-11-22,46.83,10085
INV832203,S0018,BROCADE RING PURSE,10,2024-04-13,6.21,10214
INV760566,S0002,JUMBO BAG RED RETROSPOT,13,2024-06-17,15.78,10173
INV637389,S0000,WHITE HANGING HEART T-LIGHT HOLDER,19,2024-11-22,17.08,10209
INV230746,S0007,KNITTED UNION FLAG HOT WATER BOTTLE,5,2024-01-24,8.35,10064
INV172617,S0018,BROCADE RING PURSE,12,2024-01-13,38.84,10258
INV946781,S0015,SET 2 TEA TOWELS I LOVE LONDON,13,2024-05-19,49.66,10121
INV771176,S0018,BROCADE RING PURSE,15,2024-05-25,24.26,10298
INV101248,S0001,REGENCY CAKESTAND 3 TIER,5,2024-08-03,48.42,10054
INV514861,S0014,DOORMAT NEW ENGLAND,10,2024-06-07,27.47,10272
INV620525,S0013,BATH BUILDING BLOCK WORD,13,2024-06-01,28.83,10241
INV572004,S0018,BROCADE RING PURSE,10,2024-02-15,21.28,10243
INV504390,S0006,WOODEN PICTURE FRAME WHITE FINISH,12,2024-08-06,34.69,10018
INV369412,S0001,REGENCY CAKESTAND 3 TIER,11,2024-01-17,1.64,10187
INV470150,S0007,KNITTED UNION FLAG HOT WATER BOTTLE,11,2024-12-23,11.42,10144
INV139463,S0006,WOODEN PICTURE FRAME WHITE FINISH,19,2024-07-16,48.77,10262
INV547348,S0018,BROCADE RING PURSE,20,2024-04-05,48.16,10239
INV182919,S0014,DOORMAT NEW ENGLAND,4,2024-11-21,28.49,10298
INV244025,S0011,ALARM CLOCK BAKELIKE GREEN,19,2024-12-22,19.32,10076
INV315889,S0010,RED WOOLLY HOTTIE WHITE HEART,2,2024-12-21,18.86,10188
INV853942,S0014,DOORMAT NEW ENGLAND,1,2024-04-01,18.72,10246
INV269357,S0003,PARTY BUNTING,17,2024-03-23,23.4,10130
INV547287,S0006,WOODEN PICTURE FRAME WHITE FINISH,10,2024-04-30,49.38,10283
INV743911,S0010,RED WOOLLY HOTTIE WHITE HEART,10,2024-09-25,31.23,10079
INV981323,S0017,PAPER CHAIN KIT 50S CHRISTMAS,19,2024-06-20,30.78,10072
INV395376,S0011,ALARM CLOCK BAKELIKE GREEN,14,2024-12-02,22.01,10263
INV446457,S0009,JAM MAKING SET WITH JARS,9,2024-05-29,37.39,10191
INV843478,S0009,JAM MAKING SET WITH JARS,9,2024-02-07,39.69,10063
INV741714,S0009,JAM MAKING SET WITH JARS,4,2024-07-21,28.68,10012
INV717703,S0019,MINI PAINT SET VINTAGE,8,2024-11-07,12.5,10141
INV389184,S0008,CREAM CUPID HEARTS COAT HANGER,19,2024-08-18,14.61,10254
INV382737,S0018,BROCADE RING PURSE,14,2024-05-15,1.35,10043
INV279660,S0017,PAPER CHAIN KIT 50S CHRISTMAS,5,2024-04-24,2.86,10017
INV624816,S0010,RED WOOLLY HOTTIE WHITE HEART,14,2024-03-06,30.47,10063
INV858693,S0015,SET 2 TEA TOWELS I LOVE LONDON,7,2024-10-21,33.62,10253
INV773757,S0017,PAPER CHAIN KIT 50S CHRISTMAS,17,2024-10-25,42.98,10292
INV204604,S0008,CREAM CUPID HEARTS COAT HANGER,8,2024-03-21,5.63,10008
INV897178,S0000,WHITE HANGING HEART T-LIGHT HOLDER,19,2024-08-16,6.89,10090
INV220736,S0005,SET OF 3 CAKE TINS PANTRY DESIGN,16,2024-01-23,24.21,10208
INV992994,S0009,JAM MAKING SET WITH JARS,17,2024-06-27,10.04,10292
INV488543,S0013,BATH BUILDING BLOCK WORD,11,2024-08-29,40.12,10284
INV915525,S0004,LUNCH BAG RED RETROSPOT,5,2024-01-20,12.6,10118
INV416430,S0001,REGENCY CAKESTAND 3 TIER,9,2024-10-17,21.93,10175
INV500033,S0009,JAM MAKING SET WITH JARS,3,2024-03-16,36.31,10076
INV694095,S0007,KNITTED UNION FLAG HOT WATER BOTTLE,2,2024-01-15,7.5,10101
INV211816,S0011,ALARM CLOCK BAKELIKE GREEN,5,2024-02-28,10.6,10151
INV449509,S0014,DOORMAT NEW ENGLAND,13,2024-07-01,26.67,10270
INV510628,S0019,MINI PAINT SET VINTAGE,7,2024-06-18,29.33,10071
INV102429,S0015,SET 2 TEA TOWELS I LOVE LONDON,18,2024-08-08,48.56,10180
INV701530,S0002,JUMBO BAG RED RETROSPOT,20,2024-04-21,47.25,10124
INV840102,S0008,CREAM CUPID HEARTS COAT HANGER,12,2024-10-09,15.27,10293
INV829560,S0008,CREAM CUPID HEARTS COAT HANGER,11,2024-07-22,19.7,10285
INV175999,S0002,JUMBO BAG RED RETROSPOT,8,2024-10-04,27.76,10195
INV314647,S0001,REGENCY CAKESTAND 3 TIER,10,2024-04-03,9.93,10228
INV265225,S0013,BATH BUILDING BLOCK WORD,5,2024-01-18,42.97,10275
INV425087,S0006,WOODEN PICTURE FRAME WHITE FINISH,15,2024-05-29,9.56,10106
INV318011,S0013,BATH BUILDING BLOCK WORD,4,2024-01-10,15.41,10021
INV848898,S0014,DOORMAT NEW ENGLAND,19,2024-07-31,25.47,10064
INV919389,S0012,SPOTTY BUNTING,18,2024-01-15,2.12,10165
INV845281,S0010,RED WOOLLY HOTTIE WHITE HEART,5,2024-10-18,43.09,10027
INV889853,S0012,SPOTTY BUNTING,19,2024-01-26,8.07,10285
INV778044,S0002,JUMBO BAG RED RETROSPOT,16,2024-08-12,44.52,10148
INV588443,S0002,JUMBO BAG RED RETROSPOT,9,2024-04-06,49.68,10281
INV317935,S0009,JAM MAKING SET WITH JARS,11,2024-01-30,8.18,10164
INV932505,S0017,PAPER CHAIN KIT 50S CHRISTMAS,12,2024-01-25,8.59,10224
INV739109,S0017,PAPER CHAIN KIT 50S CHRISTMAS,9,2024-08-04,19.85,10272
INV570239,S0005,SET OF 3 CAKE TINS PANTRY DESIGN,11,2024-03-22,10.35,10146
INV645588,S0004,LUNCH BAG RED RETROSPOT,5,2024-11-15,39.76,10030
INV242912,S0000,WHITE HANGING HEART T-LIGHT HOLDER,1,2024-03-09,16.84,10045
INV213043,S0018,BROCADE RING PURSE,7,2024-04-14,43.95,10275
INV123033,S0007,KNITTED UNION FLAG HOT WATER BOTTLE,8,2024-04-11,13.06,10034
INV562393,S0014,DOORMAT NEW ENGLAND,3,2024-12-20,6.58,10141
INV921363,S0013,BATH BUILDING BLOCK WORD,15,2024-07-05,46.67,10221
INV558793,S0000,WHITE HANGING HEART T-LIGHT HOLDER,14,2024-03-13,38.91,10022
INV739590,S0019,MINI PAINT SET VINTAGE,12,2024-06-10,12.83,10180
INV281991,S0001,REGENCY CAKESTAND 3 TIER,9,2024-11-24,18.82,10231
INV182042,S0001,REGENCY CAKESTAND 3 TIER,6,2024-04-28,36.87,10038
INV906965,S0017,PAPER CHAIN KIT 50S CHRISTMAS,9,2024-09-06,8.95,10070
INV327315,S0000,WHITE HANGING HEART T-LIGHT HOLDER,9,2024-03-08,2.81,10116
INV410383,S0017,PAPER CHAIN KIT 50S CHRISTMAS,15,2024-02-04,47.35,10239
INV948821,S0018,BROCADE RING PURSE,1,2024-02-16,22.98,10148
INV271344,S0005,SET OF 3 CAKE TINS PANTRY DESIGN,5,2024-05-29,3.08,10009
INV161330,S0011,ALARM CLOCK BAKELIKE GREEN,15,2024-07-30,45.86,10288
INV792640,S0008,CREAM CUPID HEARTS COAT HANGER,18,2024-08-24,36.62,10050
INV972097,S0003,PARTY BUNTING,16,2024-11-24,31.99,10005
INV436713,S0015,SET 2 TEA TOWELS I LOVE LONDON,9,2024-07-30,5.74,10126
INV291760,S0019,MINI PAINT SET VINTAGE,9,2024-01-26,19.62,10075
INV338435,S0017,PAPER CHAIN KIT 50S CHRISTMAS,18,2024-08-13,8.13,10165
INV759472,S0015,SET 2 TEA TOWELS I LOVE LONDON,5,2024-06-22,25.54,10278
INV288616,S0002,JUMBO BAG RED RETROSPOT,5,2024-06-11,30.14,10300
INV919924,S0018,BROCADE RING PURSE,11,2024-07-16,20.01,10290
INV395433,S0017,PAPER CHAIN KIT 50S CHRISTMAS,9,2024-09-16,36.37,10077
INV359423,S0004,LUNCH BAG RED RETROSPOT,16,2024-05-07,31.55,10298
INV701257,S0014,DOORMAT NEW ENGLAND,3,2024-04-05,5.44,10137
INV190127,S0002,JUMBO BAG RED RETROSPOT,2,2024-03-02,26.78,10106
INV144002,S0016,VINTAGE BILLBOARD DRINK ME MUG,8,2024-12-22,17.66,10095
INV536132,S0017,PAPER CHAIN KIT 50S CHRISTMAS,20,2024-01-26,33.65,10135
INV576488,S0002,JUMBO BAG RED RETROSPOT,2,2024-09-05,14.92,10068
INV936698,S0001,REGENCY CAKESTAND 3 TIER,8,2024-11-02,7.98,10147
INV716307,S0003,PARTY BUNTING,20,2024-11-12,12.97,10159
INV286859,S0011,ALARM CLOCK BAKELIKE GREEN,20,2024-06-11,36.89,10163
INV617987,S0003,PARTY BUNTING,4,2024-03-29,9.19,10189
INV506648,S0015,SET 2 TEA TOWELS I LOVE LONDON,9,2024-05-07,11.41,10095
INV290618,S0014,DOORMAT NEW ENGLAND,6,2024-01-11,18.36,10181
INV256923,S0009,JAM MAKING SET WITH JARS,5,2024-02-27,19.1,10288
INV812116,S0012,SPOTTY BUNTING,11,2024-12-16,40.64,10187
INV777431,S0018,BROCADE RING PURSE,13,2024-04-08,45.48,10138
INV825987,S0000,WHITE HANGING HEART T-LIGHT HOLDER,18,2024-04-10,10.52,10130
INV408729,S0009,JAM MAKING SET WITH JARS,10,2024-08-14,43.92,10194
INV419535,S0000,WHITE HANGING HEART T-LIGHT HOLDER,17,2024-09-22,25.21,10273
INV708290,S0019,MINI PAINT SET VINTAGE,11,2024-01-07,13.91,10144
INV943515,S0000,WHITE HANGING HEART T-LIGHT HOLDER,6,2024-01-06,43.08,10016
INV816299,S0019,MINI PAINT SET VINTAGE,13,2024-09-16,34.38,10245
INV741809,S0002,JUMBO BAG RED RETROSPOT,11,2024-04-07,39.51,10107
INV620969,S0014,DOORMAT NEW ENGLAND,9,2024-11-15,35.25,10088
INV516558,S0005,SET OF 3 CAKE TINS PANTRY DESIGN,14,2024-11-20,33.07,10129
INV726768,S0005,SET OF 3 CAKE TINS PANTRY DESIGN,11,2024-07-31,12.04,10004
INV574323,S0005,SET OF 3 CAKE TINS PANTRY DESIGN,16,2024-08-30,16.29,10095
INV267791,S0005,SET OF 3 CAKE TINS PANTRY DESIGN,12,2024-10-17,8.1,10209
INV184466,S0013,BATH BUILDING BLOCK WORD,13,2024-06-27,27.37,10225
INV948844,S0004,LUNCH BAG RED RETROSPOT,20,2024-03-09,1.87,10047
INV700524,S0011,ALARM CLOCK BAKELIKE GREEN,6,2024-03-18,29.83,10181
INV174801,S0003,PARTY BUNTING,11,2024-07-29,11.31,10106
INV720140,S0004,LUNCH BAG RED RETROSPOT,11,2024-06-10,37.99,10199
INV521761,S0018,BROCADE RING PURSE,8,2024-08-11,12.6,10106
INV777120,S0004,LUNCH BAG RED RETROSPOT,14,2024-03-29,41.42,10280
INV796338,S0009,JAM MAKING SET WITH JARS,6,2024-01-22,21.86,10260
INV451508,S0002,JUMBO BAG RED RETROSPOT,9,2024-11-15,25.96,10108
INV456140,S0017,PAPER CHAIN KIT 50S CHRISTMAS,4,2024-04-09,10.64,10019
INV333869,S0003,PARTY BUNTING,18,2024-01-21,2.66,10296
INV660393,S0018,BROCADE RING PURSE,8,2024-12-26,42.85,10171
INV958702,S0002,JUMBO BAG RED RETROSPOT,3,2024-03-31,42.6,10195
INV969097,S0003,PARTY BUNTING,6,2024-02-09,18.92,10012
INV636201,S0009,JAM MAKING SET WITH JARS,4,2024-12-30,18.94,10195
INV556592,S0004,LUNCH BAG RED RETROSPOT,18,2024-08-01,27.02,10283
INV412427,S0012,SPOTTY BUNTING,1,2024-02-23,38.3,10182
INV656624,S0003,PARTY BUNTING,11,2024-05-14,28.04,10144
INV508381,S0001,REGENCY CAKESTAND 3 TIER,10,2024-06-05,37.63,10182
INV144648,S0000,WHITE HANGING HEART T-LIGHT HOLDER,13,2024-03-31,28.72,10030
INV622010,S0016,VINTAGE BILLBOARD DRINK ME MUG,15,2024-11-22,26.46,10084
INV972319,S0007,KNITTED UNION FLAG HOT WATER BOTTLE,11,2024-09-23,16.7,10166
INV768787,S0012,SPOTTY BUNTING,13,2024-05-24,47.31,10284
INV885314,S0012,SPOTTY BUNTING,10,2024-03-01,29.99,10281
INV328287,S0004,LUNCH BAG RED RETROSPOT,10,2024-12-03,9.42,10096
INV247754,S0019,MINI PAINT SET VINTAGE,14,2024-03-15,9.36,10266
INV291912,S0006,WOODEN PICTURE FRAME WHITE FINISH,1,2024-06-05,34.66,10298
INV398133,S0001,REGENCY CAKESTAND 3 TIER,6,2024-11-09,13.02,10296
INV934496,S0006,WOODEN PICTURE FRAME WHITE FINISH,4,2024-05-24,36.77,10225
INV695960,S0016,VINTAGE BILLBOARD DRINK ME MUG,4,2024-02-16,23.82,10042
INV568203,S0019,MINI PAINT SET VINTAGE,5,2024-07-27,29.61,10246
INV742741,S0019,MINI PAINT SET VINTAGE,9,2024-10-21,34.69,10208
INV783344,S0003,PARTY BUNTING,6,2024-09-20,35.07,10237
INV871076,S0003,PARTY BUNTING,18,2024-01-11,3.32,10022
INV542759,S0013,BATH BUILDING BLOCK WORD,14,2024-01-11,37.01,10185
INV840536,S0005,SET OF 3 CAKE TINS PANTRY DESIGN,1,2024-02-01,0.77,10242
INV884330,S0006,WOODEN PICTURE FRAME WHITE FINISH,6,2024-10-03,17.16,10283
INV515267,S0017,PAPER CHAIN KIT 50S CHRISTMAS,7,2024-02-19,0.69,10041
INV442504,S0001,REGENCY CAKESTAND 3 TIER,6,2024-05-18,12.59,10162
INV346355,S0016,VINTAGE BILLBOARD DRINK ME MUG,18,2024-12-29,0.59,10160
INV680020,S0011,ALARM CLOCK BAKELIKE GREEN,6,2024-08-01,42.2,10089
INV279218,S0019,MINI PAINT SET VINTAGE,19,2024-11-09,3.59,10012
INV517446,S0014,DOORMAT NEW ENGLAND,18,2024-12-23,21.89,10073
INV893023,S0014,DOORMAT NEW ENGLAND,14,2024-05-04,42.96,10076
INV984826,S0005,SET OF 3 CAKE TINS PANTRY DESIGN,18,2024-04-15,44.16,10201
INV739016,S0016,VINTAGE BILLBOARD DRINK ME MUG,13,2024-12-10,39.59,10010
INV324909,S0006,WOODEN PICTURE FRAME WHITE FINISH,16,2024-07-27,45.06,10226
INV630221,S0002,JUMBO BAG RED RETROSPOT,11,2024-11-21,6.15,10176
INV950736,S0017,PAPER CHAIN KIT 50S CHRISTMAS,13,2024-03-31,20.18,10276
INV359870,S0003,PARTY BUNTING,14,2024-10-09,15.58,10039
INV100860,S0003,PARTY BUNTING,3,2024-04-07,8.18,10060
INV929530,S0016,VINTAGE BILLBOARD DRINK ME MUG,6,2024-04-12,45.05,10066
INV259755,S0019,MINI PAINT SET VINTAGE,4,2024-12-10,27.26,10124
INV866603,S0016,VINTAGE BILLBOARD DRINK ME MUG,8,2024-06-27,44.94,10164
INV872982,S0014,DOORMAT NEW ENGLAND,20,2024-02-02,26.65,10159
INV842650,S0010,RED WOOLLY HOTTIE WHITE HEART,1,2024-07-26,47.66,10057
INV616956,S0015,SET 2 TEA TOWELS I LOVE LONDON,13,2024-02-18,32.71,10078
INV892217,S0013,BATH BUILDING BLOCK WORD,12,2024-10-24,8.77,10194
INV648034,S0017,PAPER CHAIN KIT 50S CHRISTMAS,4,2024-11-30,40.75,10285
INV907743,S0007,KNITTED UNION FLAG HOT WATER BOTTLE,3,2024-11-14,6.81,10015
INV566191,S0019,MINI PAINT SET VINTAGE,14,2024-02-29,23.3,10012
INV828543,S0016,VINTAGE BILLBOARD DRINK ME MUG,4,2024-06-29,48.51,10101
INV707707,S0013,BATH BUILDING BLOCK WORD,18,2024-11-25,12.72,10156
INV466942,S0009,JAM MAKING SET WITH JARS,16,2024-04-01,36.85,10125
INV850980,S0000,WHITE HANGING HEART T-LIGHT HOLDER,5,2024-12-25,19.84,10280
INV829736,S0011,ALARM CLOCK BAKELIKE GREEN,13,2024-09-30,19.53,10110
INV741346,S0005,SET OF 3 CAKE TINS PANTRY DESIGN,12,2024-10-21,41.56,10146
INV439395,S0004,LUNCH BAG RED RETROSPOT,15,2024-04-14,15.75,10216
INV721990,S0016,VINTAGE BILLBOARD DRINK ME MUG,19,2024-03-24,17.5,10162
INV731603,S0007,KNITTED UNION FLAG HOT WATER BOTTLE,9,2024-12-09,22.04,10128
INV901108,S0000,WHITE HANGING HEART T-LIGHT HOLDER,15,2024-06-01,44.39,10150
INV737355,S0018,BROCADE RING PURSE,1,2024-08-15,13.77,10036
INV249652,S0015,SET 2 TEA TOWELS I LOVE LONDON,20,2024-07-29,21.44,10173
INV165985,S0009,JAM MAKING SET WITH JARS,15,2024-10-20,31.13,10022
INV122642,S0015,SET 2 TEA TOWELS I LOVE LONDON,18,2024-01-02,27.89,10206
INV579497,S0019,MINI PAINT SET VINTAGE,10,2024-12-17,34.15,10127
INV686311,S0008,CREAM CUPID HEARTS COAT HANGER,12,2024-12-17,31.08,10217
INV398033,S0018,BROCADE RING PURSE,13,2024-05-21,4.23,10096
INV302942,S0016,VINTAGE BILLBOARD DRINK ME MUG,20,2024-09-15,42.43,10164
INV530915,S0003,PARTY BUNTING,15,2024-05-04,14.8,10148
INV644197,S0014,DOORMAT NEW ENGLAND,11,2024-04-15,20.23,10018
INV662492,S0018,BROCADE RING PURSE,18,2024-02-24,49.86,10294
INV914120,S0009,JAM MAKING SET WITH JARS,19,2024-09-30,1.88,10195
INV431388,S0009,JAM MAKING SET WITH JARS,1,2024-11-05,8.75,10151
INV945365,S0016,VINTAGE BILLBOARD DRINK ME MUG,13,2024-01-06,16.67,10123
INV224012,S0005,SET OF 3 CAKE TINS PANTRY DESIGN,2,2024-03-24,20.22,10187
INV140983,S0014,DOORMAT NEW ENGLAND,13,2024-07-23,14.85,10149
INV164179,S0019,MINI PAINT SET VINTAGE,1,2024-10-05,9.37,10104
INV974055,S0017,PAPER CHAIN KIT 50S CHRISTMAS,9,2024-07-02,26.24,10243
INV100571,S0007,KNITTED UNION FLAG HOT WATER BOTTLE,18,2024-10-03,28.87,10231
INV798063,S0006,WOODEN PICTURE FRAME WHITE FINISH,2,2024-06-17,24.38,10206
INV677833,S0017,PAPER CHAIN KIT 50S CHRISTMAS,8,2024-11-12,29.95,10198
INV374634,S0015,SET 2 TEA TOWELS I LOVE LONDON,4,2024-10-10,17.71,10087
INV115276,S0007,KNITTED UNION FLAG HOT WATER BOTTLE,5,2024-08-16,39.52,10142
INV149538,S0000,WHITE HANGING HEART T-LIGHT HOLDER,1,2024-04-18,2.77,10199
INV855188,S0011,ALARM CLOCK BAKELIKE GREEN,13,2024-12-13,20.46,10046
INV916373,S0018,BROCADE RING PURSE,20,2024-07-01,32.43,10288
INV474799,S0000,WHITE HANGING HEART T-LIGHT HOLDER,13,2024-05-29,5.31,10015
INV904524,S0008,CREAM CUPID HEARTS COAT HANGER,19,2024-04-08,41.36,10044
INV797267,S0017,PAPER CHAIN KIT 50S CHRISTMAS,10,2024-08-09,22.72,10169
INV627070,S0001,REGENCY CAKESTAND 3 TIER,16,2024-01-10,32.85,10044
INV595037,S0016,VINTAGE BILLBOARD DRINK ME MUG,6,2024-07-31,43.97,10098
INV132747,S0001,REGENCY CAKESTAND 3 TIER,4,2024-11-19,37.63,10261
INV490449,S0013,BATH BUILDING BLOCK WORD,4,2024-01-25,11.93,10109
INV417735,S0009,JAM MAKING SET WITH JARS,9,2024-03-08,30.27,10283
INV512504,S0001,REGENCY CAKESTAND 3 TIER,16,2024-05-20,33.43,10104
INV685761,S0013,BATH BUILDING BLOCK WORD,13,2024-07-10,8.66,10256
INV496183,S0001,REGENCY CAKESTAND 3 TIER,5,2024-03-05,6.28,10206
INV740975,S0011,ALARM CLOCK BAKELIKE GREEN,20,2024-08-11,43.68,10043
INV430748,S0004,LUNCH BAG RED RETROSPOT,14,2024-04-01,9.62,10245
INV230950,S0005,SET OF 3 CAKE TINS PANTRY DESIGN,20,2024-01-05,16.92,10287
INV766057,S0006,WOODEN PICTURE FRAME WHITE FINISH,10,2024-08-13,39.76,10273
INV623138,S0008,CREAM CUPID HEARTS COAT HANGER,10,2024-09-02,45.09,10083
INV667472,S0009,JAM MAKING SET WITH JARS,10,2024-12-16,39.38,10110
INV726301,S0011,ALARM CLOCK BAKELIKE GREEN,8,2024-11-03,22.14,10190
INV201071,S0005,SET OF 3 CAKE TINS PANTRY DESIGN,8,2024-09-30,11.65,10288
INV612857,S0000,WHITE HANGING HEART T-LIGHT HOLDER,3,2024-03-11,14.73,10251
INV328758,S0011,ALARM CLOCK BAKELIKE GREEN,4,2024-03-26,35.23,10212
INV159094,S0019,MINI PAINT SET VINTAGE,1,2024-05-07,20.02,10291
INV195844,S0005,SET OF 3 CAKE TINS PANTRY DESIGN,3,2024-08-29,12.22,10133
INV764070,S0004,LUNCH BAG RED RETROSPOT,15,2024-09-10,8.27,10201
INV662111,S0008,CREAM CUPID HEARTS COAT HANGER,18,2024-05-06,31.07,10285
INV436577,S0017,PAPER CHAIN KIT 50S CHRISTMAS,11,2024-10-10,16.57,10095
INV712846,S0005,SET OF 3 CAKE TINS PANTRY DESIGN,10,2024-03-28,34.22,10278
INV246740,S0011,ALARM CLOCK BAKELIKE GREEN,11,2024-02-21,20.6,10219
INV443609,S0016,VINTAGE BILLBOARD DRINK ME MUG,16,2024-07-07,30.94,10089
INV169793,S0014,DOORMAT NEW ENGLAND,2,2024-06-21,45.85,10072
INV993050,S0016,VINTAGE BILLBOARD DRINK ME MUG,2,2024-07-04,15.77,10247
INV370874,S0002,JUMBO BAG RED RETROSPOT,15,2024-08-20,15.71,10129
INV341509,S0015,SET 2 TEA TOWELS I LOVE LONDON,12,2024-11-22,11.13,10212
INV412017,S0004,LUNCH BAG RED RETROSPOT,15,2024-09-27,36.72,10096
INV217582,S0009,JAM MAKING SET WITH JARS,15,2024-03-01,18.14,10075
INV836444,S0009,JAM MAKING SET WITH JARS,19,2024-08-23,10.37,10054
INV988568,S0009,JAM MAKING SET WITH JARS,20,2024-04-14,2.31,10054
INV612051,S0007,KNITTED UNION FLAG HOT WATER BOTTLE,17,2024-09-30,2.0,10218
INV230874,S0006,WOODEN PICTURE FRAME WHITE FINISH,17,2024-04-21,21.35,10016
INV821819,S0002,JUMBO BAG RED RETROSPOT,7,2024-05-02,41.36,10099
INV730063,S0016,VINTAGE BILLBOARD DRINK ME MUG,6,2024-08-06,46.85,10020
INV597480,S0016,VINTAGE BILLBOARD DRINK ME MUG,17,2024-09-30,44.54,10046
INV171635,S0017,PAPER CHAIN KIT 50S CHRISTMAS,12,2024-03-30,24.26,10193
INV305834,S0015,SET 2 TEA TOWELS I LOVE LONDON,1,2024-05-26,41.45,10058
INV292890,S0013,BATH BUILDING BLOCK WORD,11,2024-12-16,3.6,10111
INV228164,S0005,SET OF 3 CAKE TINS PANTRY DESIGN,15,2024-12-20,15.63,10129
INV972134,S0010,RED WOOLLY HOTTIE WHITE HEART,7,2024-06-16,36.58,10194
INV951619,S0015,SET 2 TEA TOWELS I LOVE LONDON,17,2024-01-26,5.53,10008
INV212596,S0018,BROCADE RING PURSE,12,2024-08-05,34.44,10029
INV406747,S0006,WOODEN PICTURE FRAME WHITE FINISH,9,2024-07-14,25.08,10112
INV564197,S0015,SET 2 TEA TOWELS I LOVE LONDON,13,2024-03-24,29.83,10161
INV717454,S0012,SPOTTY BUNTING,3,2024-06-07,11.61,10131
INV243184,S0012,SPOTTY BUNTING,19,2024-11-05,28.99,10188
INV759664,S0012,SPOTTY BUNTING,14,2024-05-14,48.6,10163
INV155216,S0010,RED WOOLLY HOTTIE WHITE HEART,20,2024-10-27,28.97,10197
INV822986,S0000,WHITE HANGING HEART T-LIGHT HOLDER,2,2024-02-27,2.89,10204
INV681019,S0019,MINI PAINT SET VINTAGE,11,2024-09-02,11.78,10212
INV657099,S0000,WHITE HANGING HEART T-LIGHT HOLDER,8,2024-12-16,35.59,10109
INV199824,S0005,SET OF 3 CAKE TINS PANTRY DESIGN,3,2024-10-03,29.93,10276
INV404621,S0016,VINTAGE BILLBOARD DRINK ME MUG,10,2024-03-28,32.7,10073
INV390387,S0012,SPOTTY BUNTING,17,2024-09-21,15.23,10167
INV859375,S0019,MINI PAINT SET VINTAGE,15,2024-10-25,18.85,10260
INV688293,S0005,SET OF 3 CAKE TINS PANTRY DESIGN,12,2024-09-08,16.77,10243
INV465459,S0018,BROCADE RING PURSE,17,2024-03-05,47.3,10275
INV983516,S0003,PARTY BUNTING,19,2024-01-27,9.37,10102
INV562534,S0002,JUMBO BAG RED RETROSPOT,19,2024-08-24,36.69,10173
INV792409,S0019,MINI PAINT SET VINTAGE,3,2024-03-11,15.31,10171
INV296640,S0017,PAPER CHAIN KIT 50S CHRISTMAS,20,2024-08-19,44.99,10141
INV115087,S0014,DOORMAT NEW ENGLAND,11,2024-10-24,26.69,10188
INV444699,S0008,CREAM CUPID HEARTS COAT HANGER,4,2024-05-16,39.84,10086
INV546120,S0006,WOODEN PICTURE FRAME WHITE FINISH,16,2024-03-22,26.39,10052
INV648793,S0012,SPOTTY BUNTING,4,2024-02-12,9.52,10111
INV769196,S0006,WOODEN PICTURE FRAME WHITE FINISH,1,2024-04-17,26.64,10043
INV888513,S0010,RED WOOLLY HOTTIE WHITE HEART,14,2024-10-01,6.15,10211
INV706205,S0002,JUMBO BAG RED RETROSPOT,8,2024-11-08,49.31,10200
INV974818,S0015,SET 2 TEA TOWELS I LOVE LONDON,18,2024-02-10,14.12,10298
INV704438,S0010,RED WOOLLY HOTTIE WHITE HEART,1,2024-01-12,37.03,10240
INV788590,S0019,MINI PAINT SET VINTAGE,19,2024-11-18,42.37,10115
INV566925,S0003,PARTY BUNTING,15,2024-10-22,2.83,10026
INV254986,S0010,RED WOOLLY HOTTIE WHITE HEART,18,2024-08-05,46.27,10299
INV317816,S0018,BROCADE RING PURSE,8,2024-07-10,4.93,10077
INV880679,S0010,RED WOOLLY HOTTIE WHITE HEART,17,2024-10-02,37.67,10137
INV885385,S0014,DOORMAT NEW ENGLAND,1,2024-12-08,16.26,10020
INV806042,S0004,LUNCH BAG RED RETROSPOT,13,2024-01-11,37.43,10211
INV227780,S0003,PARTY BUNTING,19,2024-05-03,39.47,10240
INV110942,S0002,JUMBO BAG RED RETROSPOT,8,2024-09-29,6.72,10039
INV597350,S0018,BROCADE RING PURSE,10,2024-03-09,32.49,10268
INV466542,S0010,RED WOOLLY HOTTIE WHITE HEART,4,2024-05-04,36.31,10207
INV701848,S0001,REGENCY CAKESTAND 3 TIER,2,2024-12-19,26.79,10267
INV936345,S0017,PAPER CHAIN KIT 50S CHRISTMAS,4,2024-09-14,36.0,10154
INV397173,S0001,REGENCY CAKESTAND 3 TIER,11,2024-02-01,44.03,10042
INV322484,S0009,JAM MAKING SET WITH JARS,15,2024-04-15,20.32,10011
INV831025,S0010,RED WOOLLY HOTTIE WHITE HEART,17,2024-09-11,10.68,10294
INV246654,S0012,SPOTTY BUNTING,15,2024-02-10,11.24,10098
INV634414,S0011,ALARM CLOCK BAKELIKE GREEN,20,2024-07-24,28.63,10275
INV470388,S0006,WOODEN PICTURE FRAME WHITE FINISH,8,2024-11-12,3.49,10230
INV757070,S0000,WHITE HANGING HEART T-LIGHT HOLDER,11,2024-10-05,16.43,10220
INV194736,S0013,BATH BUILDING BLOCK WORD,12,2024-11-20,47.8,10065
INV797994,S0014,DOORMAT NEW ENGLAND,8,2024-02-14,32.71,10232
INV960263,S0012,SPOTTY BUNTING,13,2024-05-02,29.45,10052
INV294969,S0018,BROCADE RING PURSE,12,2024-06-26,39.6,10263
INV206180,S0003,PARTY BUNTING,13,2024-05-28,12.68,10267
INV144656,S0019,MINI PAINT SET VINTAGE,5,2024-09-17,45.6,10154
INV609774,S0015,SET 2 TEA TOWELS I LOVE LONDON,6,2024-08-21,1.89,10140
INV671161,S0005,SET OF 3 CAKE TINS PANTRY DESIGN,20,2024-08-03,49.84,10051
INV529768,S0012,SPOTTY BUNTING,1,2024-06-24,45.75,10117
INV285691,S0009,JAM MAKING SET WITH JARS,17,2024-02-12,19.2,10046
INV368880,S0008,CREAM CUPID HEARTS COAT HANGER,3,2024-12-26,34.31,10088
INV136660,S0002,JUMBO BAG RED RETROSPOT,4,2024-11-15,49.96,10208
INV439035,S0014,DOORMAT NEW ENGLAND,7,2024-06-20,27.0,10269
INV529491,S0009,JAM MAKING SET WITH JARS,9,2024-01-22,48.78,10089
INV139293,S0003,PARTY BUNTING,7,2024-12-08,28.23,10118
INV241944,S0000,WHITE HANGING HEART T-LIGHT HOLDER,16,2024-04-19,0.91,10054
INV610243,S0004,LUNCH BAG RED RETROSPOT,14,2024-04-16,21.4,10116
INV207425,S0016,VINTAGE BILLBOARD DRINK ME MUG,9,2024-11-20,13.33,10118
INV575306,S0008,CREAM CUPID HEARTS COAT HANGER,4,2024-09-27,37.87,10260
INV720733,S0007,KNITTED UNION FLAG HOT WATER BOTTLE,11,2024-04-18,46.36,10075
INV531763,S0018,BROCADE RING PURSE,19,2024-01-23,21.21,10007
INV372763,S0012,SPOTTY BUNTING,20,2024-11-16,48.28,10122
INV697339,S0000,WHITE HANGING HEART T-LIGHT HOLDER,6,2024-03-29,25.53,10011
INV743475,S0008,CREAM CUPID HEARTS COAT HANGER,17,2024-08-20,38.38,10215
INV891044,S0010,RED WOOLLY HOTTIE WHITE HEART,12,2024-02-27,42.86,10279
INV971532,S0007,KNITTED UNION FLAG HOT WATER BOTTLE,11,2024-10-02,37.56,10028
INV242380,S0014,DOORMAT NEW ENGLAND,16,2024-03-04,22.95,10235
INV122306,S0006,WOODEN PICTURE FRAME WHITE FINISH,14,2024-10-10,48.01,10026
INV927154,S0003,PARTY BUNTING,4,2024-07-15,42.04,10054
INV913338,S0008,CREAM CUPID HEARTS COAT HANGER,2,2024-04-13,15.6,10029
INV719338,S0006,WOODEN PICTURE FRAME WHITE FINISH,17,2024-09-24,45.11,10164
INV617385,S0016,VINTAGE BILLBOARD DRINK ME MUG,7,2024-10-07,23.76,10270
INV636838,S0011,ALARM CLOCK BAKELIKE GREEN,8,2024-04-29,11.12,10035
INV897946,S0009,JAM MAKING SET WITH JARS,16,2024-08-18,1.19,10286
INV198873,S0008,CREAM CUPID HEARTS COAT HANGER,8,2024-01-05,30.45,10273
INV218192,S0019,MINI PAINT SET VINTAGE,12,2024-04-08,25.88,10208
INV124318,S0013,BATH BUILDING BLOCK WORD,6,2024-10-06,6.82,10238
INV465618,S0004,LUNCH BAG RED RETROSPOT,9,2024-03-26,48.51,10093
INV171114,S0008,CREAM CUPID HEARTS COAT HANGER,6,2024-04-29,44.77,10173
INV136543,S0019,MINI PAINT SET VINTAGE,12,2024-08-18,23.36,10079
INV381575,S0000,WHITE HANGING HEART T-LIGHT HOLDER,9,2024-02-03,1.47,10110
INV822958,S0015,SET 2 TEA TOWELS I LOVE LONDON,19,2024-12-26,13.97,10217
INV325539,S0018,BROCADE RING PURSE,6,2024-05-18,18.88,10106
INV981001,S0007,KNITTED UNION FLAG HOT WATER BOTTLE,18,2024-11-25,4.23,10047
INV606169,S0019,MINI PAINT SET VINTAGE,20,2024-06-07,5.39,10181
INV251202,S0004,LUNCH BAG RED RETROSPOT,9,2024-10-05,47.63,10064
INV715914,S0000,WHITE HANGING HEART T-LIGHT HOLDER,18,2024-08-31,7.98,10246
INV368183,S0012,SPOTTY BUNTING,19,2024-07-27,10.63,10244
INV491322,S0005,SET OF 3 CAKE TINS PANTRY DESIGN,3,2024-09-10,42.18,10087
INV294534,S0004,LUNCH BAG RED RETROSPOT,10,2024-01-08,13.62,10217
INV280765,S0006,WOODEN PICTURE FRAME WHITE FINISH,14,2024-02-21,5.84,10007
INV154125,S0019,MINI PAINT SET VINTAGE,2,2024-04-08,15.62,10278
INV552587,S0016,VINTAGE BILLBOARD DRINK ME MUG,4,2024-12-18,19.38,10210
INV597959,S0001,REGENCY CAKESTAND 3 TIER,1,2024-03-17,27.53,10169
INV828192,S0014,DOORMAT NEW ENGLAND,6,2024-01-29,46.75,10138
INV916878,S0004,LUNCH BAG RED RETROSPOT,2,2024-01-17,29.93,10230
INV509913,S0007,KNITTED UNION FLAG HOT WATER BOTTLE,14,2024-03-10,3.97,10161
INV306143,S0011,ALARM CLOCK BAKELIKE GREEN,14,2024-10-05,29.38,10001
INV455429,S0000,WHITE HANGING HEART T-LIGHT HOLDER,15,2024-08-31,30.44,10236
INV162843,S0000,WHITE HANGING HEART T-LIGHT HOLDER,4,2024-09-10,12.55,10188
INV936702,S0010,RED WOOLLY HOTTIE WHITE HEART,19,2024-01-07,1.79,10004
INV326689,S0014,DOORMAT NEW ENGLAND,20,2024-08-24,4.93,10132
INV786134,S0001,REGENCY CAKESTAND 3 TIER,15,2024-03-28,8.43,10218
INV314112,S0003,PARTY BUNTING,18,2024-07-13,28.54,10260
INV595571,S0016,VINTAGE BILLBOARD DRINK ME MUG,3,2024-12-01,19.8,10001
INV294655,S0004,LUNCH BAG RED RETROSPOT,4,2024-01-13,40.31,10071
INV431573,S0008,CREAM CUPID HEARTS COAT HANGER,9,2024-07-27,39.72,10178
INV216349,S0015,SET 2 TEA TOWELS I LOVE LONDON,19,2024-03-26,27.58,10189
INV596984,S0002,JUMBO BAG RED RETROSPOT,1,2024-08-20,13.21,10291
INV526835,S0007,KNITTED UNION FLAG HOT WATER BOTTLE,2,2024-03-15,41.34,10008
INV407375,S0009,JAM MAKING SET WITH JARS,5,2024-04-04,18.35,10253
INV779420,S0002,JUMBO BAG RED RETROSPOT,13,2024-01-08,7.63,10292
INV325101,S0005,SET OF 3 CAKE TINS PANTRY DESIGN,19,2024-05-18,37.89,10244
INV868153,S0004,LUNCH BAG RED RETROSPOT,1,2024-10-25,13.94,10123
INV936591,S0014,DOORMAT NEW ENGLAND,16,2024-04-02,19.1,10299
INV318359,S0000,WHITE HANGING HEART T-LIGHT HOLDER,6,2024-08-03,32.26,10283
INV431146,S0011,ALARM CLOCK BAKELIKE GREEN,4,2024-04-25,46.19,10032
INV528841,S0015,SET 2 TEA TOWELS I LOVE LONDON,3,2024-11-29,23.55,10146
INV855184,S0009,JAM MAKING SET WITH JARS,18,2024-01-13,48.54,10156
INV383480,S0004,LUNCH BAG RED RETROSPOT,12,2024-12-20,18.27,10016
INV467793,S0017,PAPER CHAIN KIT 50S CHRISTMAS,4,2024-07-14,2.33,10047
INV211464,S0003,PARTY BUNTING,19,2024-12-07,5.97,10251
INV709686,S0017,PAPER CHAIN KIT 50S CHRISTMAS,3,2024-03-28,40.37,10187
INV524257,S0017,PAPER CHAIN KIT 50S CHRISTMAS,10,2024-11-06,40.22,10031
INV367700,S0013,BATH BUILDING BLOCK WORD,16,2024-10-11,21.68,10260
INV807227,S0016,VINTAGE BILLBOARD DRINK ME MUG,14,2024-03-05,11.09,10017
INV161643,S0012,SPOTTY BUNTING,1,2024-09-13,26.51,10039
INV578346,S0009,JAM MAKING SET WITH JARS,9,2024-01-13,25.8,10039
INV559613,S0007,KNITTED UNION FLAG HOT WATER BOTTLE,18,2024-02-15,48.85,10132
INV699667,S0003,PARTY BUNTING,2,2024-09-08,14.93,10030
INV236974,S0018,BROCADE RING PURSE,3,2024-08-11,15.39,10158
INV523272,S0001,REGENCY CAKESTAND 3 TIER,19,2024-09-27,46.7,10278
INV512130,S0006,WOODEN PICTURE FRAME WHITE FINISH,20,2024-11-16,6.83,10203
INV923575,S0006,WOODEN PICTURE FRAME WHITE FINISH,11,2024-04-27,14.29,10066
INV634628,S0008,CREAM CUPID HEARTS COAT HANGER,14,2024-05-18,22.73,10108
INV628660,S0001,REGENCY CAKESTAND 3 TIER,6,2024-03-01,11.59,10268
INV530145,S0016,VINTAGE BILLBOARD DRINK ME MUG,11,2024-05-20,21.87,10222
INV849119,S0004,LUNCH BAG RED RETROSPOT,1,2024-03-27,3.76,10292
INV308983,S0005,SET OF 3 CAKE TINS PANTRY DESIGN,16,2024-12-17,46.97,10018
INV115251,S0004,LUNCH BAG RED RETROSPOT,12,2024-06-17,0.57,10090
INV898346,S0006,WOODEN PICTURE FRAME WHITE FINISH,7,2024-01-02,3.52,10181
INV675189,S0000,WHITE HANGING HEART T-LIGHT HOLDER,17,2024-07-11,12.81,10255
INV879906,S0009,JAM MAKING SET WITH JARS,13,2024-08-20,12.34,10253
INV741924,S0003,PARTY BUNTING,1,2024-01-02,26.05,10257
INV905430,S0018,BROCADE RING PURSE,19,2024-02-16,6.51,10087
INV525925,S0003,PARTY BUNTING,1,2024-01-12,29.19,10090
INV503159,S0002,JUMBO BAG RED RETROSPOT,19,2024-11-17,8.04,10237
INV245609,S0007,KNITTED UNION FLAG HOT WATER BOTTLE,16,2024-04-13,46.72,10070
INV805958,S0018,BROCADE RING PURSE,18,2024-10-22,36.47,10044
INV146902,S0019,MINI PAINT SET VINTAGE,13,2024-01-05,27.32,10200
INV414784,S0010,RED WOOLLY HOTTIE WHITE HEART,18,2024-02-12,47.17,10152
INV545914,S0017,PAPER CHAIN KIT 50S CHRISTMAS,16,2024-05-12,19.73,10086
INV153123,S0001,REGENCY CAKESTAND 3 TIER,1,2024-11-01,40.89,10019
INV640069,S0018,BROCADE RING PURSE,9,2024-12-16,11.35,10101
INV224508,S0013,BATH BUILDING BLOCK WORD,4,2024-05-05,47.68,10095
INV200790,S0002,JUMBO BAG RED RETROSPOT,17,2024-02-13,16.26,10254
INV682270,S0019,MINI PAINT SET VINTAGE,12,2024-12-21,13.33,10030
INV248396,S0016,VINTAGE BILLBOARD DRINK ME MUG,19,2024-06-07,7.93,10249
INV298298,S0000,WHITE HANGING HEART T-LIGHT HOLDER,9,2024-12-06,1.1,10033
INV313336,S0011,ALARM CLOCK BAKELIKE GREEN,11,2024-05-02,14.25,10229
INV131427,S0013,BATH BUILDING BLOCK WORD,15,2024-06-13,19.07,10012
INV736705,S0018,BROCADE RING PURSE,20,2024-05-08,14.53,10118
INV524067,S0008,CREAM CUPID HEARTS COAT HANGER,14,2024-08-14,7.84,10155
INV200129,S0001,REGENCY CAKESTAND 3 TIER,2,2024-10-08,7.33,10246
INV949465,S0000,WHITE HANGING HEART T-LIGHT HOLDER,5,2024-12-27,38.61,10247
INV822173,S0002,JUMBO BAG RED RETROSPOT,17,2024-03-18,46.07,10029
INV638274,S0007,KNITTED UNION FLAG HOT WATER BOTTLE,15,2024-11-01,46.16,10161
INV101183,S0009,JAM MAKING SET WITH JARS,5,2024-07-19,7.47,10235
INV463489,S0016,VINTAGE BILLBOARD DRINK ME MUG,17,2024-02-05,25.1,10190
